path,label,source_sha256,sha256,normalized_sha256,split
/content/section_01_workspace/data/raw/spamassassin/easy_ham/00837.d989d85087fd0d2297bdfc4c4d9039fb,0,317ec12088bc1e78f3364bab7a7164465c47cf4af07df4734573c9eee7a7099b,025ce84a72e5feb60a524596ac51aa3c40f965f75446a06096c76f0f10e01887,dc399fbd01ea5fc94726ea1460d1a27ce235bd39f603cee9c9ac3a967ec7e79b,train
/content/section_01_workspace/data/raw/spamassassin/easy_ham/01462.0c2d54d028173cebcb091842144d268a,0,468d39d1a1a9a8b4511bde3665a6081a79be12898e9b61dc0fbb108bd9226232,4308d7e70094b2957678a35fdf1d67a8f284a1afed62d216973a70fc3d6e00dd,632a7160aaa446a5df2ccc624ef3d953150598b186536096de1ccfd5897f80a7,train
/content/section_01_workspace/data/raw/spamassassin/easy_ham/00939.e48ae1c641ef0958595719db1befb0d9,0,4402688f08973c04a4ba9d9b8a9996ecc2841b8b4f273d885482d9bd17f1513a,172819606a630e2a6636cba4935c69b42e880e555feea279b33bf275c2438fa7,d4c6188817f643da550520a1e5e15486154c6b8bd866621c8cdf677a99770eae,train
/content/section_01_workspace/data/raw/spamassassin/easy_ham/00757.0c98cd042bf54bed37dc526f0b57bf26,0,51d41ccc7e33299572ac42b9891329ccadfe3953b4469e2c48753d739f62c252,05f93844c4fbc7956fc5396d400ae5b064ffcd04ad2281edd7533a1d0d47ba38,3bc4bb6be517b9cc233475df35b36108453c20d13fd35e4faef24dd6d5160394,train
/content/section_01_workspace/data/raw/spamassassin/spam/00047.0d7a240951e460b5884a8886ee64a8c3,1,a7a8770bbb282a9dc419f8ea5f710d48481f52f43fc70d2f5ac3141feebd8600,3795a8f3739d7449ac36728a351ba0151a4f526b6c5b0105d4335f10f7705c46,7ec8a5ef8aa32540232096c070ee95cbb76aff34265961ba3a27871b2975fa48,train
/content/section_01_workspace/data/raw/spamassassin/easy_ham/00012.48a387bc38d1316a6f6b49e8c2e43a03,0,58cebad0308d036b2cf1f31e79a1d719e5f2626747695e7457bfa82749780fbb,abc74d1dfe028f420827a631ff18a394c541b8e2b5f18a0432a56451f60c660f,da8d972e022a8b25d9cc86d329d270cdd6c0908d605e748ed0eca09f6f36aae0,train
/content/section_01_workspace/data/raw/spamassassin/easy_ham/01633.3eb28763a8b55952e8050cbade5daa49,0,9433ad38ae3253e3b1140785ee6830d11dce16579c76657e5d7479da5d15fc47,4494c18fc80eed85cce33d641d07286983e1f176a331a454b0af2735c889ec4b,787c86ed8c733c5c4d36a8b8c7a54f09d8fe77d41dc5af02da43409612d5907f,train
/content/section_01_workspace/data/raw/spamassassin/spam/00248.b243bca51ee69d6e428ca2f45f0fe41b,1,bfb3f69f4085fd2b3dad0d0e8e40dc46a8e3b789f65aa5535f38fe09da7c00cc,79d225299b80b40b3e337db1526b094fd51c349f520f143d18cff017bea34e51,b1ba4708f52a12643fa30d795e43f9fa084ba9bca871528d34c2612daf350d14,train
/content/section_01_workspace/data/raw/spamassassin/easy_ham/00634.3215eb7dfc919ae5ca49520f9fcd43df,0,a6b74e2c51c719c7728113a9560db4de0abc20907160218291ec4f4dc0afdd8f,706aeb70fa709725e1d193b9bac022d7922536d1d9a3296dc794918f03d9ad20,290b1cbe4846f221ec371615eab32e43fbf41985600567332db5d77c584227ff,train
/content/section_01_workspace/data/raw/spamassassin/easy_ham/01059.f40b9601c05badff9a3f39ac01660d12,0,1f5f6ad989960842240a54ab5cbac6b8d1c51bb3726c17315acc94836c93642e,bca83af36e787baa35a573e0eacef5bbf13e1b177b1bdf40ab86218a243caecb,16d79356f77e54baeb3b87442e3b799eccd51188489612683c5e67ee61189d14,train
/content/section_01_workspace/data/raw/spamassassin/easy_ham/00734.e37922bdfd9e3246c18322e4b07a4b23,0,1f31c4dbee1baf4f30e5ccc3a5d9ea6e6af5f05c68d4068fa2f28a910ee1a17c,4e0bc4d1d0c42bc72e3bbe2b693f91bc862d022f221e07fd711d63725bfed812,9a0fd22f247764391b47e28aace012b4766ee51bb4e218c79e08cf03f09b6f97,train
/content/section_01_workspace/data/raw/spamassassin/easy_ham/01290.41e79a15cd074594f220dfaed53d51aa,0,9ea9e3b2dae225c1d42afcae17f01b2e25d0673921733dc59480af6aa0613f5e,82d66b8a10cc933ea5ec3f4f448d3bc1177728fa3a535510a309b97352c0a306,690729da1a17eba5ffd8ceb2df6fe5b35dbeab4453c35e309986b9a013983be9,train
/content/section_01_workspace/data/raw/spamassassin/spam/00445.94d3ccfafc541255ff46625091d333e4,1,7ab728181a2ef5502a9609cfa1e4254a283f9d5ce0b9a1e1c9b844b41e2879f7,75ba5a6a81d315d68d0e2101fdc08bf239f22e4af8e4df114c3ded8b096b13f6,8fd7c0d656efb3b0c7aff2f6a45380568402672721f07023d04b8b1a953384a7,train
/content/section_01_workspace/data/raw/spamassassin/easy_ham/02172.f45a282de760a30c7f201e6dc79aeba5,0,798561446317daf62ffee6d3962a4dd1d26480dac8138887774d40151fa9f5a7,c5d8bbb935b2f9c50dca2df056b247e221c63e09cee2b52cd8f4a524710bca9c,468ebeda137945b484794d8353907545f2b9f466a7deda5f5b590bbe6de23937,train
/content/section_01_workspace/data/raw/spamassassin/easy_ham/01111.2f7361f87bcf1782c2f7622d92c6bf7d,0,bb512a814d8c5b5cd369989adeaba44781a93d12695f2e2ec5da63b0c48de845,ec117cc528cd485388af896b0057e3918ec32278101e109c23ac30eb20801c99,92dc8bcbd9fc90c00f79f33b8988c9fc5f386addcae98930cc73495a2e4464da,train
/content/section_01_workspace/data/raw/spamassassin/spam/00064.65b95365450ebe5eef61e7f1c60edc5e,1,50f819ac0a342946ab8b0b4cb53b2ccdda664fabe4fe1dd2dd7ff56a99467242,b7f3e160e3067da384a78506e33afe9e8745c92c0fd804458e7d4b16bad4b6af,5598d7b8a25cb459c61a62f0553c4e00d126c118c301ef4876bbaf2268df612f,train
/content/section_01_workspace/data/raw/spamassassin/easy_ham/00522.db4b857b35a54049c2dc88b2516eb1ea,0,6ede070d4a8bb89a2ad846052bd2de85ddb10d1f8695435c6a9fa117a62c0c61,71adeb6160bdf165b2d914b949b36a427374cff377711c8bd46ae97ed56d12d9,0556f8b04665147604169d2516c4cfcf38236a9a73fcd7e379ab70914bec7a02,train
/content/section_01_workspace/data/raw/spamassassin/spam/00292.dbf78a2aaa230d288eb80ab843804252,1,538709913c367d146b247a46d9e519ae378f05c2835fd32bbe99ba848140fb1b,fd00204285c9d39fa06a579255f06b640432387e468eb17bdd7b8f2881e49715,5dc4d24fe92acec7b0b16e344c1315d0fac26fb083c82aa9113006e32f97a536,train
/content/section_01_workspace/data/raw/spamassassin/easy_ham/01132.2755d7d8107be0b804bb1f3f5ce29e83,0,ee41cdef1543a6ee1832373eb790867bfe8bda5b9df49271cc5e6556f4db39b2,ae958fa7bb92e1ed9027f5e3b7fa90db9b44c8bfa2b5c13f45485c0bc87c4d69,b169a95ff8117785bbc56b369b2d111fa208547e014628050dc42c53e06609ff,train
/content/section_01_workspace/data/raw/spamassassin/easy_ham/00139.cfea5d726c0371fa63c9720a291ca9ad,0,82f3e70b9719ddd23f0b905386698b267784a8dea9af7b6872b4a0b841711396,4f22c9bc7c96838b0b7100f0f198a24ec0da78b59c7322388039401d6d7a602c,d56a6ce87a4377a2369b618a1d734c0b94d08fa4b0160c29c19cbc2e3fda1f5b,train
/content/section_01_workspace/data/raw/spamassassin/spam/00269.e85c3ef79a5cf21ee1ef7b8df17760e1,1,c4229736a915438f62bd57f1fbbb9b51e56a4f37900718804469253b2acecd33,9e85c278fb19d28cd0127ee0aeae0615f7e3328d1b1bd6c27073d5dc7600db26,252391d2c23520eedc53c2cb60e5df8e8b40d53d691284cd3dd67c44a0776fab,train
/content/section_01_workspace/data/raw/spamassassin/easy_ham/01063.ad3449bd2890a29828ac3978ca8c02ab,0,b4aa7ead1f16a30fde3b6cef33e832813527a63ce2c3b5af4b6cfa5032bbf2fa,acd625e31bb9b62a6f16bbf48a89edc8bcdd365f6a20c278382952333ae78b45,70a2097e4f47fca0877d6d4d563de6b7fea7b5c0501a906eb1142689912433da,train
/content/section_01_workspace/data/raw/spamassassin/easy_ham/01510.08454da046a34bf7a209a3f3957066fa,0,ac14630cf0df887eb5057dbbc4a53ee85594b16a9400d31c22b49634f56fba5f,05f888b3301ebc30b45ebabd73371e1c6998a18a97a473a6d736cfdfaf3a2dd0,cd9778b67a27b634148b9a59707209610006fd609c70cf46373538882a0e7ab8,train
/content/section_01_workspace/data/raw/spamassassin/easy_ham/01037.6b42b5f3d3d9e6293bf24af66b250655,0,d2ef5377ba1a5cbfadf7372f2eca966c2ecfd5202e8f3906231787e25330b525,3b45f4c99896cc8ead5473ac74ba2b8e651e6a59d15134f07db68a93348fd0c1,2994594c757fe9f7d9b13b42707e51e5a944e43d369295f4f9318ed55e474b47,train
/content/section_01_workspace/data/raw/spamassassin/easy_ham/01550.a036d340bdcf122c8eca891557d50b51,0,00f2413a5421b49a00ec17f35696d9ffa08adf96e0a5b648071c6dfca28df410,e9d474af8fd978015b70ff0bd4f84d2814dfcc48b3ad851be943471b86a86642,200495cd5e3489b753159f71460e979ea4016a2093eb7a0eed66309c02f6304e,train
/content/section_01_workspace/data/raw/spamassassin/easy_ham/02379.dc53ca4837452561724dbf9afd8a52b9,0,dd75fae14725cb68066757fcdd7d1a0f6abbf19ae503359a24959b88d0659e2f,fa9e310b30a07395d17c806b6a9566ce1bb3449ad8effb12d1d7d3ce62baa140,791907896380064835098ecd8debbb30be565666f1e2cf06db5e4e83c077098e,train
/content/section_01_workspace/data/raw/spamassassin/easy_ham/00546.30fed3b8e986dc41b1865b9285e84e56,0,a80ed823c2fa4cb9cf2ab9035d3742f8601963a376fdcf7fdf1546147862c9fd,e97e5566e17c5f859edf24c8dcd2e61b98327d2fe79183070defc8b27e9fefe5,cfe2e0325d348e0b723fb3320700e29f37035efaa775df6da074f0ec09fb0e9d,train
/content/section_01_workspace/data/raw/spamassassin/easy_ham/00527.fe739430917f1facd61acbc162d71970,0,f54a1017b37335fed2e74b18fd892dbdcd8fe81ed59ed0efc67c3fa8a64f3e66,8b1899bfc6a455e34f328358b05960acab2501d024c1037ab01b691755a0f743,42216915278d19ed4aeb13e9f8b1c9aab14e9a54f852e289991506a02e0ca0cb,train
/content/section_01_workspace/data/raw/spamassassin/easy_ham/01402.602c05e4bdb1f3e4d293f3f9f5a7baad,0,974aac4ec62926192c9a906b62327b4faa108a1b7c3ca33442c6f9464524954d,ef88387e2ee96d7fbe45310eab3d3cb7a1580272f55637c190b22031b60524eb,680ef77f009b0d490bfa7a7a7a98e9c844a8d422c43ebd1967054a1838f87be1,train
/content/section_01_workspace/data/raw/spamassassin/easy_ham/00307.a2256465cea488cb0ffe6da0a2b0fb07,0,1b7888e3ff4d6ebf4a14e016cc62fa1b247e9708ef099dc4c9bd75f67a6f49c3,c74c4bcdf3d979d3112bbe63353f80fe435ec7f2057c13993751b0477caad5b3,237e0c45b59f667cc06f4692e5127e0ab622cd442f221b030155e58aa0679943,train
/content/section_01_workspace/data/raw/spamassassin/easy_ham/01301.83b3e0f947cca0c2e3f5cbaffd2772eb,0,37d5461a77446655399ce481ba5014daa3b120caf6ad45b2c5cc585425d7fadf,89b3d59ab7125bd461b020ccf89d3433a18740571cbe4d1ad2921d567026d92c,6f6dd033f31a972767067efcababfd8fa1f3763be37fa00f6590b14137a8ca4f,train
/content/section_01_workspace/data/raw/spamassassin/spam/00240.2ff7f745285653a238214d975859406b,1,5f26e940f227c24d5c80b354dd3e312aa9db56c58abdf611a4699db8a6b586b3,095c7ba832fbb21f0bd108b2041eb6afe286a4ef2435a4e7aec7e3ee38d14d63,70dea780478f638a2350bfe422d4ce9890f4bdda20c91818c98c663e2a023108,train
/content/section_01_workspace/data/raw/spamassassin/easy_ham/01042.5379f7151fef6cce3e2638aee3b193fa,0,af6e40038467e63b3c59b16d5a1ea8dfaf5800926cd410f84337bf2940d0c1df,e1ec6c5e0d07ac84faf709a420bf2b032269ab60a5557a6c7e33a24cc134d6e5,75491b97bf97f7512c753ee482d3a45e12830ca50aeda02e47231a645684ef45,train
/content/section_01_workspace/data/raw/spamassassin/easy_ham/01654.ade7f371dd3f7c4393baf201b803755a,0,ac3f25100244460181728e70a848ed046bac79b9d47e2b8f73c24ff7f69543f9,9119b51bff883b413b86110833b4851a102c220fddd0772f4380bd75af90a310,1b21d908d3e669d97b88b487417e33ce4da0816d45c6b25aacc31e8b3cf229a8,train
/content/section_01_workspace/data/raw/spamassassin/easy_ham/02061.22bbc22474fdf08ca2fb5d8353675730,0,3d4cfbcd245cb8908da6f8caed4e1b13129580876e9cf0acf49e409350b05a9f,cb47fb074f491b1623b01808ec91ed96ca0af4b97222dbc79b123247adba276d,b5843e042b5bce2f8cfcf624e52bed9b014083af3756bbeeea9d43c2fef360f1,train
/content/section_01_workspace/data/raw/spamassassin/easy_ham/01116.a2298fb07d7033a5448f96a375884930,0,1853579ca7c435cc28dfc93a8445156c6e70504af5bed4062d8729b72ffd8a79,563c6ceb26f42136ccaa5af926ef216269a094ce8e8a9af48660b90a32204f2b,13a859aa0c725527ec9fab5e02794474943018d5d9ffdde0017e033950bce7de,train
/content/section_01_workspace/data/raw/spamassassin/easy_ham/00678.28c4d8cffba35f7a4fa077efb4836fc0,0,b2026d7daabd1fc22901442480b2209140e0ed67d1131f9e74cd6db3f1abe09f,09ec37d7288171079c4a388393c0c6742b603ff248f1fc59f8880d207a23ab13,d14ce2d471eb7508e6bf26a5907b2c1bd24091a34f9f8819c4f459f71c7e7990,train
/content/section_01_workspace/data/raw/spamassassin/easy_ham/01133.d9329be5511d9ba5af54e36ce4cb3777,0,1e215ac0dcf314d9d304be358f9f0654e3c982782ea38940392d2dd93ed309cb,fa9fe375a2aa5d13932769f2a9ddcd2242392eb6599a4ec08cc57e7c0d547a96,410dfdc352a646c05e97c4a0f478cc7fffadaaefe4ce42892acd589002af791a,train
/content/section_01_workspace/data/raw/spamassassin/easy_ham/01165.5c0ba98485fd4a2e53286b852d62c1b6,0,6ee71ecf9ec284ec04a1ac76cda886c1e7001aebfcd21d075501573d9f2facc2,1a065572a119207f70127f3eb070c5264f895b3542ccf7113356f1deb195f990,ddea3d6950019cf8f223d0f562434a124151243447018814a4b0b533e33a3a12,train
/content/section_01_workspace/data/raw/spamassassin/easy_ham/00621.2b161b5c7c09b45b568c1982ed49a008,0,de7719f2e12304de1b011c22a57a2b8a4e1204ef7509618e447bff8a8eb7572a,f2f44b41e29707e01b6cbc837804dcfeb62c4981e8217baa6a6465410d1859c9,db69319bbf5a0f9ca1b40f5dc628ca1514d396552130d0892363b85d4c8387a8,train
/content/section_01_workspace/data/raw/spamassassin/spam/00383.1aa9a8211d1de540d6e3852e230e5a9d,1,d55b2b0f499125245c1c1707f72d7ac84ec4794cd920cfd1fe2effef02c32465,f3fc4fef42434827a9f8a6112ecc4555a96e33d57d5659b0b2cb31087a5013ae,e76e2b01c7810cc8e2ad513e42069f9c65f733d9cb290f628ce9c46a91153d85,train
/content/section_01_workspace/data/raw/spamassassin/easy_ham/01736.c66fbc9c72afb9ea062537d3635d1d6c,0,32f43a254430cce7081a89ffa78809644f66d1d8eef93dc2915034c848fc1183,e2528d6fc47269cc24ffd6e41706f177c40fb8c523e1311c85eb3e2b553e4759,8159525d8f3eed14e00616129a5c4bb9a93f9442f6cfb717617ddfe5c9ddd454,train
/content/section_01_workspace/data/raw/spamassassin/easy_ham/01096.0ecf28b2697d77f7039d82f8838bcf8d,0,af9086f28383d7c0aa298efa3a1d621dfb2fe1def5d6ed3e9174e94047c315bb,bfe4918e0e3d15cf46a08d567c67c56c2dccfe22fc3b07b0327666e0be9099e7,a799b94d89cccb3e8ea79b7125570bbd98e1bd0325aa6a65e0e132e6a4dffbca,train
/content/section_01_workspace/data/raw/spamassassin/easy_ham/01571.a12d989267cd61ed856ebc41cc9075bc,0,54a910ca8e97368df3bcf52f4bcb31c8034d11ee716fbc19c5e493ae87792bc1,8a928d3b81d2389cafc326ae352a635f802988cf63162080aaccfad70293e2c9,f337ce5488ccc3a16b2d859fb7c27805112c700b68aba44e5d4c48afc2785348,train
/content/section_01_workspace/data/raw/spamassassin/easy_ham/01485.4efa6516427c6184adbb4f559ee84055,0,c4490b243c5724174c78a00148b32659c22b0c4226229265bb5ae5d0c809e8a8,baaad3b9ee9c99179703ad287692db662e40b8e4468f0814e5e33cb91c7de00c,40799b971c0b3055fe7c78f498ac787159d7d19a644a7f3cd25b9b57a10a238f,train
/content/section_01_workspace/data/raw/spamassassin/easy_ham/00903.49d4e076baf5a4d6272fa9a4e510dc5b,0,21c39a606f278487aeb900ee027191ab4b61db5bdd53a230b95ac262cda577b8,602e18c70b1e52b9889a00e93f43850efed73375f72fc1754a0f4a20cda7be9f,7078c93676e6245698bb24e4bb37df75683211a116bb09a7c0a5d3063ef03b25,train
/content/section_01_workspace/data/raw/spamassassin/easy_ham/00106.d8f1a8de1b70767b3dbf5ce810da67fd,0,1a2e35dfa36100fc2913a0bd2f468e894bca70c10343ab88df51ace837e534bb,e3a246d5b11e2275d923018892ac52e78be8ee73b0e45b2804078a1f6e79a8d8,6f3eacb784cb7646941bf07f0a5324016e626990352afc9028be6664c17f2caf,train
/content/section_01_workspace/data/raw/spamassassin/easy_ham/01754.8fbef0589564bb19c088156227772fb9,0,acad795032ef494ac21ec2e2f6bff0c039aff9d1a4fed8920d582bd370ef6745,91d2e878d66f00e4654683233ddacd404b91ba9fa24f6e714116570881912890,43e0eecce935cbf9694893a375a7aabe6c3cff30a5da9f4a5919edf66eaaac88,train
/content/section_01_workspace/data/raw/spamassassin/easy_ham/00764.13a2828e7c0475a4d67413331b3f7b2d,0,8f63d546b441ecfc025d29e29eecd995806e62b06ffa74d69267761cc0435966,bd7faf91200430d00d8157877aaf9da1e1dbe3b9874d0d26898cee30607aa41d,9db56af7c3d956d6dff90cbfeee80d6cd550b0058c7f7e1d1180e2d7a876db20,train
/content/section_01_workspace/data/raw/spamassassin/easy_ham/01151.a454cc33dce527bedd70cf42cff5f079,0,6abf1e4041b269be166ca0fe03b10637006cadb86359f6b247754ae59395d950,d1e3f4847752701481765fcddd5aee449c081d1b47921b46aee055ca97ce7d2c,5c4cf54c56b5007c84e3b66641fc583cdfc31421588d896a7e96ec9cdfd6c59e,train
/content/section_01_workspace/data/raw/spamassassin/easy_ham/02119.b25cd2dcf356da11d164e24384634f4d,0,795bb5b6c9da97a6439783da404922088936e81dbe2146a55913ffb068f2ddce,7c256cce15e20b4860fcc41ae4c21cdb4fd1f750dc4f8e1bc21956442f76b76b,a722a1e98bd938f41209e95f3d3996a19df694eadbbc9eb42599d24517955fad,train
/content/section_01_workspace/data/raw/spamassassin/easy_ham/02213.c2bba9fc586632714938a0bf1180b74f,0,42c4bd811b859402016eb3c8718413abf4f8a281cf4ee034d1d2406d77ab4a8b,8332889769bd1c78ba05eb8010ce24cfc2235fccadf8d3742ac4d4175ffe332e,7d500e3ca3b22ec71ce6ddececf4fdc877af45d54ea2637ffe0a688bb58cf39a,train
/content/section_01_workspace/data/raw/spamassassin/easy_ham/01845.7d5cdeb25bed88bfefaeb8c1e01681ca,0,63acd37cc03199cbf0044e960e7e8f2f4726c50f0e0ac215700a09dd56e0283f,eadee35e310b6ed2fb7c40d35536556a29956aa50de84a33c84ae10166208b2f,aeed5845f52938482379792cb1b825b9a7f6760354c1de7cf794c0522cb6319d,train
/content/section_01_workspace/data/raw/spamassassin/easy_ham/01606.cf1844a356849ed8cdafb12185afd52f,0,2d5137c64d041f3d1a7702e2ee3b1068bd84a2a8e9a2b45f7d44c33996fd7880,d40cc657a18fd8d8883b5fbb019b5aaf3a506c3a33c7848e679d729ad96187ff,7099556f881d5ea3bac297f3bc256be07305c6e3f374f6e47b2ede9fc442812a,train
/content/section_01_workspace/data/raw/spamassassin/easy_ham/01452.05464b6ef101be1f2f10809d1577d630,0,b93dc2e017af8232b92f162094826048e09466ac73e75458b0c77bc04fb1719b,9ee8a4c3645b4301d15744dba3d6e1c53815b7f165ce9cef8b487004783be42c,2e24b106411db123c0537ac46124535bdbec9a40bf153c6b5d38c5da9ee4f748,train
/content/section_01_workspace/data/raw/spamassassin/easy_ham/01983.c86e755901d631e96568bd63d3d42b34,0,339772614682e701226413be947e8999dd5d9e76811909d92c5ae4695850ac68,fdeec959e569ad0f95e06b7305cf2655cc004088494f1196b7be5f43cb1847b0,8e760b49cb7bf5278ac08e5681378c0a128d40acd5cb7d6b91b937639b3174fd,train
/content/section_01_workspace/data/raw/spamassassin/easy_ham/01164.2736b1ea833f290333e168efb0c356f4,0,c473cdf2c41cb4d526009d333afd98fb454eceb69ffb3f8c725b20f599ec77e1,d6fa20ca5979bf7bb66e82259c8e5920a0ab531388e56f3de5ac06591dc8e522,278e3e407ff2b0a221def239ea93030081e42e8611427bdfdef18153012a92c2,train
/content/section_01_workspace/data/raw/spamassassin/easy_ham/01192.bf5336caa5be79062f70233fa759a1b8,0,67265f319a4177b770fe80e67eb4fcb90dca688918fc5789d8c59a73c4f74a0a,96163b0b06f4444e8960678a14475bc97771e97563fc977279fd69bb27938653,2130ca91b3a424ccf332d4d1a24f5b210523de86f4a84aaa81b8f88a5d65315c,train
/content/section_01_workspace/data/raw/spamassassin/easy_ham/01718.049911b67a0ff546e80e2acc6bcbe6ff,0,ffb3f19744664f3ab5eaf29bbc344b7c5ba2cc8801a4b32519471e3da16b9f9f,a96126ac6ee85568e8d100dd5aad784493938e777b62bcc04d807b7439a01226,0f99c20eefa187854d248873e76221f318fe21d8f9481585d2185e753c30dbeb,train
/content/section_01_workspace/data/raw/spamassassin/easy_ham/02407.204ec9176022e4c98300ba4f7c02cb7b,0,8b9ca31fbfcca5574a8adbfd3a511c565c2206a0d1260038dca6aa4c1be7c633,921c9aab79c9b3fa55a45d2ce0cb115436bdcbe26847f5787e14bcea6cae2874,245407f186e10ead7fb82edcb4efdc02143fc17702e995e62fb5c1b32b6bed3e,train
/content/section_01_workspace/data/raw/spamassassin/easy_ham/02174.972ad84526db8315392111259bd7eec1,0,d836a324f9a3a46f1f2ce1ce90f0ca0ba8faa1cf841183954160e96fb35c3aa3,fe91b0dff409f69915c58ba12b5eefe1b707a68847ca61eaf3996d34288cb3a6,32de695f5c265ee7d72d406b754b6a746e6effafc35cdeddf114f057aede7ac8,train
/content/section_01_workspace/data/raw/spamassassin/easy_ham/01002.c71b3eb67b112d8bf7d101cb3cacd6f0,0,221f9ced01555e3a36a8950f874bd25b1a09a219e0f2b0535882ccb0f4f8cc9e,bc85263ce673de38826cd21c6b3ad540d7b7b8cf153ee3cc6248e7a5de83bcbe,097f3130c614b3bdbbb039f1c87b6423d3cd297dab963908eaa72046da2b102c,train
/content/section_01_workspace/data/raw/spamassassin/easy_ham/00082.b40e4eedafc60aef72a0a0cbb63c2406,0,5593e41df6064b8b63534623b614764899084b72f2dd717f8a17a84788133417,de8f86d2bed3a3f8608669c70e57ab5552e697f65c522a5d9b6a1394b3648ca8,8d02a475af5a6c2b3bddec97c7bdf068b7af3cecc5bd86b2a6c72d2716108beb,train
/content/section_01_workspace/data/raw/spamassassin/easy_ham/00718.1fc4cf16dbe6d0395c754671b24782e1,0,eadce02431c33842a0b0da17cdf2dab1996b7c710a664dfad01c9366e72d0324,8d0cb209be72a404eaf85e291621875080f6c214266994f7ebe1ccb8727030e5,42884bf12ebafc53640208330134c6982009b7d0ee4c62123b6e11f62199ed29,train
/content/section_01_workspace/data/raw/spamassassin/easy_ham/00322.4eeafc78a7cbb0eb92f9030742660997,0,023079cc47da014d8bb9d1d6115cd2109658884f416c0566569bfb8df5ecbde8,a82e3a62cd880ef0c7824775c6e04673f498c509ef61123dd16f8a50614f3cfc,0dc2685e99a3f3e93f0f914d0fbc74ea43fe92b96b9297006f5eb567d0508b2d,train
/content/section_01_workspace/data/raw/spamassassin/easy_ham/02091.a8d680784cab21286b3061455a5417f4,0,4999e9a0dd59bc9c1e0202e7449ebb052fb78c9e9a4671ae4d376511c9ac2d2b,958f7a8ed0590d3eaa4552ca9c5c637198a83477c31aed28d7cc1d5e3a9d7c7a,b85d8eceae30eca502a6911e7160577bd6c4c9898ebd7f3b282ed3945a6e0864,train
/content/section_01_workspace/data/raw/spamassassin/easy_ham/00679.7c3eae8e28aadb8ea378fb5c04bc5d29,0,a480de11a92deb0e35302645d250903309a19e0e7f54e2dfeadc0f7cc48ae67b,a982758fe7bbe48ac836dc584f5661088e28c40b9c47d8b3fe2510c4fc2703e3,004580eb88314aedb2899fd6aca90dd17271c01e75912fff411aed1cc03d479a,train
/content/section_01_workspace/data/raw/spamassassin/easy_ham/00328.3f61d8085d0a6376ce225b4d9e5630e8,0,4b3868dd20afe27963c98e20bb2dcfdfca1f7c34b5bd9111ff176fe0f66d77e9,b76dc27d186431b43940e9bf7c927c8685189233c80cccd9f0fdc8d25017e527,6798db8299503774175425d66a6fcf75388607751ac5227c692f025608d81d4c,train
/content/section_01_workspace/data/raw/spamassassin/easy_ham/00979.9eef0c20fa5a680d5d4d5b752bbf9453,0,c761cedcd0689d8fad796de1898949f1d24df967117071cc72846c189adab273,4929278fc1b0a38931cd31c7d6cb685d916a6433ef8237b306233d17bcd006ab,fa22c5fa985275627d31d9853ab69bc4f3b257871de44f46459944e386e9bef7,train
/content/section_01_workspace/data/raw/spamassassin/spam/00330.c5f7346dec1e6fe6ed324d8e78a2b46e,1,573de7f70ecc26b6b94c5bb2d6e3842c32f0503015c3372bb07ad12b5e0021a8,4e1f71495ed7bcf0f93fb8bc4dd4026cc9202316e753b45c4dfc2719f8b54c3a,0d9869d06b44c719560ffcadb29b222a7f316469bf4f6ca07652ee06d01f1dad,train
/content/section_01_workspace/data/raw/spamassassin/easy_ham/00733.8cd99b24ae020e6028d85ad0c4f06186,0,395593f9dd7e81e5c36d5cc9a9010f3ab48a63885275e1cab9b8935026fd4926,986bbb80decdb167c8774cfffa9a765ad93829752f324861668e23b2935e566d,55b157437771c7776a5b0d28302df10cc790c2008f707fae427c80371089a41c,train
/content/section_01_workspace/data/raw/spamassassin/easy_ham/01725.80327e3b2580e1e277165899b2532871,0,ebfb9e2280727fbe5c99ad78846a010ad85dd3f9b418a5d45384a22ac2444369,1db931cd5783aea3c7d984c311c870af37e3b6a4a563c27d5cdd09e833e05637,89344c8370e97f11b964f01d95137089bc5e2dfb52c59ef431f86b72ac0214ab,train
/content/section_01_workspace/data/raw/spamassassin/easy_ham/01401.70777d5f3e75c701de00d7df66e0dcd2,0,8efcafd04d1dc2307f94fbed9ecfce116d83e653c274cce145db70aceee20ed2,d170bfe55806ffd33ae15521edc9e7e75c929d9846dce392edda8f5960a4ce12,10700c4089147fd314affa67993cad77fbdd609895bc641de1640b32d28c0ccd,train
/content/section_01_workspace/data/raw/spamassassin/easy_ham/00821.610507766f9b9a60431a96042fc135a5,0,2c4ce8c2fd114dee921a0e422ee566009594c636e5a89397fac0a1e424b4fdf3,8c948fb0e44b57bc22dff2e2ec2b08dc5554935a35fca677bcdd2def5919bc3f,1efa6bcef6de900a5ee5c341d5be5469c9d8c562b77554cd8323cbe4301f2cda,train
/content/section_01_workspace/data/raw/spamassassin/spam/00205.312e72065386636132fa6c4a1fde871e,1,9e514c329b2832dfab3dda4f2595dc2e42cc451419b4fc21ac388e01507abbab,f0af06a6945149ac4e787c605bde67f277d9d2dc6e4dde0a8f549bc7985387c9,bfb4af9833eedd4849045d1e5599cc9c10ef56baf504a248d55be3d98fa03d64,train
/content/section_01_workspace/data/raw/spamassassin/easy_ham/01779.417598c604ceede305e840bf6cd39bcc,0,de1a73049c6356510ea9e5a50b36600d6d554e575a40de91c2e7d0bd4b2014ad,c6f0d2f4b1516387555809df6953d6f22911737fa11bf2b0ae60ddfa83e5ae83,4edfe7728c2836ebaf6eaf18484515137d0218bb91e0a5ef332a7feb731011f2,train
/content/section_01_workspace/data/raw/spamassassin/easy_ham/00215.d09b3f3c0df56258c17c3de4dfbfc6c6,0,397118bcbc725d0e2e73cb0784b8f701554d6bd82c87ae4b0f2b571148de44a4,e34632305059fc7fefc62667a24f0800ffcd11a5b39c2f70128cd566fae81802,8378d4495c11188cf87a2a71b158214bc3560f4fe6a34e8c99c9abab943909ec,train
/content/section_01_workspace/data/raw/spamassassin/easy_ham/00050.74d3103c5691914a530dcae2f656a1f5,0,87afc055e551319da16317a0a8309303e376d3d5e7d6eec2ee6f9fabdc713292,5e6a58414df34a6775b03c58dafc1d50973f61456d067222250709d2e4007640,3143fa403c51990ccf1d3e3e38c5830946d35a9c482cdd654e4ed55e2eccc977,train
/content/section_01_workspace/data/raw/spamassassin/spam/00478.6c50ff18ef92c52a3342f1c9f090740b,1,5e2ecd1bda7c5a51fbe487c5f9a4bd9eac1ade0f1e8af09eb83ce7fe44861d7c,1c1700f23aa5aa2ac7fbbb08ce5e05796188deb6454ad34be37de97959411bfc,35b400e17f249bc3b211a9e6d68750526b7bf6ea137023d992a7d21734201cfe,train
/content/section_01_workspace/data/raw/spamassassin/easy_ham/01003.56ffd3c6ad3dcb0598cb3b79a1e2dc11,0,c4064648e42d803ba30dde5ab558c91d6ba56503fc08d7c7473aa6ad59e26823,24ded23e99b7a3e4976e368df19d1b6aed4a088246cb090d2cd96e772d2ee7b3,f6e1b5837c3dfac9f13d3f9917c7e096cfebdd169bcf7f9efa141b7d60881423,train
/content/section_01_workspace/data/raw/spamassassin/easy_ham/00140.354632516317e3a37a05e93c609ec65d,0,87c58f360abf5bda5edd0dfafa5243b3f6d529b2ce3434b2012605ff5195b355,17a2f0b50c0ec0cad6753b91e04100aae95252f07e2a4a3ec5a66b8b13e4e189,62469f3fcadebb867a22e9ab6f6194d1fb50266767a71a5633b78d497524734e,train
/content/section_01_workspace/data/raw/spamassassin/easy_ham/01780.cefffc9e96ebdadead2eb63ffc6fa8d8,0,436fdd0170aaced7d8f18e1df75ff2d510e615885b4777519de709baa6b41ead,0411864c30f50f0b863c0fcee211035aaac1944da6162d87d6cf735376e6340b,b0e7f9f8cdb40ebbb87ddb025bd2ebc2920254ba16836ac91f8b5e0b6dba938b,train
/content/section_01_workspace/data/raw/spamassassin/easy_ham/00912.f7faf669f2794a54dd91d62e7ac3b904,0,ccffc2ffc9248737f5ce4209f055dbd815b802616254c7af5180efd25a311e03,c367d1c952903690cfa1ac82e02c0608f9e0dae1c6acb2ab07d35bf572016730,1185ae7e73f55bf5355cad3c405df1a76820d7976357685c9677a033b2b0b4aa,train
/content/section_01_workspace/data/raw/spamassassin/easy_ham/01555.14d3d514cf6188c29a13e0d2cdb90a8c,0,0c9d9c9594654e5c7dc7c07aacad942534b37c4a79acfc033ee73c7390eae254,0c664eb19368246987e2d283a07623291354527bc55df0bd80b9ec2793dbec49,e942ed638fb1d484641fa4e48b89d309e5c4229896081957cffe8efeac72d9eb,train
/content/section_01_workspace/data/raw/spamassassin/easy_ham/02033.7e339b1a98f4c553ca9f293b32409336,0,bca4c9482c3bde6e361fc118209f6491380e33c18b8db294e5dcf409c4813891,34f8fb02f41bcf4b141ba2b91e126c6f9eefea0e1b8ec028501ed2058fd7a406,6496b3b370710cc38da055f230d8ce33752a0ba84a5b9fb06bfb08f27b0b0533,train
/content/section_01_workspace/data/raw/spamassassin/easy_ham/01673.6a0570ff6d45b717e0b6352d8fbf7ad4,0,22132768d1a5bbfd6f25619b9a82c66843c44aa5999974cd7b2bf52401c15bc4,3f3fa0a28a7553f06799607bed97183096e3973c897e74b6f9e3fb6324163c7f,db6d0c4b258859be967b6015fbc362a2d363bca2dc4be26cd0b99af81e29076b,train
/content/section_01_workspace/data/raw/spamassassin/spam/00319.a99dff9c010e00ec182ed5701556d330,1,57bdfb5740ecf3cc34e3bebc7644877975b8372bdd4b4e53d1d8a97fba43fd59,6eaf9890849f27f3b6903ce2b2d38a80b6b636d71220002e6cf80769d67a6b4a,d2d401acb7a9cf69c7f407212ad9b0851797f7c0bd797f98d1fdfcc923e2895d,train
/content/section_01_workspace/data/raw/spamassassin/easy_ham/02266.dc8353bea2a93134f0e947ec60106c32,0,a405c54efdf9169d3e66ee6543293253d6078b34e58a9fe9c45b07501b2bc055,1b49a8d91c6f699a7b25925f0f54a12537bc7569d28d4f1eab43bdf195109f95,6cbfdc88516a26bfee9aef997daa7d0807a7a41cf7e59ed7f5c5c9045f3965bb,train
/content/section_01_workspace/data/raw/spamassassin/easy_ham/00944.4c4f3aa0e543af3cab4859ad1b1b16be,0,5d711882cbacd4e2c91d9ea52d2d21f01f1354dbad6e28ff7bfc11626d41cb22,d791ccf477602cb2cb2291b76a4bb2ffc45f8779c52dba37da740ee273631388,d43767b168134a8c47661c9e96fd025890f2cfcf92b281885e9cf049a991116e,train
/content/section_01_workspace/data/raw/spamassassin/easy_ham/01337.e515b1d01d6d98606d994b1c8901904c,0,1aeb85ca6b25f4116b0f6bb8a08d43ec9d3168ded3d7c68f67e6effa87f0bb7f,2ee4d5c61619136ff411edb16cdf66abbdbe2f2b46eb0a6106391b55ec68745e,d770d722d4c47c63ef67af3a13ccdc4fd88c2e391593924735200573853d7a5e,train
/content/section_01_workspace/data/raw/spamassassin/spam/00347.0958e79c14164f0f902d863f41156c0b,1,182f0590841142c414ca4bf15c8821e2f97c49ec66369afb003860936a9e1188,41b868904a57f52ec9f87390605266a7d93f39d6aabaf915affc7f7b436477ec,7478c7a38c3501b82412a33b33fb801966fcf809f4d38944af20a5714912e538,train
/content/section_01_workspace/data/raw/spamassassin/easy_ham/00557.62ed7b82fd342ca4d7932ccee2552337,0,10a3f355225cf471d0a03f93ff6292e1eba67e6bbb6379d66b6985afb773109a,dfc09853a7567550031e4e8e24d355a76b5590f86c1248bf836b4848bbf7f0db,86c645a19fe8931749485a3f064046f30af3bbe193cc69e52d39ee3d195c528f,train
/content/section_01_workspace/data/raw/spamassassin/easy_ham/02144.9288d3523cb8cb036f166e3b69c7ce05,0,288b6b93c96707ab38bad1b13ba01b1f9b1b19f872df20990890ade7eec00a54,f219ac4305468b757c12e75778c2ee353bd9c6703c83fd08e915829dad18126d,1bba27aa72d842f1a7d072f079d06bd40db08b6ea265e86fa438f06609801da3,train
/content/section_01_workspace/data/raw/spamassassin/spam/00360.3c1e6c84cb93d024c1f1aa85cd56ac9c,1,860309c4467617ef88643f624356e943679a0cf4b3508f488ded361666b8d2ad,0df19d7b4cbefb9d6f92f231ab1132b0ab0bf6c702c6724784491c8ff008efea,93e8835f980443142a6bdf29693fde7f4834ec1a972d0c7bb080bff4657c228b,train
/content/section_01_workspace/data/raw/spamassassin/easy_ham/00966.2a4fb2559839748a35516c870f765211,0,12d17225e41b497208a645671151626543a8e12750bb671d5f51378f26d26268,0e442a19330e55891103fd0178043b0078aa62355e5d75acd4bdaf2b2ffd5695,50f6b2ca34a8ee558276c742b3dafff9312c7273ed0f109a9598ebe2a42f57c5,train
/content/section_01_workspace/data/raw/spamassassin/easy_ham/01752.a672617b99187e1c4029bc33a4e8a596,0,85fda70bc5abe9df5e71a58ab008ffe79ceb680feb3c23d96cbfed75792618e9,81e28b3864ea102ab48fb21cde361f209f3fc79513fb76dcab69cd3e9e88a2af,6da786cb018a023a9206e2c6b6553c2355453db7b357a81c670d13bc803789b0,train
/content/section_01_workspace/data/raw/spamassassin/easy_ham/02110.0d93f1c3cade1575f248f9291fb0e505,0,00690c0511f26129376ecc382be40f09e4bbf89d75e3b2037b31fa6bc8d1157c,936b0fd4cc06ef1a33a5a48871f31d79417d0df1c329e5707a62f26a9ce7bd72,8f0c84012899cbcf6b52f6a50b8f46279c251d9feb2a0eeb583773381264e409,train
/content/section_01_workspace/data/raw/spamassassin/spam/00013.d3f0b591a65f116ea5d9d4ad919f83aa,1,d9dc4b72081e36e482e0e8032245034f2bb0c8b72409df7d31a882d5b60478d3,3ab280c14ea60e24de830126e1fd2de7499c1d3806cf639d4752bd85f94a9ac1,7cba9138bf866aa1f18e87c0f83973d81fd124c2768a531872cfe0229bfcecad,train
/content/section_01_workspace/data/raw/spamassassin/easy_ham/01397.53c38cd7bcd8f13b0d6b784c9265cec1,0,18275c96647b6a75b179f7fc3a322a3781e3671ac7737e50037ce0139bc6cae8,531ba1bc24d0d7b933d1f4ee7b05a56e0e3fc03853e62083c6d20c37e28674b4,cdd40f549ea6123a83dc2a212f0224ad23ff9c5b6a2e50e10ee3c0b811cfef21,train
/content/section_01_workspace/data/raw/spamassassin/easy_ham/01960.fba6095606ddf528fe030b09bc0d213d,0,bcc7d4a02768fbe363995dca08ebb63953301009a6bdd2b281245475a7c4f408,80da9dbabbe416f7234eaded0f6d789dbe033453676765afcdb1a2da45f87816,8a6ae1b76530d25b4339638809690b4159768bacd86000343108f97f7376021f,train
/content/section_01_workspace/data/raw/spamassassin/easy_ham/00908.0be94e6d9ef62596e0dd488fc4d98b8f,0,381aadc7e9fe9ae08c14e59ba7d356ecf2ed3f489f80f22a163538ebcb2287a1,d81a7ec1624023bdc30553a61ea1647ca606c31136a216c8259a3c23a2dca35e,91fe3518e9728efd2c24315327d794bbd9bcc66a193fb89cd3fe92f1bc4529c3,train
/content/section_01_workspace/data/raw/spamassassin/spam/00077.c85b7442247d61308f15d86aa125ec28,1,203bcd9b751eef9583fb5c0f96d77a4e642461416041eae83d383d413c62cbdb,2005ec0b14f799f5b1a7542c5953a48eb13bdff44d052e30c6a459cbcf373057,98175117545c741771d94cc73f6da56c0a2e0ad6ab7fff400d879026ca4e6780,train
/content/section_01_workspace/data/raw/spamassassin/easy_ham/01364.eaba5be49d5662dd5e3f89a7f430e614,0,a71c928e971f1d402219a5786f0893ecd8c99712f020d8c0d2257d9e5b60f9e4,a5f5a8c21ed8288ff3c97314ec931251df7a58de660b8e066f0c0aa5dc30d6e9,c1881a2fc9d55293e5a175527ede123e4920c7bff89e4771ce136e5a791d1767,train
/content/section_01_workspace/data/raw/spamassassin/easy_ham/00504.9f783e81d6dd916618dc079f58606b8d,0,6ac2515db61908b01bbfa92acdd2fa9048378fce0f88489b69125f8f5d4b1cd2,28d69e094ad2e1a0e3508af4c2d2fc0d63ec553c07633b1e54ffd68e4bd55901,d7fb595d36725d7c69fb62e08bdb783cd28b1380fe8e277d89e8906db1ffb59b,train
/content/section_01_workspace/data/raw/spamassassin/spam/00028.ace98eff213f4e6314b5571aece625e1,1,4f4ed5aa31512975173c140e67fb9655a4c34410a039caeeb1455df6e8268fc6,4cf85d7895b61aff648d455b1d53a8c33db561667a47a1d536f5d4a85a0a8194,d3c71348e032eb571f62e66a5f4e73ab0a208bc4c98c6b8c9dca261abfa1ec3c,train
/content/section_01_workspace/data/raw/spamassassin/easy_ham/02018.da7863829eb2ffbc8cba0ba84e19ce19,0,56165c42e2b23e724d69cbfc6e3ddf63e95eebf0edb157be5a9f464133bd840f,fbe124fb29c06a3fd4438aceae2768f80274bcb90b9e05256ebc47e178417f58,9d48e28be2a0e047379c2b8403bcc3fc96e49631db8b7803901627013bb0d719,train
/content/section_01_workspace/data/raw/spamassassin/easy_ham/00694.d04cd6e81d2ff9a678a18607d32e229d,0,d37b0819fe6071acc0a1052a0aff42976375c54c4679305f4ad0a0257f5a4fd8,37a8cb08b6b10f38b47c35ec39616c56dc801785da810b3fd59ad7eacb213156,b8f923dc8129e636bae12c65d7f90c4fda7bf443aa21726db454d354824d3d83,train
/content/section_01_workspace/data/raw/spamassassin/spam/00285.8a06c91fcdf4a1ae8ca928f3ef3feecb,1,716f23a4d1b9bdedebdef3475c0c46fffb35f663342427ffe5ff2f9c08a2df8c,b4d5fdfcaad815d1a2392d0c46851d9afcc0ee3e040866b7abd9846fe5bcf62b,d7b5d4e85d0e4e7bf4f1cbe93e635bbd19c752f5b9a2ec9ab57fc87e1ac327d0,train
/content/section_01_workspace/data/raw/spamassassin/easy_ham/00680.fba9fe0db5780caca8155fb4defdc679,0,843b6d66cc1e9387a3e4909572125ba22e4f1d63deb05a651834e378f445bdb9,b2bd7f5bdf3f7344ac8f5204769c69726e1092ba5b208fb9e6dde9445fb73f2e,e36bc1774fb8deb02be7857449816d3f82ecbf56dbd8a19125013a396e3e3c36,train
/content/section_01_workspace/data/raw/spamassassin/easy_ham/00924.4dbdc2c81ad764bfe29627498857b6f3,0,2d2ec3058b51c8f76e1e63fac99697fc467f9ae5435c753c42a3873dd77935fb,941bedd68d78f55595c483fdce49ea6bd2efd622fb685556c549ad4b0c45f2f4,7a74af072603132ff0beef5cc54f2115eb6e6bc002fefe397070a64538412186,train
/content/section_01_workspace/data/raw/spamassassin/easy_ham/00306.a94c65293f1aa18dd41198b867329cb9,0,a1e2a8107bc98164410142f0864ba20e3d2c144754cff5a0531c5f17b4e3d64d,c8ac2f4438def61fbed4aed48d65a1599ca213a1538ca0eb898fb52fc9470d44,a8e0203f69dadc7b8055f8c68773eeefd146f3bae95dcbe20aaa5e821213214a,train
/content/section_01_workspace/data/raw/spamassassin/easy_ham/01929.9db22d74f8863514abb093de574529c8,0,337e12ad3f043fdb36fefd27e3d261ccbc7f6081d0857821d3a5095a86a7df3d,27c10f1ebfd1a374c15ae7f26ebf811e1f5b4a5cfb53114e32e739d4a9bedd08,d7f2fe303a4e3ad36c679c00f8858a008c6a169a3499f9d37491f3b2d3b901e5,train
/content/section_01_workspace/data/raw/spamassassin/easy_ham/01181.a1a32438921904f88c7c78f1fea03a8f,0,dc1947966aca285fad76076af1200f7cb0bd3fac747d805d0cbcf6623cba86d6,544a6af32ef21798e9f97cd710ed0ff98730e0b996f3c6f160cf38ca4bf1bd59,bca0edd2776064001a7f2847c1d06fd7a973fe2d4fa51bd6e711b9dc3047e360,train
/content/section_01_workspace/data/raw/spamassassin/easy_ham/01222.924583306d4cc0c089a9b295915439e4,0,2d6c007a7bcf20ae6309ddcf132576c3443836265f7ad388953c05d1665369e8,4feb662466f94618f9d59793ecb67b415bfbc02940b7f15ac9d9038ca4a7b277,fd5c6bf9d1cce480414a23f779368bc08e69d20f79ee223dc93bce65fd0963a7,train
/content/section_01_workspace/data/raw/spamassassin/easy_ham/01398.71acfbb0cfc859e20438e06955e66d27,0,3d6c5d536c0c80211760502b52c5b0c753c8294c4cbcfc677e81ec8ab2c4f981,1099aa36139ef8b2346ffcce627bdce310e1e7bd94c284a7068f03ec0e2a37d8,821fe558dda0ed9cccc145fb71f48e87a6eff3c20b0ebdd69161a5852e14df3b,train
/content/section_01_workspace/data/raw/spamassassin/spam/00054.62863160db27f89df8c73275b6dae134,1,a5b936f7cceacf102a5c13d6e9226ba68e2a3a1158d67c35a345da97ff2186e6,e258ae7f957a31b5f729ac4c58f5c1d234b241328ac58154e0e42124600c00c2,96f8489e92c8383306ea1f12984f7b80faa67188b270b641a9e18ae301823b1a,train
/content/section_01_workspace/data/raw/spamassassin/easy_ham/01060.9c32422288bf0e565cd43473fa6ac5c5,0,6d2c6579ca0043579a22cfcb3e19ca40fd58723606da9e48507e9e0a8bcee1eb,f31e7066db6dab9525fe2e1dbca9b3a689faf0344e5581c68a278e33843497ff,19081089baf286d678c019ba470d7c800443d0493556a14aa44602c1290ee796,train
/content/section_01_workspace/data/raw/spamassassin/easy_ham/00006.253ea2f9a9cc36fa0b1129b04b806608,0,4eded8f0a952a07ecc3725de16e256d10c256fb4a6b638228ce3e6a7d1222e01,312e5a7bff10735f43584661b6605522f00ffd00fc1ee17a0f27e94d75fd6068,c120c9f6dc1a201c99da717d8dce0853119ea4aa402d81ff728fc2bc7de617dd,train
/content/section_01_workspace/data/raw/spamassassin/easy_ham/00978.a136387f15961a4f0a2c0ca583206199,0,af829fd2f08c3eddc95aad113352d6604134ddf6a5c1ff8457098d4bfd77c6e1,9ffb07f13cef72bc6a2f868de744503f23e16e8490b61d1af5376bfc8eae75ad,210f5f6cdcb7185a2ce7b67662a66478e61cb77cd4c6705be83a437666148b47,train
/content/section_01_workspace/data/raw/spamassassin/easy_ham/01472.b946f70fda01dbc20c92e78c1afeea17,0,1915d6660eed8eaab9b1c16395ed361c96cf1697e7007442d1eab84f7cfde358,e2fdd82b43860bbc1ab30a2304d67d02cb3298b7429bd259cfbbaa6c78a9a2a8,dbe1fe1587c0b22f5ae45fb52512507d5902580015ab11fec5137b83df182d8d,train
/content/section_01_workspace/data/raw/spamassassin/easy_ham/00846.cd171eed5306de66f8ebf444aa61e718,0,20f4209e21ea252a047eefcdfc445420b122078df85a2b83535c61f90c4b0197,86bc9683ec1eb1964d7766cf5b00dfe8f4829eae437b03e5df97372374df97c0,c12daf1997060f4eaee13a746f49a548655350a62dafff5011069e929e362f74,train
/content/section_01_workspace/data/raw/spamassassin/easy_ham/01553.da9908f7cf34f302bb78a9986f901ac5,0,81c3d696fbd8ece9d28cfbb54462785f0e97519ecd1bdd25c0297ae4f97ef80f,1cbc83c808acbc527609b4441d102a5bdc99b0b95a852b162f46ad424240e00d,ca53d2cf86788a51709eb0089082242c21c183ed144f42e82fa1e08525353d0b,train
/content/section_01_workspace/data/raw/spamassassin/easy_ham/00445.45f666c21ff201e070e34c0ddc33dbe0,0,cc7560c9a6972002634cb3ee461f9a125373ed1f496f69da55c2bd4ea0423b68,25d33c601272a7a99831bf9c0b23d76df54c207a9f20d364648a12a62c47ab3d,82b47f7eea05c0ceb88c691c251f6a28fd59a4e3a1b204c5e80a145edd3d2783,train
/content/section_01_workspace/data/raw/spamassassin/easy_ham/02274.d25fe5d3adc798112cd281bd89d642db,0,d011fc8b2a13a515f3a645b6ec311fb2cb52c0feb32614ffb9f0049a9599e020,f0966e7b9f9471b4843ac172544f0812e100898646e34544bc1b2cf4bbc61792,c5bd4fb3332794fc642da41b80be752a96b7dc664347af8758608e7414067e98,train
/content/section_01_workspace/data/raw/spamassassin/spam/00163.244a217b150d2129cbdc52b96d992382,1,d15c0db5fe2016c5035b370b40e17ece1f6afc3f37e825f1f3c114234eb8fbc8,d5424ba4a90e33daff1791478ee9f25c1d71411f70b9425550861c73b6f7f03d,b3f4121bb5e69d4bbfd74f6938533e9f645b109af9ca3de8f4e000c51b5e15cf,train
/content/section_01_workspace/data/raw/spamassassin/spam/00201.00020fc9911604f6cae7ae0f598ad29d,1,b250dee2e0956de39f51f0e8d20b5479f2c6c4607893f357cbb0e381e3bc222d,5439aba2e5198828322944f8d9f71ba2a3ddf545f9a0d3165f6c1878ebdb7dd4,ffc770db597ac900e2809eca1174c06e9c1f5d1e62a855b10c6d6b2a55c36fd0,train
/content/section_01_workspace/data/raw/spamassassin/easy_ham/01871.559182646be4765b896699c6b1036739,0,de86a6b0aec8ae0fa4dcc14c6cfaa17dd8a3ee22e8d09b00cd02991017a686a3,93c42e372bcb8290559a22efb3a514cd1cd2de42b57c04f224e2d4495bb55a70,26a5b67ca2ee519ce4f441afc569c64b0384817daf28c02109b135e887ed19bf,train
/content/section_01_workspace/data/raw/spamassassin/easy_ham/01104.703f48a4a1fa8c0e7053fba23997ee81,0,b797063f5efcfd4c7cc02831dc44739e3ab11436147bd1c0f764ad87b8e428c9,49c5edfee4d262472076394eb651b7de43d6e9248f05b309c3a49ca991136a99,56b01fbe9c13f9ffa2f252ec58686dd4e7b84c8eb9a3bed526988f1af1f9b112,train
/content/section_01_workspace/data/raw/spamassassin/easy_ham/01663.16e55768065036480deaa72ebb3bd8d5,0,4ea074a9a7ef5472ad4e77a4b108e5cbbb2b0c10b05a06adb4eeeda098e2bd2a,43a00fb9eacf64cf417019c32561dfb0b955757e818b5d60e83c4644efadfb47,c73951da9cad46a38ea128571c62a6eac7a328c0f7288327cd5664957f292cea,train
/content/section_01_workspace/data/raw/spamassassin/easy_ham/00370.0a2e3b397565840b5c4e46d5c5700444,0,edc4b7ac611e1fa09fe09fd28a99b20c041e93c7f2029fc64854f540d6cfaa42,0a32a07113e536e18f99eef86909176353670acdf93ff3b418371d1bf7661ac2,f8718a334f456f25ff79bf6630128d49ff5e07cc43e591c7139fc7c0c372c101,train
/content/section_01_workspace/data/raw/spamassassin/spam/00287.b0495a4dbdff36654c3b3ee2f92bdbf3,1,95b87543849b52fe0104fad89c33d7fe31c7a4f9b6811b7e76e9dcd67ec41e95,b3d80ea654afd915bad66c25c463b38967510ef5735e23bcc36b30c2d309dc61,07aadd00f1663a3938e1ee2faa80000e00e3fbcde845a392b859b2b87956b51c,train
/content/section_01_workspace/data/raw/spamassassin/spam/00261.12b64e557e52daf5fc5a52e47df2f4e3,1,f0f5b1a47571a6b2c0b80ce1860d2f81c0cb5d0fc9f93b9d52f7fb1cb834d731,70d075e79e852db6bb9012dcc2a2e8d566ca60e35f149b4e7886ff6222e0b6a5,7226b21660cad15efc19688eab6a807aaab680e1e00b29733521f896d2176e5f,train
/content/section_01_workspace/data/raw/spamassassin/easy_ham/02485.ba9aebbdbec0d9fecec595eeebe5db87,0,6c8269a6664041e517cba0ade93a570209108b25aeeee6ce12dea1b4cf5218c9,4183695ee384a58e8ebc497501e54b59ae1980ffb694e36789d6cfa283a1020c,12d78864045a5219a8148bb565e861dc4eb32f97b3ba7fc82810f676f2396d5c,train
/content/section_01_workspace/data/raw/spamassassin/easy_ham/02401.015271d0ec5160083028b8644b9d8e55,0,59d71b753c60028b4ea4e9d50ee64e79e737f24cdba324fec9f22966a9432732,e5f62e42d807fd8b1ec16ef6e91111f3d24789c14eecce8c0409e79ced1af44c,cb43c1da583a6535a298ee7bfcc1c782308d624601b85c10425bbc0321da0874,train
/content/section_01_workspace/data/raw/spamassassin/easy_ham/00414.c2dee68136358ceec7d235d03185822b,0,8423dcbbae247c18b18ac40115013319252b5bd813f36f4bf6255bb20f4f589c,d2f46b80f3279402094a3a40e65efa1572e306ef1b4cbff527d9cabd67ab8732,e3a5899fbf9d76b71e1c2f975f3104c1fd03a8e921ac2ce9812ff3253fac4b5a,train
/content/section_01_workspace/data/raw/spamassassin/easy_ham/01833.a5d6896566d14f58063642635cc92756,0,8470c1e75a26d5bd28805467cbfcdb2d876ee5de4f8dce252730b3903e8d656f,32e37af6b239a7cd0db71e73ef8c940863e5e0dff574f24e4fcf70408824b22e,a57d4ee785ce87ac07970da6dba36b7715d0208776f257d53afda697d2685b6e,train
/content/section_01_workspace/data/raw/spamassassin/easy_ham/00072.8dcd09744b5534002262a8f3927ba3fc,0,81147f7d24cfb4cc9664d9acbfea961d1e8e6b70a8d1a9756f4730fb7d663faa,fa91326a782376f483c5f65215258fd22ec01e83db8a7a8aa7fafd5e87b3523f,3ea13b9e1e3d81b6308162cdb8eacd1ac98024a80deb3258d313927211554acf,train
/content/section_01_workspace/data/raw/spamassassin/easy_ham/01664.f726e854a4f84a55fa0961e65c372e8d,0,030c15c743cf6abab7aa8c54f24ae2679c313f9b5de191d6c4b269f18499f84d,11a6d91bc714d13deee26fcbd4267eaa0987768e609fc89b033813360795e139,7cf8f715ee6c15470110efc967c937ccd701616bd2f375aba9408241f0e20753,train
/content/section_01_workspace/data/raw/spamassassin/easy_ham/00515.e84988067a252d765f7d24f15c0b0670,0,c1a93ccda4cf1ab3c64b1c2cfcf517fce773df79377d8c0876e7ba76af341735,5dbd61c813796a887b377354428d2fbd597c48b3c0994d7204ab91bdff735dc2,a6b260df976ed80323975272cbf6104f47332c95cd452cdd556395fd2b10c042,train
/content/section_01_workspace/data/raw/spamassassin/easy_ham/00029.56d4310a82386b76b9e771523d571e67,0,e9820539aad76f825a6b29eb088ee832d4e82c9242eecb1a1650b09a752921c3,a571b819c8f73b768597f7832fced8b92206600a564f1f6e0abcd819ce701e5a,ca31f96520f41af7c56edf9b04170cc34554e0e6bc884ebb6c7097a5f402d304,train
/content/section_01_workspace/data/raw/spamassassin/easy_ham/01160.98234b7fbbabe3d268a31b17141cf1a8,0,253062fb3ae838f77565f903f99b7dd670c51ff0f2af600b32a203585f2cd250,70e2024212b5edbd8d24275fd75291baa1740689ff51c6d74ba97d40e14b8516,4d8b37b42fa7159e9a0e031acc3de9c8533240bb2f6a84837830151253ec353a,train
/content/section_01_workspace/data/raw/spamassassin/easy_ham/00053.707c625cb618aadafe3e54544fa3ca78,0,f78ba0ece4499c62e85706022b4f7c1b9f6ecefd9fbb1ced7abca52b64a18649,ba8dc2f7ff6e8575b61ca0e121950b3140e11b4b980727e11090cc41c5043aae,e131b9d196308766c2dffdcf19d3ba305a2093f9a75a172c5a87a3504ebc0118,train
/content/section_01_workspace/data/raw/spamassassin/easy_ham/00464.5a7f552394a07524c4aa23b06c9e5915,0,371cfb01637e333b9a66c5b3506dfc9d7685cb9f035130911b8ce7c70b3c0751,abbee2775945add68877b71c1d4e138bf397d22bc0db99936ac86280aad33855,eb5469e146a085cb9caaf7c6ee223f5a28882ced2df117a878c54007c26c0e39,train
/content/section_01_workspace/data/raw/spamassassin/easy_ham/00224.937d82e92fbb4a21cc11cc49310eff39,0,76840b76bed6b97411ae7a49a1f955414893b7b05b605b6b5dde1e5eb4e34624,b6b01541151a000bd663f1d6ac22db0721405ed1074086a91ae5edeb890619da,8326b581c6303367296c28e902ccafcb789c374e54df7df642fcfc5607f3ba15,train
/content/section_01_workspace/data/raw/spamassassin/easy_ham/02112.cb5394bfccf5142a80f06383c4e8864d,0,66579fc74fe920d953731b40b9985617a47ac321d709543d96bdb25ca5f984a1,1eb99d6d617a1fe020875032de55bbb88bd834595724917166b67b51e42a5375,caf65e8bad21fd9658f96a00b9b23db64e3c894cd6d2e0c07212629c4d81c829,train
/content/section_01_workspace/data/raw/spamassassin/easy_ham/02134.be73ba19e760b16a8aaf67fa400e093e,0,72d59fbaadb39ff9b362c0238d5321ddfa2cfe5c6f15e6ee4bfbb2496d2376fe,21a6ea942246f7b9af0f624cde20f29efaf8deacaf07023a16b22527bbcd1370,4cce0d83f9e047a96701ce71bc2a2b0182abc17a75af26a8a1551f4749db5ba8,train
/content/section_01_workspace/data/raw/spamassassin/easy_ham/00746.0ca47650bbc1a73fcfdb519b04fb635e,0,e1a34c513478a7fcf135b4fa92db1f1041bc28fb48c3296444d3935ab69e18d7,eb668c375f89e0b3886ab47e340f00b585bb809ca32ee402d4096644a20629f7,dd964acf6fdd30f3926f85ed23f5b7141e6f294d6840fd558e534ad381298516,train
/content/section_01_workspace/data/raw/spamassassin/easy_ham/00513.8454cc27ffb04db6d63c81e33c0067e8,0,15f11f2c1133261245b7bcad2c201e70edde9e11d2477ed3326e96889e076c7b,48a1b35bd9046d7fd706abc6e88f1c298ad6f2165cfd97966418d257b7376c66,bed366fd904148b32ff8487109a7c674c690274b69f70ccc3dc6516553e22670,train
/content/section_01_workspace/data/raw/spamassassin/easy_ham/01732.6c654f95a549a4f09daff21def44f511,0,82286bff78c2d2f0cb760b15a98831f9a2b03d5c90a80edee798ccd308a2c63d,469f1bbd6d7abdc185a8a1ebaf7401e770becf411184a2e79bd5132d26ff170d,ad0f5fc9a52da678ad0f2423458131de7e74ee6cae8dee114f0c8bc217ea601b,train
/content/section_01_workspace/data/raw/spamassassin/easy_ham/00919.3ca1925f3bab9136611b8222f8cb047b,0,28e91312866ad661ef186831a044349f065db8fa05895cd32d8090076569f7f3,345478300f04708cdae2f88492a99da696e0ceea6d47cb284cd9d82b94294972,e4a2ee524b099509681acbdfe2a7a8a57b3b78d294cffd84197c793816bd1e6c,train
/content/section_01_workspace/data/raw/spamassassin/easy_ham/00204.5c64400ff51925eb0ca4bc7bdab0bc09,0,ef61036a53419418725f85689454bfd70ee5537b1cc0d8c57f1ee56366293921,05f9776197ec220667b6ba28f3148855ebf59d07b41cb28cc68ce3ba7dce09de,3690fce5985011ba8eccd82b0ffe974e65f593d0ced3089a668e8f559a73d445,train
/content/section_01_workspace/data/raw/spamassassin/easy_ham/00861.6e526bc95d6eb4736211696fec13d9f0,0,6120f16798f90e466da674c9b01f26da8645486c63647981aac6f3da7e688703,7afdd2cb943b4f8f749cf2aad2a9276ce4c74f1e16b02e47e235469c416239ea,cceeb775d3a97b2c5c2b229b33f6eb081498a2a84d620f8ba3ae072218f62b1b,train
/content/section_01_workspace/data/raw/spamassassin/easy_ham/00141.00b956daf6951da2bea354300d121512,0,a58dc1fb8b99cbcecfeae7f1d4e978afdfae320d3082c129a531729c8fa88317,23f560aa814478f1607e151496d0219384b2f6dd1435333431fec0ea1b344556,9026a40179bc27158d190ff40764d6f87374d4270835898f816600232821752e,train
/content/section_01_workspace/data/raw/spamassassin/easy_ham/01945.68b0cc1d272dc3bc3bffcb3112379650,0,788ecd101e4d11eca9f92dc1e489e3beabe904c920ecb06c48df204c8cdfb34c,aff16c6cde743b50c2b3a46610ea677efea91edc3e64af0e8c8bb8cc725a72fa,349960b257acbee3be5e4beca11c28b7c6567e37a67cb0351d8cb65cbb23335e,train
/content/section_01_workspace/data/raw/spamassassin/easy_ham/00275.4602fde18bf961c7bdff1a65e4e0fcbe,0,6f1521b77074258d1a25b258a0f4710008bf3ed476481e943601e23c16767cbd,272928574b98fb16da0c5c87319e3a989bb7c63e48b1e619bd69353ea60d907a,a5cc71b5373daeb80dffab372242bacee034a06c49cecb336dd31667182660af,train
/content/section_01_workspace/data/raw/spamassassin/spam/00254.e3e30f2b37ef8db36aa652bb3e563b61,1,96aa3c148532df62192a7aae16de076fa421a53cb7d8fbae707066519e108663,147d03b30af77e80dd6f8056b76eb6e7a87a7ed8c189ec8d7e7a99b12477c004,20942a79a7830684ae2ad0cbd069e71ba8241650ef46175ca9d24905ce95dc64,train
/content/section_01_workspace/data/raw/spamassassin/easy_ham/01196.bed50a1e10eb99f9ef1dbefa84c54731,0,a61ee5bbb881101b9757561301c9ce929b20e93291ec07b6402c8fe665405e44,451e3e34e7f56e86025cafca00b156f5dd6c7358595d4023959112ae37ba9ec9,ca2ad3bb8076c8e657fc58facda4d2ae73801d4613330c40c54514d65c1999d7,train
/content/section_01_workspace/data/raw/spamassassin/spam/00156.0b541afe96820e3bb8f900b565608269,1,1ccd28ec1c6bbdb7a945e0daf21e6ab2b82ac45c106bdcdb7896e174e22d8efe,827cec7ea943ea79c88d70b9905ab7bdfddbbe060d02a5460bb91789aab6f9fd,d5490e7e6cafe2a4d312765e04245a9f362834bd02cf415ef544484b5162ed0e,train
/content/section_01_workspace/data/raw/spamassassin/spam/00372.4ebcb6306af1946c3ff1b2bc933e1203,1,421078261ddc7dd606872d2e2898620783242c091e7c5a26f09f32a7578616df,882fd344916f34df51a744c41baa663b7e7ac98f36190b79e374a18b07020d64,3fc7cde5627f67f69ea774d2895d9aa10eede4c684029a846e7711344729defe,train
/content/section_01_workspace/data/raw/spamassassin/easy_ham/02214.e7a51ad65f79d62757fd8a468952934a,0,f79d2043d846c2e60265cc27ead37cfd89c12bfdf0f004c9fbbc0bced3ea84ca,e574e9b0a718ba2b31baf7b56ee2a37671ac7f3576fd521af3002f39bc2bb845,b6f260ebb5c898d38acf0fc855477197f0122ce33ff90a3556957c695e246149,train
/content/section_01_workspace/data/raw/spamassassin/easy_ham/01377.16cba8696342f88afb336b700c049819,0,fe29ff41e592694f11fb0e210e03a0cd645fd273266ccba6f3c459eff1c23f10,72a29eea14e022caddf9b6125c118eab6375dca88ac94e1636100abcb641fe0a,54faef01c8e7ec810849d7037d5ed4a326f2a00cd897e809446c857aa000c33c,train
/content/section_01_workspace/data/raw/spamassassin/spam/00224.0654fe0af51e1dcefa0eb66eb932f55f,1,dd06f71ba26a8ad6b0cc0bafff0d9c6078724639e6f23b3a6080ff36e65095db,f929b33a3efde512f637ee918ba2759feeb59ee66739decb94121c835c6f459a,34517a31925b3778a2e89a3fd496a5ea4d404bdf6d2d0b2bf4ea48117bfbbd82,train
/content/section_01_workspace/data/raw/spamassassin/easy_ham/00125.0b972a986a586ab4ba3ff45e88f330db,0,e750bf51d1928f46b8a0b26f925264bcdea451f7f8cb6c81571c0e9df9d4ba16,95a871967b85e4026801f2d51fb0f020780e788323a7ba7dd8a674faba096220,726fd781838512f7f8acd6712fe0d22053d766c8a0f9431826b718838ac7c7a4,train
/content/section_01_workspace/data/raw/spamassassin/easy_ham/01303.e0dac36f259ebc7b7b4ac81c6923d56e,0,180e2319f34cea16296922c2f71e4c4acb9bc87abf9c0da9745527d50789fa83,2b00348704890c492ef6e93191ce9c7a1aced147e4ec55f0fccb752186ab1634,feee5c1400335ce68489de29267166e470654a1d654dba58f57689bac782aacb,train
/content/section_01_workspace/data/raw/spamassassin/easy_ham/02203.b3cd1f66645417a8b3efee0c73dc38ac,0,b161b40108df563cea5d77770cb0c90cd07a8266ef263e4f4758f80790c57783,a0314c01a575611bf039688b393d5135a3988cfac0e7270ddb2d40f01345842d,45e74e2097599526b6945c8214d0768ed0a1a2c4b173d85be7b7b4485dabab47,train
/content/section_01_workspace/data/raw/spamassassin/easy_ham/00844.4af56580a8f02ae25ec39faffafba8ce,0,269e9923efa1a3a9ee90c0e5cf601ba6d1b0c08f11270ae2905c6392ec370f6f,45fd3d481e15e7d5b6fcf9b0fc7cb53c12ccd35b5d9e8bf10c2ea772b0dfc81e,09d9759407c0f1deaaf21f383caaaebf65bea030957dfc6577ed3afbc546b225,train
/content/section_01_workspace/data/raw/spamassassin/easy_ham/01251.793e5c04967cb90191e805dfa619c55a,0,06f897410211ba600e84354ac5a11f33c52f39abfecebf7486c1326c88a4e416,ca3cd1207da472e2a055cb9202a50ec6bf91fd6fc565057f356f9280be26eff1,f1251516c9c4d5e1d6bcaa6f541ce8a3032a36806b134763a19e73647a923fd1,train
/content/section_01_workspace/data/raw/spamassassin/spam/00413.28e8cb47d7429bf78c711079da50fcd4,1,1065919b68aa776cdbfa85e3526828e407764cc08e21293d280a7d4c19941437,5b1ba6a3892933dc30a717b365802ef8c4f6de0574fd8dcf88a7993c103c35bb,3ee329ea8b31ea10d1732e9c7bc285b8258208f6fa2ed2c13290ffc55a8ce315,train
/content/section_01_workspace/data/raw/spamassassin/easy_ham/00676.5a7325cc70b1732867ec5b831da86eca,0,f229d75d8b669fe202646fd14b1d4d181bf33678639e87129b7279ec8839eec0,51551b29f7364e5e369630a18375f9ac2208b1bef58a50923f2489818809fb68,08883e8206c65b45176de66150341f7a21ec947f9616c0fe354f5d38b836d2b9,train
/content/section_01_workspace/data/raw/spamassassin/easy_ham/01526.c30529e56e1407674dfcb3f7080ec91b,0,75e0c073cde276ee57c662c4fe6ec3995bc595202f56a2ffece686d6f947f89f,1570070376d1c5a4d10cd1314560e2d2fa40ef38f4252782ee24ba22974630d2,2a1fac2c06c45256060d9bc5a861db64c1c9efdcf13ab1f5af686959555a2b44,train
/content/section_01_workspace/data/raw/spamassassin/easy_ham/01774.cf5f37a5bfe6c69ad140690964495add,0,09f3f2310187036d08e6cae24bb6bc93e5893e149f8fe81959827e0526a565aa,3baf9e65de0abaa33e81eda6fe7559fcb8a54582d962fb89be55b31afcba32e9,245fa25f32e3903f2b9483fd1ca69f7628efb2c269da104c5f92bc2165d7ce7f,train
/content/section_01_workspace/data/raw/spamassassin/easy_ham/01735.d038cbb36f734c5ddbb023d074711d10,0,1a937d9b09616bb92ed5b4031ab7da015262131dfaf1069894dedad3ed3d7e88,492ab50aa71e6c0d6af0ad95b09d8bcd5644aa46c118fc61e58dd17e88dc89fa,0e453b39ac1798835a6dd0f5ef67c1f69d61a9505c41d5ecdae5f6e2f96b0735,train
/content/section_01_workspace/data/raw/spamassassin/easy_ham/02414.7f6f9056fa659fb7a11febc394974506,0,f3730f9550b61d2c87b9a4a821a3c56e958c5cba5517b1b99a809011c88d7b31,71b482e1bf4cde29eb9a2eb10ac90d24d17e7b5eb64b09a26412759cc321257c,da0277912be2bd3580a2030b36a1a83d2fc48054c310aa1bd3928d45944611f4,train
/content/section_01_workspace/data/raw/spamassassin/easy_ham/01797.bc81a0859adaca5ea082f4db7cdac088,0,6519d09479ea9349912559d3af6c8d543d96322f0465ac660ed1037d3e7bd47c,1af1258bb0d305ef98cda855bd40ab2123a18da8c834c74104cdcbb3f13a9f0e,8e4d3a3d346ffdc5b3974c42220ee8c2c62f60ab48aee53d318e47ee42f20fad,train
/content/section_01_workspace/data/raw/spamassassin/easy_ham/01696.70dc9da58ada190c2c66f34986636594,0,252c7bb468df4ea5403681839517232021da8072923ca9206b7bfe92853ba0db,bcacfbb80815e2fad861e1514fadb3c9383c230543257af85bf7b0535bbbec39,1ef031d85be5892d0fa70ed06caef0a6fd4adf9c28575f471670e3b383f0a79b,train
/content/section_01_workspace/data/raw/spamassassin/easy_ham/00932.659c11cb26c11baa33395f6f6c363ef6,0,c055883f96303cc66cdf4e02f4e8ac64c08f27c8b88efed911f058476648b5b3,e2378298128b0f72aa53195a855a8934bcb2baf978d1de316af22e3fc422165f,289b24e9ca9f9d907d646a20b8643d1939623f3b9b4e4930c7a49817f523ab1e,train
/content/section_01_workspace/data/raw/spamassassin/easy_ham/02317.942204d4fb105bda92c73930fdf9235f,0,e71034be01fd2abf856513c8dd3feb6b9a68d0424d51cf325f5b7e877bb7015f,c7d655e12792c05c1e709258768085d1000a8c72c681b882c5d3256b19d62171,4c5b56a85ad016cb1288c7dd33274dfe7a54306d4171ea3d61db33fcafe84fbc,train
/content/section_01_workspace/data/raw/spamassassin/spam/00284.4cdf4c9e9404c79c85ab5ac12ce39e85,1,e8a57bf93f6a1bc4e0b68098d92addd7599d4954151d2a08ae9d6da7172ec230,c3b8917ace4bbf300093aa91d49448f7e1cddcb11e96ee7c26d0d8af1f3272ef,d9120ecd300e8c9b3379040c5c08b4b0b99f3a56dda26d4c6f6b601a37774895,train
/content/section_01_workspace/data/raw/spamassassin/easy_ham/01998.f090217aafda1257441170988ef77744,0,eadd4f62147c67fb14dd91b9c85ec887af11c0fec52cea95de4069d9624f30a8,5a8b307a9a15f454e7a87289e3a20d3e5e20c965287dcb05733e51462b82cee9,b3f572f30cc7562f095cc1a8f60bff74ec52e95eee3ef41b025dfb62eb97899a,train
/content/section_01_workspace/data/raw/spamassassin/easy_ham/00633.a3d861bf0435fda936962c572ce0956a,0,96bf520550b27a3f16c8e3865361e3f0c5196c4692d709d3c1b12d134ce804c0,b487ad7a3a9b7ea9429a76f4b472952101e801c16ad973dce276bd102c03489e,0b582d250cf7331444d98edeb2f26edf34c9b836a4ab5a1e4553fafb048d4723,train
/content/section_01_workspace/data/raw/spamassassin/easy_ham/01795.81e9f47a31cf1179ec98bf927e26e9de,0,07181fd946349ba530c44a5fffd6bded79a43a275d493314b6d1a8fb818acb6a,808a9aac88613e169e8eca72203d651addba2367dcfe41626a3e533a7fc9c666,44ca9adb627304d057a61960e5c985ed1956d74a4a95545be1f54ab0a9556b5f,train
/content/section_01_workspace/data/raw/spamassassin/easy_ham/00393.b7ba3f196286b0c5ce6e5b1ec9078cd3,0,597f082ace6a823b9b0c160f14033fa803bac3bb882133a891a454e59681835f,38f76ccbca0977d743a72309c152a310b6c2aa544e8f11a447e80c185d39b438,b5e8da1dd26a6f2f95a6d42ec32a26bb6b2dcd9d172b395e3975c9601b1e72f1,train
/content/section_01_workspace/data/raw/spamassassin/easy_ham/00121.333fff2f2cb3dfd617a6210b669757d3,0,3735e183d55a27dd14734188075729a52aaaadfab8c1a1393e37891d939f538c,a29863a5764618c01fa5bb05955ecd94bc83d9381e6e79e67172c7a899610d1c,09fb73b819aa3552f39bcebcae0dd66b11359c884b084f0f2f0d0fe4d0e73a6c,train
/content/section_01_workspace/data/raw/spamassassin/easy_ham/01245.eb8e87560f382001583084d77b047e19,0,a79883aac2ca1358a862a4b57ae1a0db8395643690bb5d6530f73805d96ad94a,45132148d5487cb404a89a5877331185c642cb346cb6a8d1061802c11c6d409e,09868363f964cf00069e8a6b8ceed36e4e26a945d9dac37aeca71ec694a213dd,train
/content/section_01_workspace/data/raw/spamassassin/spam/00112.be81f2f6f7940a9403c9809b4a9e243a,1,1538a13ca53ce49e3f1e5607c30c04ba9bfa165512ebcc841b25c4caaafc9dcc,03f4dbb0b740733148c333e8d1c69757e9df8c37d57205c5faec7ab8e52bec99,7fe1be5021f2b4696e16d302e6ae106fc9232335c7c8abf16c2f4704f1ed51a3,train
/content/section_01_workspace/data/raw/spamassassin/easy_ham/02496.aae0c81581895acfe65323f344340856,0,083c6469d21040cd708ca1226943b704cc2a468b95326be609e561d5b6e60cb3,75efdcdd41152bc3aded720a9d5354e421a059e20d750bf07652ae074080fe3e,2d8a078dda2a54fd002a7392d7abc05810b1d9d6500730569cf4d55fcb6ee960,train
/content/section_01_workspace/data/raw/spamassassin/easy_ham/01101.304a220a50b40f8f729e33ef0ed22f49,0,c71280abeef0d97329de729cb2b441dcd8fbb5421c9250286b8743ce5ee79760,e8556e905a7004afa2f42b35e60b24b6c831138e3282d769e2f7e46bd614805c,f779c7b2bb7f9573323f7de66816938687e32acd5903167e4f907c8407733a48,train
/content/section_01_workspace/data/raw/spamassassin/spam/00087.f09438ca6392721e63696f4f753effbb,1,28962639409768c5f2db5ba28657a78a34d2409dd2acbafd7ebb95e915865383,f383a8877e282205fad9f26e8ccfeab23d3596f8103e3142934d51270948abab,9ffdf284d4197201b09a62e2060e8c7df4697caa26ae693a57f88b489558076f,train
/content/section_01_workspace/data/raw/spamassassin/easy_ham/02500.05b3496ce7bca306bed0805425ec8621,0,41274f9275208c305ed218ccad96686bc7ae3eea33564c2769a74eb83f129ae5,f61c1300991b343e56525c882dbda2714e0680773fdd49a0eb0727c1dc164276,11d33f086a1d887945d8b6b49df4b354ea7b48587388f6afab43e994a6d26758,train
/content/section_01_workspace/data/raw/spamassassin/easy_ham/02066.90b20b7ff6897463b82a981713cbdef4,0,27e8e791eebdeb3ce62f64df501a3ef360d3ebb5b1393563ac06d025428b91b8,2797297d183f7c71556e015fa720187f2a0f59579270e1bcbb04fb87ed68e98e,5011ff0dded49e16711765780141e14c61440a510aba9b7724ecd9b07b662013,train
/content/section_01_workspace/data/raw/spamassassin/easy_ham/00124.f0f8fe0588f5245c08846ca9d308dfb1,0,01b9fdd5d983e22b563789d3403a7acd8ffae1c76c219f50b01efe6bc70427fb,828768006dfeb1a5d8a2b554fb5378592f01a1c4385a1294298faf02c89981af,ff3eba8610cd839a33f3dd91d664da2997e96af308190907735a2f7ef2433306,train
/content/section_01_workspace/data/raw/spamassassin/spam/00336.92409253178027f58e2c072a7e82791e,1,c56773a57c8eec6f13b9a05ad6cfeb6dfaff765aeb0418c60d3ddbb8f167cf2e,ed6d1779400efb3fac71d65d89d387f1678aabf5cd0da6164df647980c2ee5f6,dbeb754cfa38cfc3cdb0faa26f45b2b5dbee40e84722acfe1dff76d013ccb6d6,train
/content/section_01_workspace/data/raw/spamassassin/easy_ham/01440.cfce91ecdbad4a984e4efb71c5c497df,0,eeb95eab1049175cd5cc30274caf955dcbec810c3b58e1ac5b6ec00799e4a0b1,d035d422f430bb4a323d1bc898e4d038b190dd26e7fa484e703e5d08651d14a1,15be8578056707fd9903df61b509c917e3985e98e36d634e1b6e40c604438c4f,train
/content/section_01_workspace/data/raw/spamassassin/easy_ham/00452.82e58fa634669d9f5543b297cec9b6b7,0,298001c5e036514f141359d754b932641e729788c9623a6307f26b28f46cbcf4,e7a24b75da16ce2ff345aebd0b4aaec43cf02507767c5b697bbd51aed2767639,20ed6a8f19be9441d4de1bb3cae043f958f0e62d8a61e166c274a4d834a44796,train
/content/section_01_workspace/data/raw/spamassassin/easy_ham/00479.1bf2cda4c4b42b94b9b0b14ecb9f826c,0,e8d5e731f97e440e1101345563ab1331267cd5ac9968ddcb265b9f0ce3d50847,d12e0c4552cce9813d8989e0a6535e61171956f8a4fee58565dddab2762cab71,c17d1c3f187dccad61e7ad8d9bf7f4c5eb0c2317726fca6957cf8af438546697,train
/content/section_01_workspace/data/raw/spamassassin/easy_ham/01561.4d9ed1a0103b1a90cfd91921b9014124,0,ada0c6340f966bacc7a00f1bbe386ec849b156ab53ffe38c7887df5095ec33b2,c774e7e8e3ba66daa6fc9526fe60f7817c4f03645737b60ef0b3057c0785e41f,5531e764584b882a7446719430e4344f8f699f9f67efda99e1fd28c079290cd3,train
/content/section_01_workspace/data/raw/spamassassin/easy_ham/01706.582f22e10f4f792eb0efe0499d37db30,0,bf1888a70c237f8d0720344e46ea30f45abec70f8613a907a216b62b9fd65067,3a3e4a6c0deeec6096cde3a0b3bdfa13e57b6e9dadf0607ebe982ac2d6f794c8,3c5c8e301cbf9ddaa25a1a1d0c1d82756088249cc9e46090a1cb62348a68dd46,train
/content/section_01_workspace/data/raw/spamassassin/easy_ham/01330.765b68f74cf98c8f9cca11999799c206,0,9275b4db3c8a58d2732716c843fd691b28156b774f8b67c6a894c617eb49bc35,19154098d5557b6004c76348df59a6528f70409a09de429202401498dade3a65,89724955f001867ec4e9260e19e70e701a19799628ef58b89eab64c2f6927993,train
/content/section_01_workspace/data/raw/spamassassin/easy_ham/01747.147241797a056a32e99562b240ebb283,0,8680d9368454b37ecc446a27f44eba5b0f6be483da240613440ce847b931debf,f0bdfe2b6e4dbadcb975f4662b9e87debad7d9791a381d0852bda1ee6a99182e,9e94cc397e96be84275a1f230083ebdb5c2a6ebfd1d0a2d0c3b6da45ffbbd07d,train
/content/section_01_workspace/data/raw/spamassassin/easy_ham/02084.fa79aeac6edde944f05e95d07b13751b,0,fdc0f17949ceee3dbc771dc3ade9de87fc36a6abb6bdd6a8eb53db9effeed277,8b872e80ddda1251c7fb5cdfaa13669a070c97a31c4a5426d17b198fb5c9072b,5f7284af0b888112088013d2f016fd0da5c7fce0e799c01b28fdc63dbe6c8f88,train
/content/section_01_workspace/data/raw/spamassassin/easy_ham/02182.eca8f053ffd4f6353722c98c07ce781e,0,fb849619ca2bafa993a4661bd3659991b6af67a5cf5511ca29007dae505c0e97,1ff2f2c5ddb59d8c5e874a539ffc31495959722774636e0e32dfccedfd9877f5,e4562df677173142b54b4e3aa68fd432c7bf2c8b368e17469a9936870040a661,train
/content/section_01_workspace/data/raw/spamassassin/easy_ham/01714.822fd92abf93a33969943a291d819fdf,0,9c7f21d021045f5960fd403f9a6900f967137ec962eab41ec52387dce4de9e82,d99ce8b6918736498d93464b5bc11399a6a9fe8bc6ca01766b8f4ffb98204eed,88246bc6847cbe91af161fd631b5c971cfbf9c9e195053c087f86421d1b69f10,train
/content/section_01_workspace/data/raw/spamassassin/easy_ham/01918.3f9c0a50f6fcfe9f048fa71f58c71760,0,c5b66691a4f92ce96a45ff199e7cd416d6d8bc4979a869a487787bc6f3c9d0dd,67d055da95be396fcf4ffbc36ceb44a1aa70804d534e542e3eefb3d6092234b5,de04c00c996575a6639693018f387aeba56921c7c48901c04998230b1613a708,train
/content/section_01_workspace/data/raw/spamassassin/easy_ham/02454.7015a418cb0c3ca707b8b63e267bc6a0,0,6077dc2e25eb2c57ea2e004aff0ee4b1201d418dc8c01aadbd87c3c82dabb36d,d94c6dd545cffe933c39b3fa6b7234dc9a0ad0af3e5395a08d58585800bf0167,da08f6034c5f50d645561acd477d4df6fd11d43fc0f210d6d8219c2a028d558c,train
/content/section_01_workspace/data/raw/spamassassin/easy_ham/01605.41b0a44d660334296aa720bb40b1c405,0,ceaa76ea64350d52302912e4738af2015a2e60d7f85d8b27afd441af2ae8633a,9ced7d92417edb26366e72de0417fe3f44f36e25dd3e1bd1e262a893f0462dce,71568dd6f6f1504ef1e467c479c209b2681fe2e6036060301c06ae66bc003f26,train
/content/section_01_workspace/data/raw/spamassassin/easy_ham/01894.a6896770e24b5211fa506b0039343769,0,2c97ceb8679aefe696efb39b45051a3abbdbbfe5c45ac348f7b6b38c619f4bcd,9b2ad66ef13dca3b9810f6cfd937ed306698384b9e8b573c734a9739019e861a,88e2634508c661da6e3aad1385323933fd6d861faba2eea6ea19ba3bd788a91a,train
/content/section_01_workspace/data/raw/spamassassin/easy_ham/00675.2b3aefd8378ddbd20396c4b9d961a0bd,0,e7410ab74d402377cec772d46b1c5b99d5f11dd2313e9175500e5cdb543dcb9f,9954af8ca733fd0cb62fd6e22e84746952871ad4f4cf65eb06f67353caf8a438,216b6c72d69bea74cfa1275f09373a04f988e1a6c0675888c69b4164b41cb961,train
/content/section_01_workspace/data/raw/spamassassin/spam/00057.0a2e17bde9485e999ac2259df38528e2,1,3b5a840ee22e89b203b7cf9e2d843566b1ebd21028ffeaf87c0c144679dbdbf5,208b2d5dc3877be50416aae861da1c715d91128e3b88f4cfd0e0ee894f3f0dca,2690d8fbc4737abe2735d49e3bd4a658f80527e0b3b0d523dc1641b5477e7a53,train
/content/section_01_workspace/data/raw/spamassassin/easy_ham/00279.db581b9c25766016fa42b54f426e1838,0,3a5d0fc38bd02be9131661530db1d7930ca053895597fafba533d5399e76dfcb,f4b95eaaee2e1632d78a6e393afc0f146d5cda7b9c60abfab50d2e4198de7f0b,4af1c58a12492dd22eb6f6359782d2c299adfda0200dbb022e89a5d1f6fad869,train
/content/section_01_workspace/data/raw/spamassassin/easy_ham/00206.5c77fcb0b64166d0fd0795b9d5f7330b,0,72697d86e11ff1357dc2a8023022a38bfa9b41cf751376ba769180d245aef838,f8f06078c71f832ea50af37b7709ec696ec98c29325ac0c27866703f8491d1e1,4a62b178c231a02ce5758e6913dac53727451829cce82f2165e6f55d83e71b99,train
/content/section_01_workspace/data/raw/spamassassin/easy_ham/01039.2b799ff9acbf233a7842eab00fcb848f,0,30128f2d7e54813f84573ed3cd961a0465f6da966f226336926866b82556d6e1,c46ba91f6f6bb4c2e5174f9090c2f7f9793f8ee6f19fc72105b8a3b9be3e6c75,29e0d8cdc26b27ba30fae3b9d2452cddd1beb11b3ba1661e8201c9dc499ad62f,train
/content/section_01_workspace/data/raw/spamassassin/easy_ham/02001.2c618fdfdfa2ea01d0a5b6dc936942fa,0,93ec5fab2cbe893d3624f20b9da4e8af3c8e8e43453ab6cbdd67d6600fc6558e,bf39be6b578a013a2a32195a30a3477929d48aed5dedf0493056777a5ae3fb79,e066c63f800b71c13dea77aa90960dd4cf29be348e398da2db2e01a31ced07e7,train
/content/section_01_workspace/data/raw/spamassassin/spam/00090.52630c4c07cd069c7bc7658c1a7a7253,1,65d3a61cc2f4baf0d8085e23b3ef615bc1e90e9bdc568fcfcd6de87a61159d62,5383df1a37f8a9e7d0fe9f6401dd978e9ec5b2d26fbca69f7452ba14ec27f489,eab0fe1828ba8b059accd0a0a102b6636b73a81a3a433236030c333080043f44,train
/content/section_01_workspace/data/raw/spamassassin/easy_ham/02230.83d29be67d33b60cfc25c55a8a7d2c16,0,ddc1f5935adb285a21a4b374e48278202504791642d5075a80a7b9ac83ddc398,6f6642457600a0f5e23d87a6a852e898d4fe07bbd7e474723a3554f7bfa58fc0,db27bfd587419911a6bc5e4cd91aa466ba69db7bf77518f476be35afee17e5c0,train
/content/section_01_workspace/data/raw/spamassassin/easy_ham/00258.586a8a7ca9e58ea82936ef0487ae8638,0,b0d36f769218675d9e7207c53d50fd1c9901575408dfc07c4f1f3b7a769f1451,9f46fb198d9543bb97f1d3deb5b497baccbf6525028fb760fc45a14c7705039a,93af28ba363d9fe79f9471b816e0b97b6f7078e0b24f59ef752244bd55fa534d,train
/content/section_01_workspace/data/raw/spamassassin/easy_ham/01867.bef318a5c37fc91ac6973482f70e50ce,0,522a5c7778bc218e1bb18c828f9127f363de43fe3559a8813bbcc552c909fd41,b3ae5dc4bf211de48ef55b6d22f4d0e0a8c51773d3ea10489622010ab30834a5,ede3bacbcec3cb87a877c0ca1f29a3fa9f772f2df9f9fe011017cb16031b1858,train
/content/section_01_workspace/data/raw/spamassassin/easy_ham/00822.9d70f64546100d8f04b7394760cf512b,0,44cf69945a7f54e6de941f9f4462402d850af70e41b7d87eddf6c1ceb199dc89,1acfd8f54dc829e5b5d866bcc6272209c4a96691f884122f9f1c02ba0c0d9340,5fcbd20c71c77eb81061b6073cf9cf43cd430a865c3f02d9df83e5c36f2365d4,train
/content/section_01_workspace/data/raw/spamassassin/easy_ham/00535.2c21f614f9593edc5049248d6e873ce8,0,6db0cd605bfcb47ecbcba508b030adb54871a003d14d7b0b8a01df5475583d25,2876bf83255621eb87f17aabf406df58e144940a9f93f272405bdfa672ffb94d,26c7ed79a14b6ca14afab4b2cd043413b603a298be90d4a372b604c5fe5afa34,train
/content/section_01_workspace/data/raw/spamassassin/easy_ham/02225.fbb50abca97a353460a3adbfa26b0353,0,0dbdad2f3d49f53a39d4712ab14978e288e63ea213b6d0de5155bb1253d762e4,0e3702a0704b5b31208be40d30eb248de2d5f6fadb45663bb2b53251dfa45a45,17147c83e23fc30d571f6a703f43fcbb66bbae46de220d2e99b5514bbbf7a2c8,train
/content/section_01_workspace/data/raw/spamassassin/easy_ham/01375.969eb724c2a164f9a010c82fdec8704a,0,d9ea078e57af9346ae21228c591928245cc82448e9c3e44f904aec538cb8383f,afb4d4906ec7badac02075fbca70a68001cbd3381e4ede75553e8060f9f5d05e,083e0eecd26f7f6534dfd2962624d13fa5c8070051b87a3bb23380fd121a6268,train
/content/section_01_workspace/data/raw/spamassassin/easy_ham/01876.2cf3694e786c36b8538d4e8e72b2b520,0,3bf2a8ca67f944b0565f20573acacc8f16633755b128323ec13e26f5064bb60d,48c9f11656c2e4b01a77f8011e42349c2154aabcaf44874ba6e1683a44c056ce,6744ecf998746af5f9888bc41bcd62cb2d823f2db9141c2573bd8f62d5b38afc,train
/content/section_01_workspace/data/raw/spamassassin/spam/00497.ebf699da617b11135f3aa9173b9781b9,1,23f124c7cbee480f6955905c7b32c075d232f0ccb6db03f7cc2257903aa96f96,4de372014868eb37ea7536464db14f3f3e2c795ac16977d8a76fe970742e3978,85f16825de0be386c7e4bf1b35df5d1e0c60b0bad068cfc9ca089d51d164a062,train
/content/section_01_workspace/data/raw/spamassassin/easy_ham/00266.edda19cbe2bb12d6aca8f9550b870824,0,f27b5cca66e7ddc6552cda429b99223d01770063f6e8b6371fba1935175bcb49,2f25276db0a56b382a0f10e7cd382a1d96e45b595a7e55c2de24550448d0e680,1ac521560139656af510dcb237e6edf1b72972a39d0bcf3ea666c1a848091f42,train
/content/section_01_workspace/data/raw/spamassassin/easy_ham/00538.313057481a3b1638c05066fad46ae65f,0,7c27aeba53ffc6b6150d3b3db55df4ed18820150ad36e8123c2960a939162013,361e12a19eeefb45101491a24e67fd9c170b14b16ad3d24e30cc2a4f2a4c3067,f1c1b7443f7979ccb42c7af3fc827a646a65314233d55df44e77ee33a0a74693,train
/content/section_01_workspace/data/raw/spamassassin/easy_ham/01667.4aac42588f98c49a6d4c39c4e65d3387,0,d38303e56884b706a07ea5c83baebb841dbc1b207486c3a1877396f27312284b,7f938cc23d8903ef988671b245b7b76dbb5bf5b257099acd56ce3f18ce40d140,c035b9515dd9d2dca0e0598def743c1cd188a0b2f90ff8970ae534acd2d7c392,train
/content/section_01_workspace/data/raw/spamassassin/easy_ham/02418.a437a22a14db25e4a04a3940407084c0,0,8853973f0bd5af18f7b4bb661a28dfef0096628b7a9281e6ac9732d73c9385f6,1b6a93522cf384388b9cb9146fa91fcf7f16e455f172662e76bc73478303ade7,df89205494e148f2112612cf0df03a601596eaa4f2b9ad6b700b68138348a9a4,train
/content/section_01_workspace/data/raw/spamassassin/easy_ham/00084.2ef0c65e298880c3869b39dc95b40e8e,0,45290656ab82ebd73c3b4c385237b5ad5846e38a3365e0ca9f1023127e2576e3,9b5eef42aa3e8a0ff136f491faf048f54b125aa837d7103079d3f4d283d3f250,6caedf69cc7071b1a4d29f3335832e72412ef932c78669c0b32c522f22e1c4b5,train
/content/section_01_workspace/data/raw/spamassassin/spam/00081.123b29a781b2e8c83763e5d440e672a3,1,c7a4390cb674606c9e6718fd65217b239ec493e682dd9f750c6699956a2b5404,4bd246aa3baf5abedc7cd4b5837265815a70e0b1217d1545136f8c6d210b2496,2c103a980b0c4fda0138927c5f43265d2eadcb8452b170f360dae3f49b0fc0ae,train
/content/section_01_workspace/data/raw/spamassassin/easy_ham/01889.494c3e4735873024c557ac4b0a4fae61,0,4f408967bd7a6f1863737b3fea9c3582d6c593a28cf5dd3f6927470b948cee9b,6618eecac4672dff31f6352e54f750cf3c43b7b99c2dbb2c7cc6dbe3b7d5d224,4e56c14b55949dc738d84db8b6ce7c351381bf1e0421f185c2b3e7ffe34d2375,train
/content/section_01_workspace/data/raw/spamassassin/easy_ham/00591.3bca4fff29ae5e89e2e2948401a24ab8,0,d16004b0a3548cc3b51ab8e6c2127e9922351451e420438895878f0751f9bb10,edba513fbf4db99ad7c57b2610d318fb87a5cb52d9239ad69dbba10147672572,9fcea92698b2b8bb82f1e0d7a075b62f860accd20cd1ea331d013c1beb6c803e,train
/content/section_01_workspace/data/raw/spamassassin/easy_ham/01396.54a6a27cbd8983e74c7646cb18330f61,0,d541f7b75ae0d772c2a9379c147d0322f9f7324185198c621608dc97e3fb3f55,c8c89a77d2bf8cbbedd049c8bfcd06a02fea0b9fad729344918cdb7b1624d483,24ac7f020fe614cef816eb2ead9679d4be20d19789ebf4516e3b3f9e6a97094a,train
/content/section_01_workspace/data/raw/spamassassin/easy_ham/00286.74f122eeb4cd901867d74f5676c85809,0,b69b9d387a094dcccdbe35b2fcb5136716b6e3bca7caf707e08a81d286ac0ae0,89cd79b80ce6727acd5b6b119d96cb202500389b353859d7f60780921dcd7ae4,a6f6697aada2beac719200f828f7276ee3373afa825ab31ac16113a5ef392080,train
/content/section_01_workspace/data/raw/spamassassin/easy_ham/00794.ce4c417f911968e4be6ee1203db0bd94,0,d3dfba8e2f07ed1a45a7fda4b554ffc226b5d5f87d09cef8ef0c7bb9267940fd,669e70fb2d5f4fa8dd095214627f28bc0208e0a2632c7eb13bd433943a196c09,6437addb3dbd09c6dfb9480478b117c435918718f0bfd4d46db25b6aef75674e,train
/content/section_01_workspace/data/raw/spamassassin/spam/00492.73db79fb9ad03aff1e08deb73b83203c,1,7f84a7d02481dd1b29a66fce643c47083008a3ebc807d9bfe83c341b3e174e80,e47b5f683e6f26a3b55ac811b9e638572b93a1c10bafa5540c136b601d2cd4eb,5c387166e1398dc5ab0e39112ef01a836c07c2051f827e974f6abd8b3fcbd21a,train
/content/section_01_workspace/data/raw/spamassassin/easy_ham/01682.aabc3014dc8e7bbf3748d1e1b2afbf56,0,8ef93ec8cf22ce82c635b865ef22f96d72807847fc0c65887c408b529ad7ce36,58a482a1358062a159395dd99a33a76d1cac3d5de4d27ba2b7fbebb785db2ea3,865e3a1aa817134323e7d82d43652e12e0471f693c2b062b328da1f9406b3fd2,train
/content/section_01_workspace/data/raw/spamassassin/spam/00030.0c9cdd9d4025bd55dac02719ec8d29dc,1,d09fc16cb47c7f4f4a4b6f183f07fb2a5b7aa12cfefb925c11e5942e59d5ffaf,c00fcb8b96fd5bfb1c44c45b12c2bf9cce18fae74b4bc9e0f1f3a04d300dc9a4,c121112279477a47c682e0060ec393a4f918a35cdb6931ecf860a449d03fd607,train
/content/section_01_workspace/data/raw/spamassassin/easy_ham/01692.3349a6670b58d2a39307e87ae0012294,0,6a1713a5cdfdc1db9296f69fac8cfc39dd367d102583de2ecc35a8d807dfcac2,2afc1fca81647fa05ca9916e37b5d6ead0123b9c4acc5217ada94769fd09161c,ab36b936985066005875eb3b246794fe50212fc05ef09458d066813801389dad,train
/content/section_01_workspace/data/raw/spamassassin/easy_ham/01688.77ff25da8e59d16dfba5c708a0cf3b69,0,44b1b89965113649118dc6f900935142312e9835202db95a7d0b7894a3c334ef,1be9b687b34b399495ec5a9b4f1a1841fe54d72af4b91148bdfd1ba5b50521af,98c432d561363a8dfaed4f3fc35807b48db706ef48f6ba702db8740b5753561a,train
/content/section_01_workspace/data/raw/spamassassin/easy_ham/00600.a1c1bac6e4b69ad676c35512fec98e05,0,ca80f6815be5851592af1f9413ac9d3274bdaf231fb87d3d827d4d0bbc9713c5,742b958ff0bec42f269f7524dd51fe19ebe4f795da1060837d7e3134dbe88527,7fa0f255574b35ed141b765a70817b0b5e36ec0a12f6d772124fed17e9df7e31,train
/content/section_01_workspace/data/raw/spamassassin/easy_ham/00539.f3a3a009e8410ed004b045e724be525a,0,7b69fa00cea78be17aefb41739c6c8aeb9885f45af434683e2c2df9e5cb2c171,aef40a1416603fb8a09b8618597fbf727e67ba2156244a7273f47151d0c5c059,5a14b6d68000d86399405f133a016766332cd4afa81b8e87e505a806658e3377,train
/content/section_01_workspace/data/raw/spamassassin/easy_ham/01985.6c30949152f8ef16b89a14157828f338,0,522341f23d0b9fffecd61f8de5b9f353fbdd4ee4aef0a742e28a05b3b8163c3e,9f4714d356dbc538e1b24adff2b20ca0ea5171629ed1796a8592e6a4dc115682,040e9d7de90227542c6ef99b3662afa76c9199817704819029e7fc3a2ab18575,train
/content/section_01_workspace/data/raw/spamassassin/easy_ham/01477.705f3f5f15f10c4ed2f2cf802e1a5bf1,0,72fe0aec2b3c8ae46bc65726637af64cec246d60470335554a1e9fd544ce37ee,36cecc48bc7a1b0d7323035e50082c5be0106012f55e2e0eb24584268cfd7e9e,2b539eee13c21f4700c2cc98537f9fe7f2a998ee6581323ff256374f7fe138bc,train
/content/section_01_workspace/data/raw/spamassassin/easy_ham/00489.2a739cd71c4667d635698fff5120bceb,0,78c839307a2d75f17493e7d5c9fa08cc10c41202e96ac4dfddb6cdc236d702b8,3f00379f39d7b92f8a508f60fa5809e23e6deaa5ef1eb954ffc437bd60004d07,bc5a479f47dd0fb195f40b9ebc4914884466acbd98ac8e695598c861476c2638,train
/content/section_01_workspace/data/raw/spamassassin/easy_ham/01343.bc684655fe9c17545f0eea20d6ebdae4,0,d4bc150c02e93d96ba3fa171d5edf04fab23e4fe383ad81c41888d168f66af88,ca1c0c61acdf41e56134464b2e9fce6f660981dd1843f8f5efd8df62dcd69ce5,149528379aed163b291f196b4a11ea5ac19a2bb1ff5639b7ac69f9e658b484dd,train
/content/section_01_workspace/data/raw/spamassassin/spam/00456.b700dd37219f192d25cfc87f5c97a86d,1,ce311e1ff2b2f411d5af5702a95d2f531dbc5e29b649426c3f0c77a0fa0087e6,89bb7352a4a228014235405209b49f19e93be8654ab8187b5d863e5246350e92,0a104776f6a7b3fc9b37d4d8a2c5f99e8f91dbf5c6b10aa320263c8d35250b3b,train
/content/section_01_workspace/data/raw/spamassassin/easy_ham/00326.e77a07ed3bc9f0e54bc12c3ea32e25fa,0,4221f3ad2c4725d1b7df1cb2ec8332366b35bcac94da99badfa9bd0b6441ed70,b247d79fbd40c9c3becb3ea4315969668b50da683bdc12a61bbce69e59a23d90,3cc0c9eaec69a15a8066f5a134372dc374fa87f6a754d7de1b01f9a33fe609f4,train
/content/section_01_workspace/data/raw/spamassassin/easy_ham/00824.77239fe11a4e1336ea49ba0bfc2de54b,0,b9aa8ffedcf5875bf340ab588ac4ac2519f71037c4f698a3e03a6452c18afb95,f2e881bb159cc5ed325c4be0017770be388b8228382bc7499e0160b7f3676179,c6900aeb1f568af40667ee51f0cd64bd9728c4795330548f681ca9466a344ff5,train
/content/section_01_workspace/data/raw/spamassassin/easy_ham/01576.6b733eba3bd6a287e0ef2a99b9afbd68,0,2eab8a8f0a47d5332d3593b9ff62c88d036c42d03926bfc5ee68eb4e7fd16e1a,881ab9a3ff528a4e5bdf639a33a911c13364c8cb0859ee8d46b6d06f76b9c605,21ba4d1f016c60a9ef312978b37e9422d835fecf7620ee0dfd58df2eb36537ad,train
/content/section_01_workspace/data/raw/spamassassin/spam/00222.77293b7002c5749b9d31a99b2f4e0366,1,9ebcd2efa5c877eb5e4983349a6fa00a99ccfea8b24e230f3a95b99df1c67047,892f9958b182326de5ee3064400c1c37cd932fd36bffcf61b05251b2b9257b74,5401b5eb8396b0d15d3e64ef6a9671dc8dd60de909a651068d7aded208ac4456,train
/content/section_01_workspace/data/raw/spamassassin/easy_ham/01471.df4b4b9ea2810aa90193462b95cfc05b,0,b0a6f4d8ae0707ecaa6610cecaa3e309b36995730f68b2dfd108acb735b7eb48,1cd1b4a1ba9476f51ddf0b72d24ab7734d1d1a0884771a36f269e73739e61a57,8784da3211262f7d2003ff9a8943acc872631de1b9b1edf5a03bb3e0869fbb3d,train
/content/section_01_workspace/data/raw/spamassassin/easy_ham/01099.7273b08ddcb69f15239cb516b118be07,0,322f524dc7b8615ebf8d9eb41f8cbf24a595a86b02d91beee12d40bb503ba464,5408fc652c6f5764b93bb0cb768f26533ae49d815bc222221306ce05bef12489,cc724d4aacc2ed2b2aa4b541cb781baf94c19f428e75aa8f9207d317d01802b4,train
/content/section_01_workspace/data/raw/spamassassin/easy_ham/02320.9d983e803c0325063c06097d7bb4b3f1,0,4e8f2600cc6026f6ae4ca3046a2e3115a1f203e04e3d9a63e721b5771de179b8,f46f1b7f968410167383f1543cfce531a4d81b56b2d5cec83b43207cbbf42936,79aa42e8110f0d39355d54f2f8b2b1a600e7902aa144417b4d0bc4d82b277be5,train
/content/section_01_workspace/data/raw/spamassassin/easy_ham/01835.c8221e8dc28b9896f51c8cad173a2321,0,e5b8fb869cb8e56f4ac45b46a4472f36d8877d54905c3bc66e8f65c45d37b1c8,d3df0fa55386789afc65070322454f9154f93ea7c4e9d6739a7e8a822340f956,5f7b59de39eeed6c7797f7237de3d7852d8205cdffd8a61ba7b7b529ff80c74a,train
/content/section_01_workspace/data/raw/spamassassin/easy_ham/00296.fd066cc4153d4d6e65dc8f06165e3f78,0,70300e342250d98926ded7cbb713c09e16de5b5d6c29529ec7be953a0c0c76e9,3d7711d391870a360906959ed4561355d957fdab3721f4fef2f8f588899c2da5,71e2f27793c1bf263fd49b0b1915589022ba0fedc61b834aa1e569461803d057,train
/content/section_01_workspace/data/raw/spamassassin/easy_ham/01623.e4e8861a3bb3e57547fddbaba4b76f3f,0,55f81d4edf4a47c400027000e236b18fb5a1e1f2d898a5f8ce9f854cf7826754,643dc91fe8f5ca607f486b78d7c787ad504a9cefd94702850b99a63b8734c2a2,0df0ea1f8e84b78ee00c4540cebdc58e75953bd00694e3017bce3d0474b3b996,train
/content/section_01_workspace/data/raw/spamassassin/easy_ham/02386.50c399343f4145ea32f5c5e6828ce2bb,0,4accf4e1d9213f2cf4db44fa98bf4bcfefd0d962301e01a688c944819ba814d2,00d2e41cb96a7c73143679e886fa467f2c1542f18c244c196d55997f7d182b31,4210b748c73cf5617767260ef88c8aefbbc79ddcf60da09e113f50c1234ded73,train
/content/section_01_workspace/data/raw/spamassassin/easy_ham/00237.885411da9a2cf59e223a953a1747d44f,0,4e56689d06e05afde44c2d68f65c53a777dd00f44ffb995b2d7ae1aa1e4a4d83,176a3d0cfdede7beefe47342dea5645a4e190c0fffb319566131aa1d87671013,f736433ed0d05666ce5cc5dfcccd7139ce505f6d908ff67acd554141606f0e1f,train
/content/section_01_workspace/data/raw/spamassassin/easy_ham/02444.5fd7d2baf5c7b8866a9a51a4a3dbaf2e,0,6ac23a726bb0ee9e3a35d6a2b014264a784d172955f2da9004fa1b57239ea331,2aa0f209eebb2a42c23199bd2a1e7dba5e72c4c53b42e4349c291b5dd1ba775d,5485f9fd62c61b79c80016c1efa26e1004e724ae7a21085342b68d33c27db504,train
/content/section_01_workspace/data/raw/spamassassin/easy_ham/00344.99ffe210a9d425a86ab01840bdfd86c9,0,cf0fb5ca32259a0b68e9c11da75f1953e48e031e5ab97ec7ddc4e0062301032f,e1682efb407241091754305340adce7b7c73a6ffc8b47a72ba08bb92a4e2aa14,719d26bf43907996208fdc72c00833c91fbf87c8beb607713609b84fc6ff95d9,train
/content/section_01_workspace/data/raw/spamassassin/easy_ham/02426.d591c3ee3150dcbd9da22a4ed8f69c75,0,83dca4a4e2cc043e557ed4c1602c4866b46c9c4f6f66f6e12fb12dec2f82f8f3,711755347e67addf786aefebb39f3cf79dae2241ca076ab43e1bacef71bf6dd7,26ad810ad3150c14cb21f90967c66096d548a5c8f067c3f88fc9c671f494f477,train
/content/section_01_workspace/data/raw/spamassassin/easy_ham/01049.91539978b8a1bbef1b7eef0bb123b07c,0,df05c182f1e3ef722062983ec95d280d2a082ea23659520a015663c63d5bf2df,25cb31033af6f4b90150f14a8b8d04200de2e3cbaf6869b6692fdce9f3a4d4b1,2c193af8cbeca5dc4bbad644a320876552141abd2184d72ee2ef520b5da38ea0,train
/content/section_01_workspace/data/raw/spamassassin/easy_ham/00988.2154210bb53f94daded7a622e26225a1,0,0c0fe0a7345d50913aa5cdc413ad718188b260fadcaf099f03890c8b605064b8,eb75df4a3b9010031953b3b9827d8cbf964431c394f81888b5e46823f861f803,0924df5876039138bd2db96b3da95629ab0e5f62b3768534a9f345ead3b7e9ed,train
/content/section_01_workspace/data/raw/spamassassin/easy_ham/02236.46b510d2f030ddaa7bcc52ef26535bae,0,967288686e8f44bf59728039eca9fff7a63c824bb6539ba4c82843526741cb3f,0cac774d7e6722aa2675c2ac624d3f10b3622771923692b0607d1196db3b4443,eaf4a0b1d2f6de07cdcca8f4193ebe073f8e7ab05a242d37848ce5b3989ad398,train
/content/section_01_workspace/data/raw/spamassassin/easy_ham/00173.253a0161257f4fe309df9d9ffabd5ef3,0,a5092a09d8c723b06cd09111ae67564efd6106ea216a95f648df7778032e8c29,0a9350bef15a237cb587c81429b399ed2e7e3de3fc3f68472dc493e0adddd2f3,b2597fa3ad304dff37d62a986b074033098813bb84a59db34b14220a30e7aa59,train
/content/section_01_workspace/data/raw/spamassassin/easy_ham/00641.96719d053974ef201283237fc146f384,0,20415cd0504ea43b320bd67c01693a50197edf2c065483871b0006dd2d350051,50ad11c4d8d2ea0b44345b7dbb80b0324f8fd5f7938c1f14f732993b88ce4afd,0287a22911e0ecfc3afa3d69b2d0129188ced61ea4ec74221d75d215836c704b,train
/content/section_01_workspace/data/raw/spamassassin/easy_ham/02120.335e5984c47786e3ebf25a2b2b8df23b,0,4ca0452c4ad8eadcbc31d0eea4aafc4711378ab4839999d4e8e2b2c371d2d0c2,4d7e26cad3b26ad01ba816cd20c3710d8566a375db2130182a96a1555c48fc84,57121d4b7cd875c4739f822f47b989e30e7d866faadc284275fecf97e437bcbc,train
/content/section_01_workspace/data/raw/spamassassin/easy_ham/00893.6edf02e68e0e172b2142e5a75d467057,0,e671576c549ed4282947242c82bc193a1e3bbdfc544f063a803eeda96b7a2cc1,4fab884310fa50b46a1742e11732f4ca7603c9eb14ac23011ed7194daae68b6c,7354350fe85d0beff6bfd786512aab5cd9101f701ec474a190b875d7a82b2876,train
/content/section_01_workspace/data/raw/spamassassin/easy_ham/01721.33f28d80618a37469e4530603d6f8b5b,0,82203d28d2e8ea150b4d3f3e64d6ae57da62d7827879a1a4579fe36dbd3c1d25,300a66376e2c1a26f1bae4c5b2540b83a1d1a242608d9d9c09919a1ef14113fc,f42e11da2c1f36e3be8a46cba439ed9b1560e52ac270ab2648e579a8d181e489,train
/content/section_01_workspace/data/raw/spamassassin/easy_ham/00460.ae11aa8c20cf158f55b6a180679d74ea,0,57fc8955da7012428eff784f8cb82848933109b81396e696050e3c8af067c5c2,8172d7addfbca529d890462dfcded447b988c61e4cb47f09b5d708a465937bbe,bb3911d3bc5533383fce79672b6090fb696cb318bf291ce7b941a052cc220799,train
/content/section_01_workspace/data/raw/spamassassin/spam/00168.7422ce438a3d745e2cafb7430e5ddb0f,1,1cf79b9be6bb13dbff2e348d4ef9795c97310b5ce279c9f0e7b35dac51131cfc,a7c628041ebfc8d42e6344578d137293d8a1ba0caacee2790b7c73a810ce1c26,45cea0e8162db1cc21998f82e9f8fcd46e171769e106cb373d4c74a0661b93fe,train
/content/section_01_workspace/data/raw/spamassassin/spam/00099.d41a21dc96bb3c3342292f7c9fa4db1e,1,7d58cf873eb85c6af2c84ef1a989416c9f7014f64834217d322826855cf814cf,140ccb3e6c7793d5a74b08b449dcfc294ffb1f7bd78727ed7df29bee61add493,c6867e79f4192a6f07e67b65dbcdcdf1bfabafbfbddcfa028015675ac0ff7134,train
/content/section_01_workspace/data/raw/spamassassin/spam/00007.d8521faf753ff9ee989122f6816f87d7,1,5587807b85eebb8dce3ac2c165a15301587a2437c8901681a641a47232c0d15d,7b6b52ca63d3f5779d4f48e5600ed7e170c250f81d8abce834c2d94bfd021b45,9516112f567387e290a27397336dd6070056382e370b59af05f331cfdd2da518,train
/content/section_01_workspace/data/raw/spamassassin/easy_ham/02196.9b6d21c546d5814dc10c9f87b1bfd945,0,a712bf53c072a5e6b1f1c611f6843763696e5bb30cbc7ae0d387a0b6293e50ef,845a806ca54ebc5e3791269dd51b25d6f8d6f3940618be6246e18a23e6705b78,10287c2646f164fd2da1128f10f68cc18ebd8bf3a5575c1e17d4fa0159053d36,train
/content/section_01_workspace/data/raw/spamassassin/easy_ham/02403.e2243f5db10d146f2b44dbb87159cc88,0,7e96c2c9b2d05d25f363cf38963eaa2e919fc6c91ead1144c7de38d2d7f7521e,1463d7f2361bc71a78ba55c3f8e6965d5dc1be52a3cca9dc133f5c90ccf2f9c4,18d7d665a293de9aa32a9d809f7a6c1b803bbc2a9a5568ecd47cc76895ceeffc,train
/content/section_01_workspace/data/raw/spamassassin/easy_ham/00277.0b91824bfb092e74957ecff204754944,0,45bb6f44beecb56981f8544835aa171abfd8ce9ffc0f3ae60376cf15a65f386d,70212525259717cbf0615c8fcfed129390c217e7aeeb697542ceb929c3026dd4,b8689d16e52ea72ab4c4e78933bd452ad9bf4d761f4e7528db1ba0f8a2951826,train
/content/section_01_workspace/data/raw/spamassassin/easy_ham/00864.95da38aac2ee9c6c8d36d0f2f1e8c8e5,0,629c0cd8dc58dfbc8f98f85254ec5303072eeddbc9f00e593489d388cc225f92,7ef1a02ecb2fb1ea7656e5adf675a4bcf2b0bb563822449b80304b5793597d6e,7e4d2133f2fce101507cef91a31364b628430cd688c333dd1748dd6f16961c16,train
/content/section_01_workspace/data/raw/spamassassin/spam/00217.43b4ef3d9c56cf42be9c37b546a19e78,1,f50c6780b1fd4a1f0af63681039194053cebb0c8404f32fcce45d2b3ca6d7617,dc31aa0d372365b26222030e134fcd7c053c8100efe4e8ef6248c9894b25fa5d,2e20d114a9f9784376e3d397d16dcec4008bc73b01cee1d369710ef9427fd306,train
/content/section_01_workspace/data/raw/spamassassin/easy_ham/02141.231d4ce2138a09cb98710f20f5e65765,0,97328bcd9f494460c1ace02ca75c6adb24dd6db3a93818ede9d93965335951bf,62d9dd616c123a0df221182e4a445990241404b00f9f7053d6120151c0cfa3dc,a24233cbbecc24f4a45148e4896c0aad34f753c72e43484bad489bb98ea456d8,train
/content/section_01_workspace/data/raw/spamassassin/easy_ham/00855.8e0647984e6592b6400021a5b87ee133,0,89cb96b9d9df25a79a6c3d85754a8c0180aa19708a3fd3e9a365d50469eb911b,ed329a03f02e4d7e585b6693a4e023534c6551e026b9ec5d59b3d2bf683105eb,1913d1e673e90b517161a2d33db52685ae0a63249664bdd6972e940554ec932c,train
/content/section_01_workspace/data/raw/spamassassin/easy_ham/01817.90971d2fe4d8208860ceabfc847c418f,0,61da0854477e894404039e73419509196237d828a2b6e0c9621a900fd7d1aa60,114c6e5dcfd9f33cc1aa77ba5e3d924fb2cf729fb3b76b3ec19318cdfa248609,b66cad21f37beec759264fcaa4446336da3d1f5f7018ba078363823b1a07a0ba,train
/content/section_01_workspace/data/raw/spamassassin/easy_ham/00027.4d456dd9ce0afde7629f94dc3034e0bb,0,972edaccd1fc7ac3a3f2f73f47c1333e1db700106dc082131449331708617fb3,ad5a54178b3f6ca09966d363777cfc6b75394842cebee29dece5584ed9463049,2c1dd12a99de4df581e7e376736eb45122f0fbb4f490fc2d417f41b137917637,train
/content/section_01_workspace/data/raw/spamassassin/easy_ham/02158.8bf79606e0b4c729519937615b0fb494,0,2c8d6abe3dab349e8e1b4f306efaa6704d0b4ef661376eb27b5579ce16819540,bd9f4e9023c3bd9b9dbe22c721cd5b2bfde67123317a5d2e5c6677a4f1040efa,b6b25e6195e77b3aba21e7d391eb77ee4fa048b4afb4128e9739d94f5e2a550b,train
/content/section_01_workspace/data/raw/spamassassin/easy_ham/00231.b295668c907d5f4d50f8e9db78ae5714,0,9b1d868934b2498d73e01f594fca063127b2efcabbb63bd1539f8ab317372547,bf45b250caf027a760ef9553a07cec20491e645bb0dbb66749cd1888176fc779,260724d1c2092818c8ee40fbc046e6c47a8e540309a8a5be51b56d274d8d8734,train
/content/section_01_workspace/data/raw/spamassassin/easy_ham/00222.09f314ba527328f1537a99a2423af0c6,0,5702ebec8de45b49460731cd7b4a63d84118875cf9b60dc6eb67660fc99b8d0c,ec55d9c29b3ca6accb169e39d3bfcf211c8e7af31a7e24313c2e74392e0d216d,a06dba6ae5bd475c3469aa5b760b364dab02a16d0613a0d97e15590cde7acb20,train
/content/section_01_workspace/data/raw/spamassassin/easy_ham/02462.4f93bc374730a117b103d5c3a2d699f6,0,bb789cd5a205b1b7755a6aa03e605601f5e38ae7b389ff53b53553d29b10330b,090978c84a8f469fe9c4ddb18486df8b11ca827dacf78fc17aeb5d6359966ae6,5425509c95e5c666bee2a364b7cb6e30c1b42da476c9130aaf022261ad38e62a,train
/content/section_01_workspace/data/raw/spamassassin/easy_ham/02325.95960d8f09ba654e65217297bb9cd0c7,0,19db15397c955905f09d75d3040de64d8bc104ff1d8d4f337fd9862185e3c9e9,ccf0d17850cf4b8598b332fff96f548b83389ea86e58da2aa2b082e280f4febc,ab4a2fe3b2bea8cd007c5ab96846708609b5d21aa0c391a037f3fe05160526ae,train
/content/section_01_workspace/data/raw/spamassassin/easy_ham/00346.f1d941485f6a20b29329111c59760585,0,40b9f44a40d73a414172075f618f1e6b8e173dcdc707ff6eb97a2ab4c6252ac2,8754546729dd5961bbe9f31fee31626fabd7968210b802b41507d8a4d11c26ab,deacaca70aafe82d69cb4a2be5ae3ca4de519c117886a61a0ffb31e794c15cda,train
/content/section_01_workspace/data/raw/spamassassin/easy_ham/00910.ba4833ce4dbc0ae64d1c148cf41aedcf,0,150777cdc7b738ff6d6fc18f0aa2fbda20096e407c8de71950ede194f09422b8,f741f25a6c9948bb795bb5b298cadffe676a05e0b6a57b835dff088cca976644,de7e72d14a2f01c766b41f5fe03084fa0a703a5bd966d777f9c7ccf335170557,train
/content/section_01_workspace/data/raw/spamassassin/easy_ham/01597.03954d8ac44189d40142445ac632f6cf,0,d94a8f52eb299315f49806bb71ebf9dff10235693d78bdddd59cddeca282309c,8706b11cebf77d8a652097fc471d7ad169e57faecc90f012f4d5a9045e637730,96037b30903234c19c1150a766338ee8508de235ef78f846601f91bc35445025,train
/content/section_01_workspace/data/raw/spamassassin/easy_ham/01685.26beacaa0fa03cb6199c57b8a99a2852,0,faa8421b369bc9274745db994f399cbd95791dc3ca9ba9aaeb63d289bcc09aec,cb018ad5f5a6d2364c76078f3efb762c11d8be67e829d9e20df6aaa09ae7e602,bdfb1954941a5ea5ef98b276bb6cbd1c19c134bafc884698c9d9f6a59b59d11c,train
/content/section_01_workspace/data/raw/spamassassin/easy_ham/01460.09c189854f1d2107aa2ca1a9f3d3e167,0,dace7c7eeaf5eb4a719d94d07b6ba80400765104382731cc7a4018a22a52cd83,d6b6941adc6772200595e366287808006abcda39e517d5d3bbd22fceb84bfb7a,a798f99321841faeeecc0f6b3c39bb13ea8db4ee1c67b2988447ac86d7f92a03,train
/content/section_01_workspace/data/raw/spamassassin/easy_ham/02482.35c166ec6a85e108ad693ea43329762f,0,a6c55d20fbada126ab1566b23193b5b8493b170ac88d9fe390e99c5b08608c40,8c3de0ab140a899aab4d13c5f6db4777ff39d71e6b1efce0bed9f45fd756380d,5852002358305f581a52c8f1832a74491fb58fea129c9d3e385614af5e2ef81a,train
/content/section_01_workspace/data/raw/spamassassin/easy_ham/01333.fa9c7de34b2a881a69cf649a6a89b15c,0,307f1ffba0c3ec23e358218d5ce8a6d73cf22a0ab29b97e35f48d5f65b80016b,8a025b3a9226bd8772662e458e3b82b1b2235b2fed77119117de39541c4058e0,9bee57ba3ffec3211da356fe0de00f1670bb6dabc82ef39f6578a1ece3c47e6e,train
/content/section_01_workspace/data/raw/spamassassin/easy_ham/01233.e83467b2f6c65830f00860df89f3b0c5,0,ee3b404b8ecac479d35a1f6fbc4dd6bd3fc2d90cde96768532243f19392e565e,488529d8f937139a4e764c259d5a3672857abed44d2eb1d72ceb512b753ce380,99c658982ac55c1ecb191b628f2fb6d1ddd8d359f346d6f1b47b19816b9c9527,train
/content/section_01_workspace/data/raw/spamassassin/easy_ham/00325.4c10ab2dbc1ca699e7ce7a4f8aa89498,0,d72607321a09e9ffb9ccf947abdb11c65b02037c082b707703d9bf2bab47580e,0510a8be7dbbab7f811818b24190bb02c5762d8c7330641d6723cba496eb9024,3e1c5a47eb23db4b48672d329ad59184cbd9c80a84df485a0a31780715831122,train
/content/section_01_workspace/data/raw/spamassassin/easy_ham/00963.0cc9003be43ed6a642376156e98f5fb1,0,a5788ad6b351b258f347bcf1366b4261aa4ff8341ca4b78a01ab1de0715c62e5,8de9b7e3c8ffd1ffef9d3b59cca78715c3543bde325c6407c58544f7b76c31b5,b138ee7ac4d96a0c65f91a87e81f9bb5f0f024bb2d1dd36e4ae222a6a9a2ade3,train
/content/section_01_workspace/data/raw/spamassassin/easy_ham/00042.efe6317ef2ebefe739aaeb4f0d51fbdb,0,5b77243d5416d983a77f88df974912e96987b65794390a86364c8ba924d94980,eeeb0d82174fc44ab972b34bf974278a7f3d1cf05ef46ac2421c2f1b386bf5e5,86c80fb01457e2c711a4fc27a6e460292b2531b0298ffc474d1422f1a628e2ba,train
/content/section_01_workspace/data/raw/spamassassin/easy_ham/01289.1546c81997f7f3f154f6ef18d6e6bbf7,0,dcdcdcb6ece1942a452759143f9aaa2d251b4e736b96d42fe60e055813fee266,5c64338553b57ee371bdcaf2b2622108dd1d98e230f7359dab77f2a97de60245,ef3ec17b14c78bebed85dfc816924abd160a02b47568ff7c7a40791939d59a8b,train
/content/section_01_workspace/data/raw/spamassassin/easy_ham/02181.a7e15d16987b4db753c47d2ad7ebc84e,0,50834b0284e58865711f745f35dc29873ac053bd71e3082da27a9abe3fc6549d,bf37514a180172d41408f3a3f8b8b899b5b747997969a6952109a505311341a3,f58d2fca41ac7c1860fa238f5c7628fff432f6911742080984e5528e651f44f9,train
/content/section_01_workspace/data/raw/spamassassin/easy_ham/00044.d087bf5e76ba737908b482cb028b056c,0,b47ebb9df0e4310995106dcb05478453bc34755e52d0af4f29c36b73ad7e1856,e18a3bdcd4619fe248801b751c98f042be1be5287d39de0f004fe758bdf9a042,3f9e2c4cc94ddca4c31cade6596d3b2decd5e334d4610063d7dc809fd65b94ab,train
/content/section_01_workspace/data/raw/spamassassin/easy_ham/01119.055376f4837787aaa7890bf855b45dca,0,a371bb34b8bff1e6f51dc060dcbfc1b6fa9b882211c20916e3b8966c30ada358,fc00685b2ea392426c13d187656e5c489abe06146085088ca1530af15bc09d96,6c0fa74b6d692a4d94938b8f4a8b30a30ca856bb0436af821064d60003e3eb6e,train
/content/section_01_workspace/data/raw/spamassassin/easy_ham/00290.98400fc8bb102f11e201c037a613cf85,0,74c4c932b469a658d3379701f66b83d91bb6655879d1574470dd5143a5eb46e2,0802a171181f16b737dc4e1974ad2a2e550fa84bf8c749167fc5d382cd7aeed9,eb92cb45afbd10ad709506376264d756be82b715847bef1b4501b976e387938c,train
/content/section_01_workspace/data/raw/spamassassin/easy_ham/02195.6b277d940aa10f421b1eb0aa9b540e50,0,4bbc55017af3ec57464db97c7b94681e6167fb495af34f86856faba15ad2583a,f713e7ce68d3469fce6a5c982921575adde109a83e26c4007f2e34639c990d60,5ff84eabe3e0932a26259fcf81350c48fe06910965dda7058e4dcbeb5ca2b7af,train
/content/section_01_workspace/data/raw/spamassassin/spam/00466.ecb11c98ec4511b5422b20476d935bd1,1,b496f2bbb0b0bffa92c5c3cb950f6f1036aa2069e1f8e75018492af7158bc67c,584e6ec7e0a46afad525b05cc9402ffcc7824110ec1e3517d645ffb4b329cfc2,bb40d60d00fa23e25d22cc22c4a1d8ec18535a1fa45fa949e979f7875aeefaac,train
/content/section_01_workspace/data/raw/spamassassin/easy_ham/00498.05456f69b8ce95cc1846f396b73f31b8,0,bc2a70cf9e9546d9bf234a3b0c188ab6fc2cc695709d3945ffce346703f94bb1,695a5cf59b42166346803705aa64153e0320ddb1a40176e4175cd21dee112e07,7388fe58c1b7b48b234d038a49fb2df7eea87be1872b9e9ff1c87bba6ade0126,train
/content/section_01_workspace/data/raw/spamassassin/easy_ham/00426.dbc70af5d406b97fdf70de03697f5a5a,0,21c929c7ccdb4ca8c2d3809f58bdf2128960d8dd208a0b91015a0c1ce8abf50d,888bfd90eb7f5dc5db02023ae97cf4bc86b8d9960584e5209afcad9271f3691d,5622891e7d3d4fc6701246ed03c82aff10058613054d4b74f8c8e28e52059ec8,train
/content/section_01_workspace/data/raw/spamassassin/easy_ham/00695.4ea4110f03a11a6f24b27420647d375f,0,6ee928041a1f62af94544f3da7c3c308e53f89281a17d16645996062a7deb17b,d5ad050c7df37debbeea05ddb675d4a80a159d8583a46be4e841f03212faaef1,74ebe75d957c34625fe081b4211c75384ebac2dff4a39463fe4af54e3f875f3f,train
/content/section_01_workspace/data/raw/spamassassin/easy_ham/01078.e83af8e93466283be2ba03e34854682e,0,a5ec7ac2ad1aea712b1e19209d702194f731a6b354830b38e8e7050f4d48948d,c5297d1fae012efa5fe80475e796400faf3ac2b7fee9324e466df963c836497b,a260af43f42656d76457e7454854227b516575627efa641d826cadeacf9cc732,train
/content/section_01_workspace/data/raw/spamassassin/easy_ham/02329.26c7e9813ea8b29dce213bc8275e2904,0,68d2bd514c153d0c15a2bbb093087554c32950baa24115da6d3edc730cdfe8f9,9eb0f80a8bbf49d3562c3f3a3f3580e2977cf784f4afd7836b74c38d22971f5f,6e6d48c5e6e0381d5d394b3e16b904bd9a8cc3852fdb25d642c8cdbd41706921,train
/content/section_01_workspace/data/raw/spamassassin/easy_ham/00487.3f2dcd848a26fee4af6be79673ca12ad,0,ca1d02b50b9f4951b33f326b75027253e6e55420713cf940509f69c0ba3aed04,b92e1da4133bf73d9a14c8ceb657593f5dcf512140be0cf6c6ca1d3d3e11649d,0189096cd19d50b46faebed1f833f69c3196875c74aa04557d6618df9307e8c3,train
/content/section_01_workspace/data/raw/spamassassin/easy_ham/01761.3dc0d0a66c067a0de0afd63c2524594e,0,8a67729a1ca8ad6b11bfd1149ea613811dd26077a4ac47b9757c36760d4788b0,8db3f10097139a93c50e96fcbae883df2e96f75c5c4f0fa2cbe5997ac550b5cb,84146a22d5e6f47ed4db359833d3a36c342ca2746fc78400ffd2fe431cdd2661,train
/content/section_01_workspace/data/raw/spamassassin/easy_ham/00341.c7f56e7cd829d52190cfd4af810bebce,0,813558bd526a669fa667bddfd7380ede6eff951c2ec5cf50fc8452ebe5df35c0,a10bcb92820901e9638cd9836dbd5abc91c5ea9ae245d5f3818b88c913ee5342,120db7eb59dcdbb5e670be355c7e6908ca6dd80da6d228ad69789fc77cdea6ae,train
/content/section_01_workspace/data/raw/spamassassin/easy_ham/00038.cd457af47eb78d4b93c7d94043a43108,0,467ad450eac0d8a7dac909ba8c2c211671cb2dd8fb6ab2bf35419776ec0af91f,4b7c5fc251be9a41c0eb062ade2ff60a206020ab1e636f1fc5332073880c6f62,532e05b43c0d89eff4079a2000e23d4033328383cd02dd1581085ab2b3a7b7b5,train
/content/section_01_workspace/data/raw/spamassassin/spam/00175.e672ac062c93c15915d4d264c4282b47,1,a9e7ef4f3e4c403457b1f23041e2f9d0e4c831eefa5de750751b11cf26e454f2,68e8963ed101a25a80dd19cf303de6a1f17010cf6c002b2e2fde95594110b9ad,d87e86ae8cf962eedd66a633fb866775088580b6dad3725395ccf154af72a043,train
/content/section_01_workspace/data/raw/spamassassin/easy_ham/02068.bbd1abb5ce3c84be97f8423e631a872a,0,701824d91e957b1a9f7bb98d60692107dd4bf7f24124e9295d91e4498ccdce9f,d23bfe107ccc5acc7e7a9623a355784617362d674e3d08cf890f0a4173713df6,de7276dfb15b85a91e3d66be6ed81a1f53de9dab3ca74adf0af34129e03bbdc0,train
/content/section_01_workspace/data/raw/spamassassin/spam/00358.2cf55d91739f3530d1f4bc8bc9bc0b12,1,885f0773c263e57bab8f82b12ac068e9db0dcaccdc0a27f0dc7fb70315bb638c,6710d594cb77ae1131885165382a3467abf4f6eb75c03cff9a869b064ea1272e,194f82cefdcd103a5418426790366a8b49f50dcfb5b7eca4b9b34aeb017d5e12,train
/content/section_01_workspace/data/raw/spamassassin/spam/00498.48c3098854d339353f1a28a13b196017,1,be5fbf59e8ea0f10fd991891e723275ce9b28a97c88e9eee7979d19278949a91,85653691d5fff1f408ef6cd76e713b4e642c003e163df7036f809ea92a5de101,71dc19a573bd180ccb51204ab59e34c3c604999f104f964609c07e2f6b6c9b1c,train
/content/section_01_workspace/data/raw/spamassassin/easy_ham/01201.2da17f4409568ea3fad63130544ede70,0,c796eef997009e41e999fdbc19b9598e053fe6d355641f36e397055c909c3675,b2b05062770b0fb2937d7adbad00156de3a103f9ce6cc06562a181f9f86961c0,ca9e5898697fae2ee08a08351418547a72ef4439ab6e63838606d70b5f29de38,train
/content/section_01_workspace/data/raw/spamassassin/easy_ham/01910.2eb8fda6fb32ed1a19ac7cc9a4e51f82,0,a42eea330deeed63dfa4bb93bee2cec01063047c7796371742e2308a8d873dfd,23e37c2caa1462144a2a5a27b432e0f0db4776e9f298ddb54fdd62f0ebea977a,17e01eb202325f42ee41cd8a96ceb3d4e37f80ea078a28639f10c7a0ebab49c4,train
/content/section_01_workspace/data/raw/spamassassin/easy_ham/01408.3967d7ac324000b3216b1bdadf32ad69,0,b48adec744396b1bf55c6c5319f479200896828fe3191166f93e62eea16101cb,badfc7d843bd22e281d160a7fc98fa16fe22df6852a88a307dd3d3ae0422b481,43cdc93de82b72c54097b1cebc510e617aa177f3f3d152ed1f14ed980f1b9977,train
/content/section_01_workspace/data/raw/spamassassin/easy_ham/01574.5c7050ec28a486ed83aac7d6ee562038,0,fb0123484ae89f368b469c5b1d8ce4d9bd27263aa5102634a65f7820d471b51a,efb09936ccda504faa7d02787b19e9619ff0e21e281918853cc9fc35701b92db,aae9cce8c5c871cdbfd04fcb1b8c398076cd0ae9ffbfa4c4b451a5a9cb6edfc5,train
/content/section_01_workspace/data/raw/spamassassin/spam/00418.6321175c76411371c109eafc99563d2c,1,c49b9642bd9f1194486b4f72fd9b1e0c7e6529f67febbc7c9ec71293111f7bca,f817aef0039247fd86f7b500743ae0ba54ca1022e8502715ebaf9829ad9cdea8,b15188c1f644f63c6af45092940a4bcdb7b5d7536b331fb9fd82c74f09ae5a12,train
/content/section_01_workspace/data/raw/spamassassin/easy_ham/01422.cbcae309928553721fdf49cdf98541db,0,7574adacc898c607ee5243e3597c1035f112cf7de7fff5aa7ac81abae6cd5782,92dd13682e940bbf9533ccf77635b14091d457c2e66169e27e60ae991886ed62,a02df6848ea3728893d5affdb41a54a3ea45175bee09c502fd07c9e6d6ee9a86,train
/content/section_01_workspace/data/raw/spamassassin/easy_ham/01309.2bec637bc28145370e47c323f994e6eb,0,d2efd5e8536e02389ff00ebf66f2b3875bc811a2cff2e3bb33c519932b7e0e0c,ef313132c06ba5146d75418a120d07cb31849d674b75e32ce1294286176e3e9c,5b2068f4f616f743d0e90c9efe9821ec5e1eb0a49cf0be713261b3180d3ef22e,train
/content/section_01_workspace/data/raw/spamassassin/easy_ham/02185.cb5555815172c9f244e7e5da118fbcdc,0,61e659dc366fd45ca35e74d780224bed405e4e0a7bd21a75f55fe751c82f315e,6f80c11de17cbe103fe69caff5a561709c8ff422abdad7291615b0811346f4bf,3ea00c57a840f157b805a5363587b36ad4536346292525838c54bb6b4ed7944b,train
/content/section_01_workspace/data/raw/spamassassin/easy_ham/01449.36c83d8ef96bc2bf4f6606ab8e62a4a5,0,908c849c54bd8d16b68ccb972dc95f95e1324c0c2681989bdbeedfbe70ebaad3,b619f16d6b3c6dec25eeee2a15873338bc19ca2966c62e444779a49ceda88128,00d8b85d14ad12da3f4be7b60176f6769257381f7615494db09aad566adc2f91,train
/content/section_01_workspace/data/raw/spamassassin/spam/00118.b31615605a37b4878bd1de4f829c89cb,1,8f5bc2c5f34682eb0f1360d8657d6f2b91bfcbc794c968e864df33c8b73a5556,1d8695c94347b7549521bf5c9bcc0db600f1f2c4b47828c905fb613b71b994de,9365896d2ccca699152f5ba862bf7a1944105df54731104a2cbd41388bd8bd76,train
/content/section_01_workspace/data/raw/spamassassin/easy_ham/01236.80295013ea9517181a3a42ad0d4a7f63,0,e948da127f4df2f1c6b171d0516cf7c269b45dced97c7a9510c5f8391c563689,3ac6bffebe26778445f8dd5a63c461e4692d47068498fc01589816163b450255,a7bc6ae4a13691085c0ad53ef8a383b2a6f89f1fcbea02253eec994e6cc246f5,train
/content/section_01_workspace/data/raw/spamassassin/easy_ham/00967.e95bd7ad9ef796e4b8f762d898bfc690,0,2f7910ec9a0cca5a99372387dca4b378a765b9a8b798005a1eb53fa2348285cc,dad4c4e7e6b3afbf819b4d98d93daed01d419611fd1f5834f47ee1803eb5456f,06bd8eb20c10987083a787aefb23523030dc8dae1dfff81116b3787e05b0a673,train
/content/section_01_workspace/data/raw/spamassassin/easy_ham/02351.d6b3bc2bb32bd4a790e07be3bc9c8bb0,0,8296916e81c3a537d3aa3e566ea69103e06e1b810f4db7e5f42da18ef66a99be,cc05fbcd18a37ce0c452311f33a66035b21b017d0f4b2b121b5582fd0de44ddd,158c760602ddad5cf4cdba1178bcb9edea7ba2c75a827ccd177fadb1d62f6a89,train
/content/section_01_workspace/data/raw/spamassassin/easy_ham/00870.cf6be25af593cc88d0c7f58e7deccea4,0,b59d713726133877f4f5ee3679048f1d832a3c509b856931888813a2d8e69ef6,da3de96f29acd9ec9ef2737c50de13fabb578bfe30a9fd29a197f65f110d215d,188ae9be09e8076a1371dcb51ea02eca5a5a4cf0ab344c1e2beecc94923647ae,train
/content/section_01_workspace/data/raw/spamassassin/easy_ham/02409.2685d37952e55aa12a8dd07dc11c24b8,0,a2ba8554f3ce6a13b019c7f1d57ceb7381d67fc077679ca2e55e1d9c67615eed,cfadd5b5ff89dd7d93ae0feea296922001e01cdf141fc0c2499d67c5ac6b478e,c7f6eb7016037e18484a027fb9beaf7039855764515d2e76fc4b79020602c909,train
/content/section_01_workspace/data/raw/spamassassin/easy_ham/00119.0f469afee6aef0a05d9850f7021bd629,0,23897c189fdbb57e9e3fd127c12e5d962080997fbbb9cc193a7cbdf7ebd21166,6598bd87c6df25c2eb0fbe2ec3b9e421bb70eaf6e581d2ec4dcb49819cf19e9f,b0d28d271054b98903f3d416f4bc6ed53e194f6edb9401b163a436f9c7fbddd6,train
/content/section_01_workspace/data/raw/spamassassin/easy_ham/01495.4e9c81cc55d6f717163921629055bc6a,0,4f4c05015c8be25126379e9b050bf284150ba16d4a1a5d630ee6f5eb20c032a1,1b5fe43044a314895e6729fa6f9c44ddaaa9665d1653afc9621d109c16ab8cee,bbc344c21f096bcd825fdfb5e4e2468673d8f75f5f7a15d99341991ed753f17c,train
/content/section_01_workspace/data/raw/spamassassin/easy_ham/00672.f7e4f9c91f81b7506b0e9a22ef1fdfe5,0,1727ee889e75143c7bf0adec40619ae8830954d465e2247fe58ec58a7dd74e13,63879f343fab529debe3e6fb2f29ae8797cbb485f757969e52a06debe2d7befb,fd0367c82eccd971342f8fa50a0250fb12496e87e1c4ac312cee3d1211e58761,train
/content/section_01_workspace/data/raw/spamassassin/spam/00031.a78bb452b3a7376202b5e62a81530449,1,33592bd3e301eeee6758ac16e7b47fc56a402854932ad24b31d6c864995c6040,4e37b8b341f115827dc3f442133f16d0e2334dd390ced5b9a48c41dd01224cc2,9483f8168e5d918cac7b14741a80bf326d2c179901dd1f8dd3f0cc4db2823f0d,train
/content/section_01_workspace/data/raw/spamassassin/easy_ham/01208.dd294e4904940446bb82b45b37981bce,0,ae6136b5cca6e9157d9e057bdfc198520ad1bc57932d1cfc31a04283d1729bea,9b0e06198213982617981dc176c783c3eae5802f2a89d4563282533c16e2716c,a36a426398b2a89152ac1eba70ba732022570695c0fcece384ecd31d8b24d26d,train
/content/section_01_workspace/data/raw/spamassassin/easy_ham/01199.59f410d0b6c37510d6a29d0d02f62101,0,067562a1ccc835f65b00ad0b2147fb6e0461415ad5ec1388f6b1740cf1840c23,61a0d5f8d7066194e59bf774a0f0896f7d8e0da2eb4b9881131b65e60d54542b,c94143c95b3b70f6e8dc051c3d2a9af528e6b4afaeff2b63ed37a4461c23175a,train
/content/section_01_workspace/data/raw/spamassassin/easy_ham/01708.49621617c6fee0551ce210e30094898a,0,499e9c5894b089f1fa2c5ab76930d9106c95ff15a77725144fbb4e150eec7756,c7542e214a3552cba0b30cc4ff3e804602612ceebecd9630bf5b7752ceacaaff,711d0867bee6ed04d55beb502bbc22180cc7cf8552343cf1baedb64b72227777,train
/content/section_01_workspace/data/raw/spamassassin/easy_ham/01409.6874e3b9aad08eb5081dfcbaa3871ffe,0,234e5ce768e05704aaa8ffa4ac4b366e3e77844758446adbf289195d1f7b5989,b22038b1090d66d08ca21c0422aa64c56c50eba0294f70e1b1bb3e7bad7301fa,07546a0e5358f5e25dc44435cf37a8d56bb286a9d4cff127c78f289036317455,train
/content/section_01_workspace/data/raw/spamassassin/easy_ham/00368.f86324a03e7ae7070cc40f302385f5d3,0,b7afb3a8267e45c585480b3c03914474f8a0f836f85b804ab5d8b7af735ac1c3,16967975393a9edce3a46f2fba408c540fe7a6054ee8af3f8e10708da4dc94f4,51910e6cd64b59f227604c076e0147d4ae76f9434dbabe50237e418de44cab17,train
/content/section_01_workspace/data/raw/spamassassin/easy_ham/01740.22ff82ab4b9265075924f41abe0460f7,0,0cab5d4ef9321f8890526dcd86eeb63ff3b685bab56a7b5dd640990473856f1a,f8875f002815be8cb4c1117e28e1f18e90be184a1fb8a9c5993a8d236c00b6cf,f1bca0231cba56fa0b3d8e54af824e6a8d0324a1d24d2a761f472f6e8a60e264,train
/content/section_01_workspace/data/raw/spamassassin/easy_ham/01386.4421abca51be5e71c1651102468420e2,0,d2e42b7ca3927aa07f3edbee37fa317837b713477d749d60be7a83442b064999,82895b541fee5db07e589991efc99f7dc4314526b90d38aa8d6042a69c7aac82,f7392078586a0d1bac80bd3f10031e33af2f196a074688eaaea38a180115de47,train
/content/section_01_workspace/data/raw/spamassassin/easy_ham/01138.01c3f9c51755c5c8e2dca29bed384009,0,242dda9c4448622d4c1b78ac6eb6f6b9d047ecc715e4bcc6a59f8a5d92134213,5a5a022f7f51f1087a2780872238b391890b4a0e95813939e6b630f39c69836c,3bf66c5e6d1559a7e7e12dbe3da7eed1a263a16e3e16888ecfbef3bf6b82dcf9,train
/content/section_01_workspace/data/raw/spamassassin/easy_ham/00778.d83af9d544ca2957ea6f326728ad004c,0,73257e35b4350fe9ae5cb967cd1898734abb1d49b5fef549ea5502ee9722f624,2a5b9bd223902dcb119c28ad8800a5b807b2975afcee40dd8450b3ca2789c2e9,92fb77092a42ba0f16edf1d3ebb2a822bbbf8e01f3b3095cab1ada746c440c15,train
/content/section_01_workspace/data/raw/spamassassin/spam/00298.90b548a0816ca0783f012bb9c69166cc,1,c44e7b8b9b94c15ebfd6157e6179977d81ffb83ff415ef07a4e957f87d87e188,6495c4d757194e5600afec1dcbce3abeee3142d9da704618fcd610c09cd02821,cb2b2cd7cb38f79e03ac9e71cc9d2c504a3f7f22cb25359d6dc159908795b9f8,train
/content/section_01_workspace/data/raw/spamassassin/spam/00238.e3e16467d10137fa9a99b1701d76ae94,1,ad95f57f5400fdcb0d9415222357cee67b62f38211659287e1c07bf9cd23816f,ececf3ea7dc73db2fe128e534b97bf8a79db8a33ff35717e874d79308b2046ce,f0b30cd95cbe22732fbf648fabe0a34b22a8885462247c0a5877be3f23b0e979,train
/content/section_01_workspace/data/raw/spamassassin/easy_ham/00841.d62d1f4d0dd8f02d0595dd52875776ef,0,a2b571338824439204304e0e465dab5e50b6857eb3f1cdc602e7126955771b35,a1cd3af13ad15efce09781d78c18a691fb9e5abecd0e69e0e6845f3e40bda65e,711905a8e7fbf6b58485f1a028da86bb79a27ae8d1281e9cd82d309f83cb4532,train
/content/section_01_workspace/data/raw/spamassassin/easy_ham/00905.05268a196c3e0e6464a45e41958a4554,0,aae5b57adee6d7e861a4594a6b9064db0899d0b3673622b88c21fe047f92258a,5384d864b9d75427f8c9873479625bdf4d402297ddf2f7994540a3e7700b2896,dc2b2a28c2f557a1acf3c4d1ceb6f14efef6495927b17c7a37200d8264cf9adc,train
/content/section_01_workspace/data/raw/spamassassin/easy_ham/01020.5476f3169409fc3128ed353f765869a6,0,3118ad9885794e2e3e07134dee219034555c6ee76e7bc469165dafbd9df9d0f7,86bd1b82bdc38d27e104361befeb1d05956192a47922e0208621a155f78297ad,03aace095d20cc1ab4c297536411318a59682c071f6c9ae7e540cdff933fee38,train
/content/section_01_workspace/data/raw/spamassassin/easy_ham/00273.b57629503558401c3945450dc5dfc5eb,0,e3198a49b59d53b050efba78adfc37a916c14d5d15208a653605b1adb5fcb70b,a24d2eec6a8e90034c29d1a0ba1637121f21b12773e1c9839080d689b2d46190,969c8fde76b4d671fcaaa2524bd903b88e0858cdd527e14636e46b48345445c2,train
/content/section_01_workspace/data/raw/spamassassin/spam/00491.28cb63173ed4740180e45e6248db5584,1,03b71fad02edbf75c23eebcfa6be10afbc72235dd8379e3b33af84f310d78a69,01efd48c5995e641c44c061b58e4b4f7d30d9edd01cd578dda98c7de070b7146,3fabe0f7a9a24f49c60266ba175ba7479844b40974fff591d68c7186efb538d1,train
/content/section_01_workspace/data/raw/spamassassin/easy_ham/00238.dab1868a3b43de1e01ebdfd0e53de50f,0,08d464aac5e0c87aea102162d7fb522e3ef6546ebf265401f8330d25fe9ebc31,a226ce60475eb0d11aabd4097cffed152c553a3eb36c56ebd8925981e0b026b3,a2bc9dc2b88d930e7463a2630081711ffb952c4b807e9e39170e5c5ccebe7bf8,train
/content/section_01_workspace/data/raw/spamassassin/easy_ham/01062.ef7955b391f9b161f3f2106c8cda5edb,0,d54f77d239c9295670fe087b859bcc2e8a6f832b6b38492d4d3ee42cd20236ff,330c7a0bcd3b52599cf422a86ac4ab118e0dd4f3c6f503f1c3aa8c3f0c3ddd8f,8de4c76f43eb6e631d997588af57b50ecb040e24a588c4794ffc17057a785535,train
/content/section_01_workspace/data/raw/spamassassin/easy_ham/00196.5a8ba13e30d79286b01472ef383d773d,0,62850a74f12b6790941f7eba1d57dcbc68d5c2a17afb6a10259fe206656514a3,ea05a057fa3450571902f5ad1bdb83a848a76c960cbd332a7e412252d82e7fd6,c5e123a22004a8ecb4d842e7be3e3c8aec456c131f816c6256b547fc0d48ed40,train
/content/section_01_workspace/data/raw/spamassassin/spam/00381.7d436777379ad18167e4614190b206cf,1,c599e2b301729f0481a4b8d44b1155506f3d6de61d517faf5090fb9663318ddf,bf2ed9b38aee95dc954b45f28511ba677509ff3718cdb8f61ad66fe6de2c594d,03ec37216ee349fb64d5fc9dedbbc43f97dcfd3a5c760301930a8797b6563f2b,train
/content/section_01_workspace/data/raw/spamassassin/easy_ham/00849.5ff774a5add00c6739307f6950b4ddf5,0,ca4ca729728f3363584ad3f529ce0f3d290b9b78ecaefe4bf5883cbbb7ba5590,2c0cab8a754cdf702825af2655f1a51ee2a2fcd47b6805afa45ea300bff745ab,dd914d750784713a67d2566e46c22b984ce9ddd0b0ba0b81645ad5fccfdd5894,train
/content/section_01_workspace/data/raw/spamassassin/easy_ham/00760.705760ac23c26098abf407bfdfd30499,0,55a348d3918dba614a3b719d57e53959fa817779880db2c2aa7f633d201c5147,07b9e2eaeb33bb9d2c9b75e6b05e99a01f99d54c52d75ce4d5bf23c88ebbdafc,3e5598b161288a4a0fe7213b22149e6ef9595f766a3a76e8205f6d0c3f2fa303,train
/content/section_01_workspace/data/raw/spamassassin/easy_ham/02029.d5a4d6426d7b98b1855162933e94e489,0,f512d1c73aeeca9fcd5e7ef237d3732adbed465f6d4443b635c369742a3f2748,a1cfa133deddce8f6411704c3adac7a90caa3a99091dd2d33a5005c2cf7fc284,7b60eee5548e701c3e8552e9278bda85d5d84c5ab71ad434f1e6669f55eea9ad,train
/content/section_01_workspace/data/raw/spamassassin/easy_ham/00077.24cfaba59d55d652be33b58bd7d41ca2,0,fb9d107f81ccb3ea1b8c785013efdf0c3c9d96e8037304d20025fd52edb45c6f,89dd9eb705b9df7a6d441603b3583c716bce6d9d02774b22bf7721acd18919d2,50ba65b4f3cef854cf647f8139ccfe9a653f40224552c273675d48f7dd370852,train
/content/section_01_workspace/data/raw/spamassassin/easy_ham/00327.f160a103dfff0676aad343813aeab390,0,0b0f251dbdf71079d2ec82465c9349735fac1e742de90f5d34c0ac0cdcf0635c,bdffe1680f5ec4e2578c9ec710eb7b8e82425c928eaf28f7b5f5727cdead8492,c38e6698760d0c9a82dd6e774a8d5744c33f44eb1641ecc7f3124fb5fefd51e6,train
/content/section_01_workspace/data/raw/spamassassin/easy_ham/02071.eb5bab68ff59c5d8b3261c30e92b5cde,0,f8684ade893091704c697c69d1eacf2b92906d176350e4c6f0a97ab5077672da,f7750b01e43d0b23ec6a996eda11150b0e798821d9a3f582aaeae60a6ed6770d,d0649a00a75eb91ef19f06403b610e64360de1ec299871378c6e07216a36e1e2,train
/content/section_01_workspace/data/raw/spamassassin/easy_ham/00803.a9faabf181ecae3ece9f7003a005aeea,0,de59ddca6fc4c1cc36e007f794578e2b37cdad89ff10c58f7061d6ec91d2deee,5dfa04cfebadb43ab6a3796b9a7e3293e8d86358d53a8a8770897d7db0471cc1,8126d14e66fed9ab02019de144efd9610d7b07de08d5025314eadc5141f14992,train
/content/section_01_workspace/data/raw/spamassassin/easy_ham/00338.e761d6d7c88c70b86e0dc9d7f0003fbf,0,10bce64458eef753568e1dc359287a351ef8b961931ab42cf11ded24442497e3,ccf0fe05da3bc3e163070e44829d724de49b85c58adad21eb2e031ec0dad2abe,b1a46d8153a8f7810323d0a2f60d25708595872e907045822540eb3a4f6b75ae,train
/content/section_01_workspace/data/raw/spamassassin/spam/00131.d955acc659fb151479460f9dd2f87efe,1,a48a93d75918eeab31316625610e4c952e09bd844526d625cd65143c51337ae3,5f8c77e90feddad8d341e18a36af35e2e8b50dd7e9f6c8d0f1dbc79ce6bcda78,977c0d7e1761ae021e6a0da862950542c9ba57cd35b128465c5ba10e3bb2713a,train
/content/section_01_workspace/data/raw/spamassassin/easy_ham/01048.fb90c7a3003b8ea5117264b27842bf34,0,893beb9bebd4c74f691bb03cbee7868d5f950142d506557d0a89131b8d24795c,2293f0e26d7cb23d4b267e9f7127117f8d24f4615f9a93524de388becfeed5a3,36b9208225a9de0827f81272045634a16d9ca7a792c289722afbc020fdb2114d,train
/content/section_01_workspace/data/raw/spamassassin/easy_ham/00624.2847b091fbcbd97af477c23439e0f22f,0,98fab0def2d7e39c39dfeaedfd4e1e6d6a47dcb1ece9398212e27b41533860f8,d87539efd9bd96a72413099a610107decb4361f7a61ea0a8192fc6956ad6041a,65b199be5b99c0049a9e06c13d78358e6cee61559c6758f273cebf60e3b97d59,train
/content/section_01_workspace/data/raw/spamassassin/easy_ham/00947.488310e3c7ba27ec9d99d390007b8c53,0,5803cf088090098889c18ba7d2f606182a0251fbdbf38b40f963d50eda7fe1e8,f339a00a3d8150381eb04e94c06ff2389a4e942088453f86c99fe5f7954b22d4,6ef5a852bc238517744fac48d9320d75e46d39fd1256e6bbeb1da2c8b8867540,train
/content/section_01_workspace/data/raw/spamassassin/spam/00129.1080cea3a532759b015dc071d033749d,1,c1ecf98b48b5c72d3b90159c34e3aae43563c7fa941c524ee16bb0194bc8e096,c1d490acf34b90beef63e97570816d73f87dd322d4b1599123a547ec32b35246,561e3571bea60ef60e0fe3f673f497c42a9be881f2e294a957d6216c63a7c786,train
/content/section_01_workspace/data/raw/spamassassin/easy_ham/00548.120e45c5d33311bc09e844bf236521d2,0,fa5c6aa2c145311f61e53e77c01b3eae23ea60fba2e82bf4288f76640087d89e,4f3c5785b605127a8dea42077a2867bf17230d6166b74861d771578b702e38fd,264d16b4f16f328a681e430052b35c444f15b332d72fa2bc372fc1f466253acb,train
/content/section_01_workspace/data/raw/spamassassin/easy_ham/01237.2707518b441177e2f7e8497b63028981,0,47fad40273d21892b529c44212fdb70f71953940d3cf8730ab2e4e9ffab432ee,8bb7f2f546dd1047fdeec4f6a07613b1a80c59fd6eae1f8c7078b315d871b992,f734af173afdbc4ec15520367193362cd47e4f6c4779579936c4cdfcae5a348a,train
/content/section_01_workspace/data/raw/spamassassin/easy_ham/02270.860a99063549ce66ec006fa54cf23720,0,df39d26f875b420eec2de071b6ac5b6870858cab31f5b2811952a7c41d46514b,63ed42039f7064dc597c74e99ed8adda1b95af0e2b6781732bcca3ab7e83e4b8,44485009dae7e33690320fed13ec20fbb88f467ca5646f80c38a19d4314e2e4d,train
/content/section_01_workspace/data/raw/spamassassin/easy_ham/02152.8df514c41920019281f8f0723dad0001,0,310883b89736ebf34d045fd6e7dc74132508eb24bed2cde2f649bfcc339b03b2,5de7e23551f2ee30e5d4e21dc7bae5b87f54c25576134cb4c5008cbe0ebc439d,600d09ad0c946edd06ce853bc2e6b0125893f38badd40f64279b0c612d1cab41,train
/content/section_01_workspace/data/raw/spamassassin/spam/00018.5b2765c42b7648d41c93b9b27140b23a,1,1b5d3beaac72beba608d6c39069bb4198f2dca859cb482767b0b657a2703e439,9c0f957e0cce2297d7b87bd5f3ca305d8916311c4052c01b594637ccbf2206e1,2825b932ffc70209cf36b84015906d81ae20cb9538a5f168daa044057714d65c,train
/content/section_01_workspace/data/raw/spamassassin/easy_ham/00408.d52d0dde484c37acb79bfdc18d4a2aa9,0,dffc3a59857476e3f3f4af344c0c2c6e669544d82429bd1b0621f8e986dbc640,a0c3a54308e1bf7e1417783a1c7861a8821895140c5027a258dfeae9227e3bb9,b9488998ad728f7b83622ae77ca45e1824f02f7f9a9c9ce27d323893cd129487,train
/content/section_01_workspace/data/raw/spamassassin/easy_ham/00158.71abc842fe120eb73cbfa0fe6c5df852,0,5d61ce1e0984cad5692d733181b6b6321d0ab77044addff2b5ec960607e04a21,261ab71212314d7f7a22574a4c14bf262178a3b8d2ca68113f8fedf8095908b1,f2e1e9946b77e197d42154611c2b0f8f712659346314356f29a5d3dccb7b8eb9,train
/content/section_01_workspace/data/raw/spamassassin/easy_ham/01028.9bc3697b9d9eb23fc4427b482b012f40,0,c1863cc01f2e7c37d74ecde96c743e88149ebbfb929a511471a73a54539a2e7c,b15a9cc4fcc300c572cc5f6bda3f4a298a2ed993de778231d7210965270886a3,6de3ec5ec04d7281f5c13451c3f798ee9da95ae395031bb83bff3d4de4116e35,train
/content/section_01_workspace/data/raw/spamassassin/easy_ham/00439.982a2ff6189badfe70c2fe3c972466a2,0,fc34d531efbc9625a72dbcbe8967aba72393661e7ea5a8b738d02f7b1b8f0d38,be70316af9524122acf7f842d858377641dfd265aa1cb3221057bd3ac02df0e4,e7bc12432a932389e7ef068a411e0fea0a5a2d5917ba17491af0f032b0d845d9,train
/content/section_01_workspace/data/raw/spamassassin/easy_ham/00157.3a532432a98ebf828fdeb46a6ddfa082,0,bb2399cc3fc3974485d867a31ab8b28862fb27387ad42ee5cd877d12b193b10e,eb582a2eeccced541029a93344483a1e6b8686b678e3a2d2145225b70ed81965,f9ff69eab9b27e2a473ec315900bc924aa6d9fe0a165b2046136321ec1b3da04,train
/content/section_01_workspace/data/raw/spamassassin/easy_ham/00342.e6c781df2ebba44a429b49b86b376559,0,ba3fcbfe651c263aaa61aa71bc3ff3f3072b2537b6d2a4f17e27009b41b3d765,ab3cf7345077c744be14397af1993ff1161e6c41a6314bb0cc2f94a670c18026,4aa4f18d8ede295a2f519d0adc05537dc614ac51987fa29895ebff79f604730b,train
/content/section_01_workspace/data/raw/spamassassin/easy_ham/01235.ba9c966dd1894a1206da779f572da412,0,e95b093a428ea4f35fbf49ccf568db86ca37934ec54becfc92e3b3aba0e52725,698369c2699579b1cd4da4214bb1c956d062f7b9598c8de87135c1bb4e48eede,3cc338422ebf0be7b09a4a55a1190ce6eaea8f93708c3657efa2577bb01f013e,train
/content/section_01_workspace/data/raw/spamassassin/easy_ham/00385.c874a33cb7def0721807ea870e3c31c8,0,c4721d1334c970727a4900d69252df5c15e258d6e16860ca0e14f09e73f7acd0,7a303a7edbd79b75cc54c2b3afccc0d5fd3dce6c36aecd6e8e193e5ca3b79c3b,5f36f350033be7011b207cee5c1b5fb484cf3a5e7a77454d258cc178206a052e,train
/content/section_01_workspace/data/raw/spamassassin/easy_ham/02136.e5c8edd8057c6d595eb368cde9a8aa41,0,5a52490b8f377c096a287fc39651cf15d27f76fc41aa153df1d9783de451f636,6f0a20d77cf2664690bdb251cb9e98d5e65c9266c15635e8901d7e09e002b67f,1b70c0375572512abec4eb31decc82cabb0c802e1cd36bc670ec091989890ae7,train
/content/section_01_workspace/data/raw/spamassassin/easy_ham/00103.23abe7cbe651a970e2dc6cc531c268a3,0,e24dbda2ba8ff6884fdc79e20fe1f65d626a3fe3b8f07106804f05e30e2eec2c,a5d1741d4038a89bbdb3c350726b5e571ba605acd4e504aa47b05cd20b1820fb,d9edec7b374fe2101c50764ea50d8e72ce840d220609f168cbe2df78d528184f,train
/content/section_01_workspace/data/raw/spamassassin/easy_ham/00517.4610bfad0be0872b61a11e2e7786a4e5,0,0306ecadc8a05adce9d894fc0f13829c101b1f23b305f4019637c953dda41c3d,6c909adc7b23c9a82600dff94a4fe84113750945728ad439d8ac1588f6f3053f,7089f82d65bb5eacffd19ea6bab1bef40e1fd1860087026992386897750110b8,train
/content/section_01_workspace/data/raw/spamassassin/easy_ham/01713.7e6c3f51ab4a45f60fbb0968d56f512c,0,135fb1f9f6ac55f4356e219d2a827ec84555843eab3a51460f0fda31257723d7,8b6a0c9a76b03e1854f456166c3ef782057f82cf474290c76c2c69cbcbf994cd,2f1ae2b536ba71f081e6eafaaec4a50702b876ef18a100d192a72fc479419c3b,train
/content/section_01_workspace/data/raw/spamassassin/easy_ham/00180.1d7edb742cfbd5d48881c99a8e03cccd,0,e2394359f3002f301ccf819e2c805599e6a8eb0f7bf13d729bc7d23be53d5f41,c284d34e9b934ce79ba7e6f0207f36d2391d0d6f371d71ee2393b60c86adaa42,eb5e3a3b33afa7d9518aaf760218c29ebc0360ff808761abbb571d87b44bbbd8,train
/content/section_01_workspace/data/raw/spamassassin/easy_ham/01982.082a7fbaf9f6926f0fe7db4024f7e847,0,4e4f1b556abb8300533a91c9921304781d5ec7834ec8fc94d5656fe5ff2fb978,fd3a7c62bcff8a2de9d431136cabed8776eaf1e53c8b52a3ccfbdf204345bfde,a04174850f9c800f9f675161ac28af1ee44d71a9968aa52f89253851cdf95e85,train
/content/section_01_workspace/data/raw/spamassassin/easy_ham/00755.798a2e0b9045d90a9bddbb501dc1fcfb,0,11c536ccf132b169026eb231da716f854e361ddade576c84d70478b2afd24047,fd2aea08efd5c06585c5a1e885500ae2aafd7522efcc611a78b68b62e365d27b,6e50f8e10ee55eddd0e68fd072bad6acc65d2cab29346e9610a72b776e982b95,train
/content/section_01_workspace/data/raw/spamassassin/spam/00041.f1b3402799046db3c1f143a911dc085d,1,4179433e9468bb71a01c273424614bf704596b3205f9f8694ba64a9e4a1fbf7d,cf2115e84c7831fafb3a62b3e15151c48afd547330b18877281f21bfca259819,c027ad1b052c618bec5b1dd6a7969b977a64075f7caa8984da8b05376998de18,train
/content/section_01_workspace/data/raw/spamassassin/easy_ham/00869.96acf5a2b0543fd7c1767e5562891eae,0,730cce89dd14b6cbb8fd135cfa12f8424b65363f8c3ca73811065aaa554e9852,32e2bf320489998c47e52b01030a5e5dd72496df23f4b04915a8bcf2e662a70e,f9e470242e0bbd4e88c530e4d0d5ed633f02acf2b11f528eccca2c748ac55ee7,train
/content/section_01_workspace/data/raw/spamassassin/easy_ham/00066.7dda463deb5e41ba1af3a0da55ab504b,0,b767a1731586570c247c8f4ed7cbef1f77b17aa274e1804f4a3c1a48079914c8,d689a8497d2424673b44f6c7e68813bd1126f1e90acbbd6cfdeeb6f84802f4ab,b03fb79f9028483b1848d54ee7e9d363041a926ca3dc8c3f6847007a7150704b,train
/content/section_01_workspace/data/raw/spamassassin/easy_ham/00422.ac4b66f9c3390c3a98d9c8cbe75f403a,0,65848ca3bfc2c0578c5b15a19e0ff72932f1821bfa22b3b5ba1e01eb0fb78ee9,9ad8d35ada77abca4f131deca21f69aebd556fdeadfd6d5e954c389280c07589,7b47fe715289da41c321f77489b2ae0465082b7956f00d321cd46a8101e19a48,train
/content/section_01_workspace/data/raw/spamassassin/easy_ham/00589.38f809ae603fbabb0d3f2389011e9150,0,b29a91ce9f658bec6f16f3e7146ca47a79135f2dc2cb1b2fddd092dc32bf82b1,f280bf3a99d5cbe35f731d0d1a03f6cc460d71a1edcf1ef4fd82c01a7c39165e,3f6fd5e0e0c8e7a0081ef5a1e55e73e9dba575f95051ba436081dc2e983aeca8,train
/content/section_01_workspace/data/raw/spamassassin/spam/00192.e5a6bb15ae1e965f3b823c75e435651a,1,fe37f035ef8535b3de7949a7eaeddca13e33f92dfb6102521a38b78c73d28f99,9e92fd83f9e3baeddf47b8148e3a7ca2d7acca13d069e1058de30a5c8b201518,2f9a41a5cc3f56d7d30f6742cf438881ca8a882d2dbfacd55a77008d76557901,train
/content/section_01_workspace/data/raw/spamassassin/easy_ham/00182.8e6541320c6c08e0a899455a0a21f91c,0,11a490f861c16eb8ff0c8922590e39b886ca8c2c739eae14538347789558bb9f,9c4d9ba2e5d8148703206bbd2793c4ff45da8e6bc0ac6a8427294f9edd4d2f99,01e419b1360ff72979de39ae939ca88d0e115a3ba768e5898e21b8e1583c7c85,train
/content/section_01_workspace/data/raw/spamassassin/easy_ham/02441.231d03774c8f1725c43fdc85fed114ef,0,4455ea62d54960f2eec81107b96394bafb79fac7947000d2133d6f64715d2c44,3cb093e9e0112fa15e0f0dddf49d02e3b76888407e72f9b31930a42105c5c908,336849ff4ce61608616422539c3956665412fc7ce8eaace03505fe8f36de0f3e,train
/content/section_01_workspace/data/raw/spamassassin/easy_ham/00666.9f288224f19ca69b2663b5b9a85d8d62,0,6b2c4ddeb2054f4c516f34bbd0c72cd2889babc19c153719ba7abc05a28b5dff,ae088cb6f7f8d9745e2adfa3de01dde00c62a00095e1924e97c2de196cf615c3,216e26ba5a79c753c46c1f5bb04738d5594af94ad8b026990088993da4b8a29a,train
/content/section_01_workspace/data/raw/spamassassin/easy_ham/02306.73f5f4ae7ecc1258584e96b1138987e3,0,831fe0be5e244bcd428f1f75dde5069e43702f2688687648e39a99f410e5cf1c,6ebe7ce2c80fce7e27d9b69d03a56a34f78dce6df40e9f9a780f1ebc3781ad01,c6ed3d2cdc5305e702100c2e25137f62dac2c85baa3241a67c778761c481a08b,train
/content/section_01_workspace/data/raw/spamassassin/spam/00189.58d4489891c5ab450678438eb8cc4a3e,1,d8f382f3c03010a38b5814ac877a6912cecca2c670ddcadab0fcf83fc83d0aae,9b20be2944363257608a3240f0d0d15faa8469904d0aac69be206cf36bbaf2de,cdec157f7ad1ea755e1af8bd36c5344ab4b4c6d2b1ab7fc490017a21c219c0f6,train
/content/section_01_workspace/data/raw/spamassassin/easy_ham/01358.856ab1787169df5216c2c426392cbfbd,0,b17ec19b559599874dc72ba3ff288cbd723aaf5fe8353d188da606b58f26145f,4e1ea5c6dc3efcb24ae495c48e9f591914cdadf807bcd0b87ea7af49dc8bd071,a30af7d114053f8dd420f6671440a5480b6c8df2ceae963ae2afd7f9c042dd40,train
/content/section_01_workspace/data/raw/spamassassin/easy_ham/02377.7dcfe4965c5a7dda43574d0f74d29cff,0,0122cfffecb80e35cd08bf15271ddc9e50d2b3b456274f1d89afa6df010d0956,3893af185f373b0c4a98af8554240c2d57919a8fd7c6cd65cad0af2a8c3283d7,c491b4294f2ce23231d6ba9d072a4344d29bc21ac06947f40a9ce2e425bd11c3,train
/content/section_01_workspace/data/raw/spamassassin/easy_ham/00704.e077ad131955ba1fa3b9ba7a68b78f62,0,7da94f74c31715b14b358ae58adfe7390406628ac61c7f002f03d3f7843750b5,b8e1055716fcf88f9897df30634ea42efef66fdb052f2789e9b033b127fe5361,dd339829624eb363dd5d8976af10c003aaa76483db69fae3fada8f1c4a3393aa,train
/content/section_01_workspace/data/raw/spamassassin/easy_ham/01480.1d6e92e72f85630b288a712075387058,0,b43b9b5dff684abc9c94677a26e1ecf530f77bb19ece30c928c6a6811274c9c0,4ae55e416168070108d13349629c9d450dbea99e933ba74c6ff64b82e0fee6cd,f1c916cf49fa2b86af4a3e55aab798a5ed19bbb490009496daab3aa7b31b1e8e,train
/content/section_01_workspace/data/raw/spamassassin/easy_ham/02367.d5ef41d805a4ae9381ae279bbfbce1a8,0,66c9e7ec9efd9d9b9c239deab1669cd8ff78d0ea8966cf928efbba3f46ac2963,6f9992c5ad7bf04e7b4f9c447504b05b2adc6be9d321116f2d083362514f3edf,55ea9d90be0d5eafd89cf14ef509f24fde0c25e134bb35136b103694d1fa000b,train
/content/section_01_workspace/data/raw/spamassassin/easy_ham/02020.c4892988e3528bb4cd4fa0e127fb8367,0,8a70e510f3c5fd3e43ad80c7c00c11ff68059e695fa9908d764bc2ddd10f1265,76b772e1f9a71bb60d7c0296165804f2494c936095e9289714931e934f69be3b,ea0bcfa98839b2d5a3cef4c82f7f4c61539e078f24b53f8df533fd7c326341d9,train
/content/section_01_workspace/data/raw/spamassassin/easy_ham/01834.e716d845b22e35a8b7192215a3705057,0,bb6c9895d33928823609084ea6b5d4e41d85ad798a1be2070d77b7116fb34435,f6cc6bc46088ffce222dc43b13f78be0b155aba537c38c30d95d2c21aea258f8,72f0aab1c3d5087fde9577aca969f36f085aea77df024b460c9a41d3b79fa6e2,train
/content/section_01_workspace/data/raw/spamassassin/easy_ham/00334.c7dd12784ce69de4bb49147cce037d76,0,53095d14ecc9ebd479d706cbc2db8a9b5c54bf01911b02796f5b836579c3100c,a8af68d4e91fa1b251b8fed267ab736b738a8ecfce8ccb54f1891ef7244ae7ad,58c15f7780094619f98224a782582e28f7c95b92fc9e36caea0e1f21b21a08a2,train
/content/section_01_workspace/data/raw/spamassassin/easy_ham/01857.573641361191125a643d0d6c52451e0a,0,a586acf502cd9306805e639862bff04aad90010ad27fa0f0414cb4e876c07638,ec6580d4338fac03fb7063dde8d177aa28167d58f8f3f33737a2a2226c7eaeec,16871a32c0c4331b8f123d9b3f60e96698f7de0a3a913191c5c25bce65db95d6,train
/content/section_01_workspace/data/raw/spamassassin/easy_ham/01315.8e0a668ce9b6e62261baccba167f8a67,0,8f8c383e548201d4464cba5fbc35c9c74508e976de4e73443b6d9c35d7603c88,dc59f2f7a1d55b72c32655c40c73e52ee67dbd67a9d07f831570d824326f4628,93580e1c2430d76c4d2a5e4130c0f650b82d3f432b72fd5f9157754c2f55429e,train
/content/section_01_workspace/data/raw/spamassassin/easy_ham/00376.3d17aeac1de8eee4383e077b9e0fe703,0,e5f246da1c22810b8db5c4478f185f9047fa08ae515045f6f6c9631aad2588ab,4cf1f640d528935f314f8c8a0721c68bc837fe39be8f535ada6332d90375ece0,f73c6bdf21fe4db8d6d05f7cfd6cbac14891fa1e375df49a3c05bcab628f03af,train
/content/section_01_workspace/data/raw/spamassassin/easy_ham/00836.0270377f02e23355cca97c0805001c03,0,6b4e79c5eb80687f58594a09428633b63f829409579c12b54612b2d29bfde700,9c84e20f3ffea8243f5e9ab41b3a0be7fbd89493f215919c0fe77908f5e92e85,e0b38f985ce04ba985bad521e29d6a060df21392ad3b7a779bf111e3f5c1ddb4,train
/content/section_01_workspace/data/raw/spamassassin/spam/00113.eebc11982ccc4730fb8759f94400ce19,1,672f2bce8a3f95fb489f62afef07d8651ac715d5801da0a21a349483252c2e9c,c143bb66c60a8c5619dbde1fb14866c1449542ed2ed8b9b9f499d937b76bdc66,b42618c832ca75c891f5e3d804c8dc7cc044d5b5f84899a49792d95cf20df3ef,train
/content/section_01_workspace/data/raw/spamassassin/easy_ham/00423.cfe8ba459149d893789505dcac7db306,0,0f6eb80cda7d976eb9f3751cfc2b520f7183579c4d6959dbabfa29263f189db4,1a62f85b02b027fa03300ae827d09a6f806171147cd8614eb87b7e2cb8bd8bf8,38e6a5a0f986065078d67ff4e341e290842207134e34d0f7b9f20384a0a10e6d,train
/content/section_01_workspace/data/raw/spamassassin/easy_ham/01607.85bc88e7dae2efaa4f87e070272008b4,0,d051029ac1f2aa034a905bdc6b624c044514dd9669f41c68dd83731b29ff4871,e6d6a708eb0dfc01d106808963452e8b6e85ea0e859da59713013d3488c970a1,1b02f1b6c44822a57f1ae682f4dd7d81cb3e5664c6869867c097ea0df960a252,train
/content/section_01_workspace/data/raw/spamassassin/spam/00088.1673f91313df07da1a18b2fc458dd4c4,1,532b51d8949fef3677443d40b80d2104f122fba0d9e2d04120dfac610beae879,1c50cc0bfdc0dc6b2a94bca3d067f65d7af6218119734af3e6539f3d49267270,2802435eb714ae4bafc17c1c23889d72fd9b64461a967674e6f88bb8941a71a7,train
/content/section_01_workspace/data/raw/spamassassin/easy_ham/00214.ccc58960373c957d965f300ace6c9576,0,4e3c30995ed12f04879c2a2da0e380d57785b09d2dc546c1384bcd30fccd0294,05a276f1ef726860cafe1f6967733c63ee636768e2a3fc74991463205e38709c,d736bfaab25c8c14e70e4dff8c7f82412f5f1010b20f5d61ae30a52c740eb0a7,train
/content/section_01_workspace/data/raw/spamassassin/easy_ham/00613.b8dd681e75a5583349b54f16991b096b,0,a1e16e847f8edbf0f3cfe0b4739392f2b6da455ef7aebec4f2fe820a73dcf09c,eedea9f228237edcdb4deb1954aff3db09c687d2614d0b02f8939821f338b768,1956f08587a61129db36958a7accc9b7d27a36a292c46b35586f2e084b687587,train
/content/section_01_workspace/data/raw/spamassassin/easy_ham/00657.9095f1e5c94587ee44a269318647bf4d,0,0547e4d3aeafcffb0812a58aa0d28046aae155480432c0fbf9328d3cf10c9695,2c87e7a3edf83a54ed7e39ef1b11839b719cb68fcb009f210bd7f0bd8f85725f,561d64cc38e9b8a4ab3fd4578ed469d75591a3dde1265230f4b3b8747a27c8b9,train
/content/section_01_workspace/data/raw/spamassassin/easy_ham/01865.ce38cf9b8b0850e17b0510a181f6167d,0,f3dbea6f36a107bb4d1d9877402394423f9811361b17c67a0d22bce742314403,1db5c8b456903c6f33ffe005dd7aa35c26b990338a991423df133e782b7c14dd,667667ff58e2bd9fb66681b568e8c68a64c45905c7d012ded332490bfabbc7f6,train
/content/section_01_workspace/data/raw/spamassassin/easy_ham/00569.d6da87140fd0ef187bcf217a57153cca,0,1aa2a7021a48cd77cb48f02994ab2aef751a0fa744403921adbb64adf1da1576,89bf1645cd3283c63e5253a1e92a004330acf9b753bea55a22855d0b1326da11,c7f29c03b75891547a5658c28211934303e62acc4613f30c6941df1edfd0f6bd,train
/content/section_01_workspace/data/raw/spamassassin/easy_ham/00253.a396ca42887c9f843052432ff1bcbf41,0,110cf7693c198d0ea024ec11997a7536098bcca2ed3100f47b00cc4bc1aa7d90,ad78a5dde2270fb9f433c8e89a7840b653c296f5730dcc0e121b0f254c267f41,44f7f8ddbdc0723ba367b5b945169959d7875bcb807a3836945c772d1a2bf4c8,train
/content/section_01_workspace/data/raw/spamassassin/easy_ham/01089.b823a36e49a975cbe29c26766aaa55f8,0,ec4703fb3a0bc9830f4d2b2aeb15426656b350474ac3e27cd6eb1457937c5c07,55589a6b9556818e0a9fe798215e205f664119ec4dfa4e634a977bcd941d389b,124aaaf2f652299fe7333859166a9c95aff284804efc5c81e8538baa05823be5,train
/content/section_01_workspace/data/raw/spamassassin/easy_ham/01875.a904e15f372e7f833164f6f94e136304,0,fa79f93147db26251464afa4699479cb2305e3a70d0f188944746399f8c74160,5738a67ae340ba6bde9f1c3056dc7cee3da920ef13f0c49e079c8ec8ef1e1d93,824b2f1f8d4ce8b349bc14fd77bb11c5343acd8294ce0f69d70501c638f67da7,train
/content/section_01_workspace/data/raw/spamassassin/easy_ham/00089.c31c9b44b66c440d6b39c5f8841ed43b,0,c33201fefcd87bb7c8ac309a4db35d1a1f09ca4cdb6757fa80c81329104ab9b0,52a8d187e5b3964ebbe218e31dab305e09a5bfe13177aeb1ddf674e26dd93e2e,c53f538937066c7dacfc1d228c21872daa7e7474ba59970d960f8b21fa326b84,train
/content/section_01_workspace/data/raw/spamassassin/easy_ham/00349.0a6507ca70c84e4beab8698a733970f6,0,4916984147062b4da93984ee596ee3b0d6b3f4c7dab3414f2680f534169910e2,6f3f31d269867a80d588ed08bc8650fde01c4d79f4d72850a32425aedb3773d9,8116e928d2d2f435021c5580ab5f5fcdbb9036ff90f6c37084d1f5ecf6778cfc,train
/content/section_01_workspace/data/raw/spamassassin/spam/00157.52b0a260de7c64f539b0e5d16198b5bf,1,b47be20474a53a7ae2ae6e5397924957b26129f628f7c5969d0b13c69a51d36a,66ab7ede3bd3fa5b572bf9ba04c68ff018a50051e6bee60c913dab4aa65570d9,7dba57df68f1282022fa98f8b963a0466c9694fc8435eaf4f58faf1ed12c0202,train
/content/section_01_workspace/data/raw/spamassassin/easy_ham/02250.f947b89c1c14ac1d0e806219ad0d2161,0,94c95d2e13b48ac9364293dbc5a3174b76cf39d19b899fad87c463ecd2e18c52,639c4eaa1a911dbbc580a3ca4f8e7b5a7eab0de194a14534eaaf6a53443d01fe,8b143ce843da627f0e70df62115c060f7e688a7252731c6d163d7736d2593a05,train
/content/section_01_workspace/data/raw/spamassassin/easy_ham/01980.7c8a47a94e97e6e9c5c7ad7385ee932c,0,06bcf59898c61166e8f27e725eb07f50f65fc712ed17909e4527d5e81bb41942,c306bd7d34060351a8c68da5d22eb5a7f2e85e1281498a3230b40b110356517b,5635ca2fe4ec9c551f00522a77910ccc99b759c876087ac4bdc0dfec9fdcf164,train
/content/section_01_workspace/data/raw/spamassassin/easy_ham/00429.5c83e9a65ee27155654607ee770b8142,0,e6871069e99f551a749a027b8dee74ef4f8c8e7df39ec28dcf04675269c0c532,5444b28782f4f005b8a3bb29a1a488e66adf9d0e3e469a869a766c90ca9df783,f7755828cb03a54b09e078da99b0857337c327d025818952cba883903afec032,train
/content/section_01_workspace/data/raw/spamassassin/easy_ham/00401.fccfd3c52e43aa3512874c3efec9edcb,0,3a28982e255293a7087ce349d40efe32cbf3e627eed79ddced485b74e7e4ad54,79f11401f75ea13a6c59586e2b7976507b881d10ce7e4054608a325ca3263e43,c724ac7b9581454602060b3c1230a4f776c62cb666e2e64ad5cbf07b3d570414,train
/content/section_01_workspace/data/raw/spamassassin/easy_ham/02460.553f4ad4ee6fe63fb789337ab097ab97,0,d3e1a28cdfd9b1ba7b18fd189458ba70dd9739c67be3a6ef6436f4e7c3d8871b,203f598db0b1b1135f446738a7609837718e3203cc8ca839b913c934bebdbf1f,df2098710a7e42a64f63951e39cc5c99ca188a7eb0c0a7eb43626950481995d0,train
/content/section_01_workspace/data/raw/spamassassin/easy_ham/00553.d1e0ab732c8cbe70432e98301e352954,0,16382c0768ba82dbfd6854026000ee54e19eb239225c3aaffa31bd8c4c28b653,e00f31b61d87e8bfcc287b1ae8f31db2df471d045ec12c02ff112fc6fec6f2c9,bd518c2d150bb0fb07c2ef1b4fe690898c819c0988dc412c71c0a8c45d6de652,train
/content/section_01_workspace/data/raw/spamassassin/easy_ham/01758.ace2433031b3ea150e728b34850cdceb,0,1c3427c15b9a8b4905539efb2444640630e9509ad9acdc7f10691a00f6b38ef3,b487c8e0a472853bed37a3bea40adfeb604f41a61f501573520f7f96e2bb8fc1,322a94f98fb0215735d6a23f4fb506307365d2d5bf93be6214f672357cddc0f4,train
/content/section_01_workspace/data/raw/spamassassin/spam/00259.7b838a90b63541213eff9099e1a1aa3c,1,09e20e9947e208de09df0271a036e223d5c2b718bbf2088ad86996c8be8ca8b5,d354b71fe4ee7e816e0410e32ca6ff726496d18e225179ab6c93fa289f1bd0fc,b90f20db8e4143238ecb26302e114fb0cb86e6cf8e68df76ded161b07d3c8d52,train
/content/section_01_workspace/data/raw/spamassassin/easy_ham/01355.9604b641ed970d50b35f2ec2af848e1f,0,11baea62c0c6df214016b511a5a3037a961d458cd312d026eed32d2bbbf99a16,d8a2428cf4ad06f39b2f7232de1ff00d1975e173c847768030f783667180374d,9184b8c6bab0ef7403085653c12b03a47573d2fbd2589f1180b1e6c211accf68,train
/content/section_01_workspace/data/raw/spamassassin/easy_ham/00782.6600ba2aef2816e4852a4c8e43130591,0,431de39e0bae206286ee1fd15df1734fb8b4aa55ac9c131e20f683b7f56a5ee8,04dc5654e18830e100292875baca276669e5fa3d84d922ef13210fff1d418d71,a33cab90dae90566ab31e5475dffbbfa6442938203db8a9d53423d60402922da,train
/content/section_01_workspace/data/raw/spamassassin/easy_ham/02301.a12a68c684b8c32e4f93cf6628e9eb5c,0,a78d3e497f60a03d5c8095790a9e573aef7e53aa828baf18956fe3c8a022a0dd,f60cd90d2ca8daad51f09664badf147d16256b3554938b54fc19470710e5d44d,1dd0e413d42c1928bb81bef7388042a4aaf7ca330cc92241fd5e6edf7351d617,train
/content/section_01_workspace/data/raw/spamassassin/easy_ham/00927.acbc1da1de97d9257d57b4f46ed7a3f4,0,667aba08eb6e0ff920d49b6517d291afcc192accabf1c05a9d459e60b5564ae7,c0774ada45bbe4cf399ae62d417e4a640213fc04986e3acc380751563a464022,e5d264bcb62cbadeda10632fd975d654e2b0e127c69e733c116ebb707bfed7cf,train
/content/section_01_workspace/data/raw/spamassassin/easy_ham/00987.88641ac821f19f26060f12197bc585a4,0,9edd5fd2e549d6ba04f6cd6e3dbff28bf9060a31b06288b2938d3796beb35e0c,3a3e37ad68578885497ddd08c6a0d05b65bb528d414746b9e615c687a2d92a5d,b05163342cf9c3f43146dc622ccaf4ea07656d336cee14fd117cebf427616531,train
/content/section_01_workspace/data/raw/spamassassin/easy_ham/02187.3f8ea19249f46d941671b62c7a43ca0b,0,fe77882c844a6c155c15ffdaba2d5de7937bdb560ea13bb284a8fef9c046794a,61bd5ce3f1d160b85b288f6838a8b759a302b6b2cb73adee79f96afec8ebd8a6,9587861ba20999e740e4de2299e1cd04b5380abdb4d5fd33e2a72beffa1b8473,train
/content/section_01_workspace/data/raw/spamassassin/easy_ham/01182.c9d5fc1ef170c05409bf3daa8f36568e,0,bb4faf0352d1dfd2cfc04dedccedd899c4bdd50fc9597e988755e9bfeabe3915,42dc9b7f1ab302835442db1ab43029a9b09584edc8d087ca8a71c37b4a7ed09a,888f5379a9e8f545eb82cf8b9de753e8d6360573cbb0a7719088f91fd2afa757,train
/content/section_01_workspace/data/raw/spamassassin/easy_ham/01363.77a99b8d1fa345c7fa3af272f41591e1,0,80296438e88bee0c0eddfdd431b02a86e445af7e4365ffd6c49cf76b74c2d9a1,6ede77ffbe091ce0d663562975776f3069f65e7de703dbe2772a9df5fd31dfaf,af67751a26154da1c5eeb8f8db8d3b78d05f52978237cd155c00170479980a71,train
/content/section_01_workspace/data/raw/spamassassin/easy_ham/00582.25153a03da1710fd133d6ff373d612d3,0,c3dbd71da489084043e571be6f860c89581bcd01a2c8fc7723d29d7c4919323e,420d7df67313be3ff637e979dcb589dfe21e5daf6fefb7f27bbb1e3389e54347,6ec1782b7d452faac0ad5749a68813c1040b2f5694ee2b35800b65454204ecfd,train
/content/section_01_workspace/data/raw/spamassassin/easy_ham/00537.0b676300c214afdc2dd6a5007e8b8e2a,0,1e87479cedf1e5adf48d474779b10c4f023a8029aa82befa1c643055646994da,d7c9ae2fcb55bc0f476b7aae158a04b8f5fb1d2e8cb73a82ba5c25c73f4c3645,963fe5521953ba74524496a48b956854cd89e1f9284828b0fbbfd522cddb3fe5,train
/content/section_01_workspace/data/raw/spamassassin/spam/00443.cac50573829d4df1111b6ead28212e73,1,c7ac95f28c3ff2b69bb54746f98e49c4c975c7915ef53cd5385b47571cd26630,d0ead4ca76b96718811188961bcdacce485e2c40e767a4c4e7ebe86e83341abd,6c01d485525a11dbb2ba1bd705f13f2e62b42b95d84744d6f428cb1eb33784f9,train
/content/section_01_workspace/data/raw/spamassassin/easy_ham/00314.611159749e214b996589d557e335648e,0,a436215e361d75bb27694283aa7b8aaf0381fb82056b8744c81a9c78882e9a56,fc7e9bc33b2c10a5aacd1e93a7d353327f32b72eef0aceaddf149d1e84bd005c,2b898d285d37db5a6c179c1d7c703f715206c393341b3caf774cdd1b23f39412,train
/content/section_01_workspace/data/raw/spamassassin/spam/00110.f3c4ebe14b439420b53212332326181f,1,20798f3717d4804d7b014987f287859ce793d02d0b1371eb28ad1a05bd9a6726,eb2ffdc5488f3ee35f623f61f3f4952654d0dac32d5c687aa003a3b047cac421,e75b6385b1b46f877920ea9f9b828fd95fac266c825a5c005d2059d8c8bdde28,train
/content/section_01_workspace/data/raw/spamassassin/easy_ham/00758.af02ef2952273218fb9d6c7ddbec7910,0,ef0cc5517e73e1b219429654c2866089d26c4514b7b6a4854baef8c867508259,d3bb2053eeca19678401bf71c5957b8c037e7daac88c87957789b4463aaa800d,5e530bfb1b8ba15a47885826aad1fb00052d8c176a5c3e62a3b1ce0f6420226e,train
/content/section_01_workspace/data/raw/spamassassin/easy_ham/01203.a19fd2f1ffc3d70528bd30e76a7e35d5,0,823b1f6aab5a554485d372023c91f38c1ab6ebaf925225f373467ed903954e4f,afb5cb446eba8a7a72ea8e4fc245433547f0e1b3905eb3c9faa514b87a6972de,75f643f2fe09f91a5af89d4aaf6e8931378796177c8ea97f5069d0dcc659e30f,train
/content/section_01_workspace/data/raw/spamassassin/easy_ham/00014.cb20e10b2bfcb8210a1c310798532a57,0,498dc4984862f57c9b7bbfa39708fecaf4744b30f703074d7e51f304e74439eb,b993877d1a61b3b11c7a839ade53f23f119cf99ee10c02ac8eac7c181b2af85c,159cbb7fbb5f405a516d9df35b68457219f6e763929c030ae9f5f528c4a6fb11,train
/content/section_01_workspace/data/raw/spamassassin/easy_ham/00930.dd136d3d36e14ab324b79c3cf8c9e6e2,0,88a0d1527d675e6f24c758f486d7a2dd230b6bf891376dd4c4365267a08e41ad,140d6758724db1a4dc943a4386f0318eb433ceff97498489abb4063f0b94a946,fbd54feaf0890192abde154273bc845d1d4373dcbf5d92002231e2bbc0bb0db8,train
/content/section_01_workspace/data/raw/spamassassin/easy_ham/00236.0d42e8e99de86aae42a4f3e3cdc2465b,0,a08e549c103a851ca68e42319f243bcf5d5cbfb1d5cd5c50ac7a746511e12eb8,4de1bcc3aca4281d6f8004ac51bd77625db56a79ab6a67b1cd94b3434a6a34c6,3220868192a30b851eb98c9b29c8d3061eb3c4d28638e43580769ece28b51ae4,train
/content/section_01_workspace/data/raw/spamassassin/easy_ham/01973.993039d29cddde0cdf4b0d58ed71fbe5,0,efcd07a44b056cb8e740e87f3bf0a6534d499d1f019d334f0b8a3c39e0ccacf6,a46619f7811b7ffa5e4ba00002419724a3a7d1413658f83b5b48fe4501b01c98,91db3a378d66992281db8be1f2473e76fdbc6bbc2304fa7e528a03e25ddbf626,train
/content/section_01_workspace/data/raw/spamassassin/easy_ham/01629.0ff6ccf08604c57e81a797521f9c0e6d,0,5e0ff4213bebceeafcc3dfb2ec55adf64bcd9e555f684ea852dcbdd3d22b6e33,38bedf7ac1d73c120a9aabe6e11f22b0587e34433b71035ca839e0d05dc6f353,30d1a00dcd75b858f4a91c7d562461cca46db460b3bd3abadf5b5ce0e53e1eb9,train
/content/section_01_workspace/data/raw/spamassassin/easy_ham/00682.7b96194cc45dfc4d54679a198dda3244,0,4a77f83157971712cae44bb10c2e4cfc1311ed86e8f8809e291b27ed36d0cd85,459a102d1e0d70adbb2041ae736e4892ff9852c79601dc14d879e3583021b68f,f113465b7b76df0f7e1336fb4aa779b0828af1c3ce906033b23219edaa6674ff,train
/content/section_01_workspace/data/raw/spamassassin/easy_ham/02231.f2e821bac37b113fc3e095f4f597d81d,0,6851624a43adf54134fa37c5fbb1f9684bcd9ad2a408875742d7403a7ef61c25,b1ffe0a7621915f57995f1b8817537d2904ac98f3eaf8c0188e36a7ac6618e01,0c1e5e56cd1d6f704ab17358131ef259e950cb005a50471b5dbd5f3343aa4eb9,train
/content/section_01_workspace/data/raw/spamassassin/easy_ham/00276.5068c9f11be01b50bd179e900cee257e,0,606415968f105a55c70cd4312d6fc497da85c84743d643b274e386ff693da302,04a33f28d61f9a093e9793c54fad506b7a5ca40eb2e9f928911b125ea4ea543c,99bd73124994176729e8abd0ec3568d2b4003a95761fda7d2a70acd77e2afc94,train
/content/section_01_workspace/data/raw/spamassassin/easy_ham/01424.14cf0162b6bf5274305b7b573a0c3a82,0,64fdd85544ab7d23440c6bf254948029bb2071262d9d2931cef07fafba475943,1ef12fa75634f8eb95a2dbd284257aa9385335fbc6fccb2c5c69e0e5af60a5b0,8ad7d6b2cc26a29a3fb3e8d49512acac3691d232bd767d93b593ca58f4fbafa9,train
/content/section_01_workspace/data/raw/spamassassin/easy_ham/00971.5b0ba338d08a9077b1256678781e4a93,0,592619119af9545314c56473a0b5d900573b26d34cc7ddf171a502726b3b2a73,2ecff2d666c72845743beab16576dd0ba7ded1c676890b4dc3bc4de917a8ce48,674bb8078ba85bc6e3fab30697895c3788498a1362017b187091d53f5415672a,train
/content/section_01_workspace/data/raw/spamassassin/spam/00499.988506a852cf86b396771a8bdc8cf839,1,6a8661eb660e0c95232f7a580730c05ebab293a300721764f413b3b26cab2975,06cd2447271b28526131f6ab6fd08e0e40aa1ef318cab0f5961df696793bfb39,4633a87b14343e21afcc07d85d31a94672123b3ee2fc4f255d7bf651cf85fb74,train
/content/section_01_workspace/data/raw/spamassassin/easy_ham/01751.bff303bb4466a91b0f88491b207e8ed8,0,02d0cab3486644e7a23f8102970de0d8425cb9cb89ecb0319c75689ff155c935,e5b0588b8961d508661478966a51f562049adeaec6df808deb39d3b17a944830,a3636a04c33de898ff34f05e64a672cca7a961101608aa2c67ec0ea228952336,train
/content/section_01_workspace/data/raw/spamassassin/easy_ham/01267.88686fe91228476214e39e736ef35838,0,483dbca566cf2842a2d77a610beb182ab4b5d25582b998db92800963c8eb0c69,558c916059b4ffab95ee3c12476ede4f0485c527035e59be9ee45e5675cdc569,88d48e807d5bcf93a9a2c0f7027be851eeb4db2467374973b4861d3eafb3830b,train
/content/section_01_workspace/data/raw/spamassassin/easy_ham/00108.9ab147c83812fc34f69032c40df5a21f,0,0c465a9c639e53f6f43d3ac054acaf96b386d289ee4cd5ff6a39b1cfe91aec72,69b385e6597c90d390eac7c71c7eb226dd70416e7ea3c69b7c64fa173290aff9,d46bad989beb7b47d3bcdf630b2c09ec655cca3b6e8b30c6e803f97cdcfb4c8d,train
/content/section_01_workspace/data/raw/spamassassin/easy_ham/01428.a040cc94f80fe9db775e898acfe3c3c9,0,3b91cc81f0964d22dd5a767c0ee48aa30db282a39aa841c9564ac7db1fbeea85,94f87a7233cc09965e6a5999d70233b49bb996d5bf27db3144721fe584c41181,2d07ee5afe37cabb2167e8a77ff2eaaf309fc9562c64d820212b544b216faf88,train
/content/section_01_workspace/data/raw/spamassassin/easy_ham/00375.205477cf488dba15ec6dbc46011b8251,0,26b0c07dbbedd509d37e345fa19e077acc10e9723e234b099167d22293e31a2f,993530ddb2ae1aca3669ee439aabd051c12b8cbbdc6fbabb2120bb1eb328f438,31f3cf18ee2d0925daf102148a1ed2249b355dee424c46506f392ed54337bdca,train
/content/section_01_workspace/data/raw/spamassassin/spam/00485.a5d28b804adbceff7fd75ed9fc8138bb,1,cfdad11b8a58f547f739da44f6f6364b81229668f05c4dcb8050419eb8d2ccf1,f3ac245a4875661e3bc1e52080f7d89e90d772d69dab1ea97316438aaf0d91c5,7f4e24a81fe423281e1861163fcdaec4ef5af5e71a71686ddd2db173a26da269,train
/content/section_01_workspace/data/raw/spamassassin/spam/00193.c04ef77bc3dbaa5762760a6ea138df0e,1,d52481af2cae9d6f0cf9474d3ceafc88aedc5caff9920193bbe61c4bf47f26f4,1beea0a95aa7e45939dc26a814eaca286f4cafe04c465b7aea0d9a27716a2e63,32e0402bd12a73525f50267b511cecea04e597c080deabd34f108759c52628cf,train
/content/section_01_workspace/data/raw/spamassassin/easy_ham/00348.009168209d00ae1cb41ebe3a7f113d4b,0,32133aefe6adc1d4dd2b909ebb4ac58887fb423b32406b5a7553ccb7e53dedb0,fbf2554365e414660090c9c1798b96e8fca2215491575f3d689e30dd30cfe230,74137c5d77eb866c17d64bd134ae4437dac72b434338fbe7a5ef5bad11028875,train
/content/section_01_workspace/data/raw/spamassassin/easy_ham/00357.d559b71616f64ba1d1c1e61a03644fd4,0,1a4ebd6e39f9a300d334c3fc441d43f6d3a814681b56da1ce0e10e02de27af65,d62d38ddcb3ac8eaf1fd31feec4140067b3b621c0f3b968ce342c98f948b6f87,2ab94836853303f4c2863105294f5a194a52f6ee03da8dd8d572e080619645d9,train
/content/section_01_workspace/data/raw/spamassassin/easy_ham/00981.3eb28c739b5443730f65626c58e3995e,0,e2245f6268640aad41263c3f0a269e6d9c3547ff69e54e0cbb8c2d9297951576,080010604297d2ef5b3f6d1a5b753a65fdb6ba5e21b9b72fd48377e4d674f708,28a1564d42b68235e9d11bc667c0743c43a22575db9b5db86860ce8aaeeb64f2,train
/content/section_01_workspace/data/raw/spamassassin/spam/00084.a9f5b3a9b7feb7070f25ae76320c8ec6,1,68d3f3093cd2b671a446ca91ca04f32dbf52f6a27c487332134faad8f91921e5,c9b98bf839041f72e0c48a881efc7a7b4608804c0d1c7d33fa7fb45bc4d1dfed,8f954ba8f5d75c9343f8edb844769d656bd2224586cf41d8375fc21997227e52,train
/content/section_01_workspace/data/raw/spamassassin/easy_ham/01838.ca87fad0e36751e30a3595555d3200ab,0,adb644c794133da302a0065445b193b68b6e9e673bba7dbfc692094a94cc927d,9b3f18b085c6ba0a861553c7625967826e007904f2bd75d50c5cd89e47f8a88d,78c26a6c18a8c06a0aa5b63381105d81e348a8de6a498fb73f4f37dd72655551,train
/content/section_01_workspace/data/raw/spamassassin/easy_ham/02475.9277ee243e3f51fa53ed6be55798d360,0,45d2d2381a96a4038ccc2bb34131634c476a089c51854148e81d5049b2c46b00,b81dfdf56f61a0ef30c62ff11847de550168d6a7ad88a1bf1872c6198e28d9ea,24f31145f8661b3c7cd169a5d45e18cb5cf1f9e2662e8d2df826c5a896242310,train
/content/section_01_workspace/data/raw/spamassassin/easy_ham/02287.05088931220174dcef44fd30efb3616d,0,3b5dd0f5a215245b14aeabb7023cb48f891d561e3c0bc3d257083ce65afd5ed3,c8e01f7c7a616d692282d9c537f436017c09ecfbcfcb22ec464a8646bde8a72c,c805c2233b1085cb237316d41df7a78d289874f8e03ebf32c5cbf1dc591cb66a,train
/content/section_01_workspace/data/raw/spamassassin/easy_ham/00616.1111fc61de078f069db9d72e961ab5a1,0,b5e97557fd4bc3d2dc4cca2efd3368d4cb3b4d2941d91f66661de7e316f50164,49b47a75645ab448fb7f790b7a3144e4e63141c5a077a449bba4ccbfe8a31ba9,dbd641488ae609b3a179157aa002aad9c9bfc6a1a55aad07ecc30883bc36d4c3,train
/content/section_01_workspace/data/raw/spamassassin/easy_ham/01298.65b9c164b1fc671b0c050ff3f82e77d2,0,add5affc7e970b58e806b6599ba72785d4188df6255cf4c0cdf932d654683948,7b0f3f8f8f23c9204d06d56111384e8426bc18f4a514e365cf05cb90e9a4de74,c14361da5e39fade6ebbdaab8da2a1ffb7433cd95a4a9b647e1566fe0f0682d3,train
/content/section_01_workspace/data/raw/spamassassin/easy_ham/00163.550a6ef7fd451fba494cc3128aaf3c7c,0,f29cdafbe48977774fa4ce5d4fbf1d013a58a732bb3f4256799e9f36995a2b52,8a52c0796bcd64c401d964e034de1e7d515dceb7a4fee08ded8cbbea87c1a260,9a6ec2e337ee40b0250d04fa3e290fabb212949fe2e1016520f38dc9b12387ca,train
/content/section_01_workspace/data/raw/spamassassin/easy_ham/02157.931d22174434be3dd5356fb201196654,0,5d5321fe16bf24e4d1e0e2d6f0b2e23dbf1f801dce284cebf80460d6821d23e3,97b47e59f5a34cb1fe67a20212f8c2d49163125ad8ff38e8abea0a35bffbd28e,1bd3528d565c1cdb8b85eb7932ac31589c2711a60c2325c8cbf6db57901d3776,train
/content/section_01_workspace/data/raw/spamassassin/easy_ham/01800.1fd79d18b9d3c56996ba3c40b26df35a,0,89a16c99b75f21ff89d0eb606902edab28aee8982807354d0a2ac8bbedfc6198,6434038fda65b1db62a3dd963e63e11b9bac408e67438da5b342d1097c341fcc,75f03a8d0903a394f7d6fd19440dc4ada390df21f0af9bdb39d68f8d1f54f39d,train
/content/section_01_workspace/data/raw/spamassassin/easy_ham/00732.3ed34429d759468e94c14ca1e2bb231c,0,5e42a477aa5e463cc581d620be206d520d45916043b429bcff664c5c77a64d18,625be1eb44118cbf3f365b60c7a3babd4e7f1392e47620c81b0582db2768fd49,ff72eca043f7440d8b51a8da80bbbaa9e198368343e9778e5f9fead0f2621ccb,train
/content/section_01_workspace/data/raw/spamassassin/easy_ham/01137.862bf0c202b134ec11c965d1a46a43a0,0,8aa29daa3e640d40131c14fd1bc6c5e7e5fe71db4d3152c8b2f10e1f5b1ae83e,b3b787916e7b4533c295e93de3d13f7b4d3f498480bdfce0822f7fc76b200112,7fda008dfdc18d2e6126c7fc8987e44bbe3107425f963e05fffc409ea3dc8fd1,train
/content/section_01_workspace/data/raw/spamassassin/easy_ham/00193.56c58a594fe8a1e7b830f48eaf12e654,0,fc4c43fce73444d641e7dcf9bdea3234bf9ea3362386cbca5c30e897f00f2493,c2fdee52bf55d0b152925e4135e2b23256fce62cb2eae97b6cf89585fab6fb70,e99fd7f708d73bc607dff8c68e1d19cfeaba03a8f6ceeb3f1d3b51b67c0c3a3a,train
/content/section_01_workspace/data/raw/spamassassin/easy_ham/01252.60a457d292a0e9c1307a196324d298dc,0,709bc695be41e5a8378d24e9d50b60580916a4110c9f984f8d26e1a45742997d,98a7cf5bcc27ee1bcd015f549899199f19f18f4ed77410e7b46c67dd1404c0e2,bff88b44e9943b7728d4e2a7b60e93bf7ad6ff124bdd32ce2a2fecd81c46bb6e,train
/content/section_01_workspace/data/raw/spamassassin/easy_ham/01187.26511acbd0a46e181d130e70080962f8,0,5e8b589ed69f440136f7293d433cbcdc318cff80098e11af073db89787781727,ddf9c00f0759465d3aa19bad99f6851940f1cbb60365cf615f6e3989b4c6cd65,8c40a39c7f6a0f92a98a0e4f2dcbcbb265b503799960c366a4e05764c0240ef1,train
/content/section_01_workspace/data/raw/spamassassin/easy_ham/00380.9426f88747cb44438bb358841649f326,0,3ed7aa634f2c8515ccb6dbb203fe05fa8298c8608eb8028f1325216c066c9fde,75856dd127b18238e6de761e0a87fdd4ca85220bbd004b6108673c8bf2b53af3,a11cf50db08ca2828db04973ab2764f8b9537319c33393ee8e1af5ce6838a9b3,train
/content/section_01_workspace/data/raw/spamassassin/easy_ham/01829.1c87e9a5f2b7eb832ab305288b9b8438,0,c00b5c94a54d9adf7230d0a4025b27b93c3c19f2073fe45fc7b302111d2beecf,3a96c301bb9f6b65f6814a89a8966005b7412fa6843c9ded74df40632023b110,4fc0dcfbbd848d6e86948c6b66f19eac2bd56c8d50f6c742ab28c9ab2c32ac91,train
/content/section_01_workspace/data/raw/spamassassin/easy_ham/00832.e30b18b8b964c0252bfcfbfe2b99efd6,0,a97b3b59b1f5f075015be88f3d62ac1f75228db147c80953ff1d8df313881aa7,5cf7b64722258a14703d04f8ab1c2d9f0a366a9540c49a39c9473c5f8820dc0e,53cafc72a54c1bf644b085edced7f5ca61e01153c3ef882a9d08e200d2ca2b06,train
/content/section_01_workspace/data/raw/spamassassin/easy_ham/01631.2cba1b5addc12959348f0318a6cd9bee,0,d79a32d5c80a0f7142142074102b64594e26427779a4df3460f26a8a20c9f738,0564a931d1b8bcbe91615d143592f0ae09fcacc3d31ccc91b96e7f79db9eae29,0b253c08f0d2357853f2b94ed4df527409a430369b946fab767fef09d7864ddc,train
/content/section_01_workspace/data/raw/spamassassin/easy_ham/01246.1734a462e0890957b876bd2bdeca2818,0,02f0049db91f37033165355afbfb2b6b1e24283ea5b673392f214cd72bb1c680,cfd000c3ef924777b31e78d7b8f893b16c01266c90dfe5aae9a6acac7e64e10c,1bb8739360a6efa63d09f060b099edb113bee281d92bd383a99fdac61348b690,train
/content/section_01_workspace/data/raw/spamassassin/easy_ham/01642.6e47b00b04a6f2cb1cf9c5c86031132d,0,6e2028cb4e702c81a24c7c3f8402cbcd3a531eb0fc9a853bf1a3496e77485ee5,3001ff279c18dd473115c7ccbb06c173edba65da239440c48634c296cfa1ce7e,7f9ad20ec24ba6ce79d09a00537b620f3c94343f16af97be098abf573d457f41,train
/content/section_01_workspace/data/raw/spamassassin/easy_ham/02350.b8ed9b115e8d8e0fb8db75b855d184c3,0,66a62ad1013622cc7f6b7fe14562265f3f98709e3cdfa87153a3928448f85bac,b3f7a14d4937edf84496d851b65ed28e4581c84de6c964841c2a0e9e1a9bdc28,5f85ac28c0858107c329dc1aed566458ff93a63f77bd0f868cbcbeae749d07d0,train
/content/section_01_workspace/data/raw/spamassassin/easy_ham/02361.68fa77659ad7611f8bcad48d030a3039,0,aa1c00245614d09350ab0d6d46d76877ba09ef91ad9ac5c5e1225c673a6b350a,e3091ae27a6b3aab1634861a43e5c3540f7527ee4b2cab2ab476156d22d50adf,360bc3cce2723f6fe8396e50f2d9b62318a81fddb2d5f4b774dcd7927eba54fd,train
/content/section_01_workspace/data/raw/spamassassin/easy_ham/00449.a5774525dc915cffc54433a1793cbf1a,0,f099249aeeae0475a4bb94d150a38f1fa38dae9492d3c7696675b64e6465f314,4009f111bc1bf5f763d2e55280a42a724a80b32a6c3d8b7c2808ede80c7a5a1d,8368448aceed066fc7bfde825d5c745886e9083e2836abfd8c905e68e6c33f17,train
/content/section_01_workspace/data/raw/spamassassin/easy_ham/00502.19da1b53a1529e45350243255bee8fd2,0,d57c4a2c508fad4c1721c802a8822a2f50cf232ae35566ac48780976bd586b96,f1e71f6caa62d003094f54e68aece8decaf969c1a164032cea91214127416d32,1dabb0e70831a6fce161da55f2697d38f20279a8111a43c70757fac90a1f2a9a,train
/content/section_01_workspace/data/raw/spamassassin/easy_ham/01279.8cd7c5fcfd7a06b4e2b066a7c76846fe,0,6a7c83ebb8e774480f5dbe92bb1e192d40e1376bc649c531bf25609dec7dedb7,5fe0a096946dd604bc69f034726665951b6d17d287443a0dab7f85a03788aa6e,77e8d41be9453abf5598add90561e2a015c914176ae9e923fc31f65765ca1776,train
/content/section_01_workspace/data/raw/spamassassin/easy_ham/00115.d5db4a9d477aa17a19669e3945b7aedb,0,5a87ecba2333d4bf76f7ecadc2fd81c79989d7b43dd403dc6ac815a0ed0d2ae8,8f40a96d742370ea96b65023b39e13c08e3cdb83c871a69750661632e60bb400,c70364a93c9137be6064752b117f270ea213be2e5e37205538457ad197801348,train
/content/section_01_workspace/data/raw/spamassassin/easy_ham/01947.1d30e15168424f7d1342c5dcd60f22b2,0,e19cc9578687bb4292f299c3fbf9c7d09f827dadcd3566d98651c19c984ae0e2,b302d0c5f59412c43f6c6a346c4a129280b666ac9071addbc2b900b7d7b2320a,6282a789b375697ab07a48a94323973066eb711a46313e98d52fc4eed7ea4983,train
/content/section_01_workspace/data/raw/spamassassin/easy_ham/01546.600ca62f96dca0db15aa9ebbb19426a8,0,6e71e0212443f9bb68755f687c8e8c435edbb0fe9a4612e5f35cd8f8a7d57eab,217c79bbaea2248a856d2205dbc696244d076c7094394b4bbf7d93f984ba5953,9a478dd927b1bad7a6e579ceb483b3472d435782981273a9166e3d4ecd422c0e,train
/content/section_01_workspace/data/raw/spamassassin/easy_ham/00817.6dd747cab2629ac615233a528525bb8f,0,f7ae869dc4dfd3a4abc3818c0089fa751a11f479e130ac5728f2bc7a2be61e6d,b051e6a089f535274b953408338be33486a8a23fbf5cd8bfda67d27d07bed61c,8dc0f94928f0a50ff658d4c5d7a8d9c3afa8a0f76c4394a5aab32fadbdf4f539,train
/content/section_01_workspace/data/raw/spamassassin/easy_ham/01579.434bedd57f027223f76db3d11f4d960e,0,b322a563834c9d4874e2b73997b58e778c6651045fb096991af4117111e537f6,63e90f023811fd71b00e51e955a34d384e18be4856a4f83dfedd76c18de58f67,62332d895b47f6082291d6fab5f4ca21374fae9dc6a816b58abfa0886c7e15bd,train
/content/section_01_workspace/data/raw/spamassassin/easy_ham/01604.6034486f13e8427d9e70ad088092d856,0,bbddc5fc342f694d2b5aa1a0b0365d640d43ea1b9116351b64e2648887d3daa5,44452dc5ee484c2c9a370231335f35cc8c8da0c3053e98145ab8455e8467841a,8e595ffb92f5eec333e5f6066dd2c357d93d1e907d2e267de3b8c8f681836520,train
/content/section_01_workspace/data/raw/spamassassin/easy_ham/01136.994c27928a3ef2d69d08453c49c95f7a,0,d578fdbaafcfca4a96dbb4b4a0d2593a7eeb9cf6fb8141ea568f9a42979c5f0c,cdc356c18d9661d4cdb3a9952dbbad552b55416cc4c979b28b79c86e2ee81ba9,62e5ec2245231cf8cf13f8dea3addc670fbdfa000362f7a83919fa33ec4b6c85,train
/content/section_01_workspace/data/raw/spamassassin/spam/00404.b4bbecbee92f735a845f589582e7695d,1,bae0737b03aaf617d5c0e811ad63d566563fe6e20392ef46312cf892851c0f0a,a4bf43982e12a6ae2852d28a56ef1dc48814ce8916b680f5b77216cf956ef9ed,838a5fa5f5c18c9fc69ad9daa2d896916b7b616e28e136465a98a382bc819d4e,train
/content/section_01_workspace/data/raw/spamassassin/easy_ham/01357.cf1f4075b85a439abfc8c0b81bca73ec,0,88826d1b610f4b174f5f1e33bd4ae405f4c965991276fc3faee611d3e6b10ac0,1f171f731f7d914b57a4d9e8609a35993388408c8f627e62a3372dea765cc942,6a4ff7855481f66ffb50122e59c99c51fc0d5e97df62c4e39a28d7b9817ab6c6,train
/content/section_01_workspace/data/raw/spamassassin/easy_ham/00642.19131d951ee16af5a157685213dbc7b8,0,398d1482681f55bfb45b8690f03654bbe65025b4d39c926def668eae448545f5,e73554a563a166a5cb26782ea1f7122ac50d80ef04cc24084cdc93452bf9a46e,71a887ef19699aa40a5bd1a0b364902d0ce8808000c3d06b424f600784ea2796,train
/content/section_01_workspace/data/raw/spamassassin/easy_ham/00983.42eb62cc4057d03dfd3eb1c8afc270e2,0,33b656bdecfd9f6a53dd15c33afff3f9f01b23e6f8016b591748c666a1b3775c,3ca8e79928573c50c7236fb36726b67fcb115cb6cc21f714653171caccba98ce,63701c494a955e451ff8b386d4b6cfa6534fce094325c76266fc25d4a2636961,train
/content/section_01_workspace/data/raw/spamassassin/spam/00103.2eef38789b4ecce796e7e8dbe718e3d2,1,0165f1ed6dee605fa189745169c8426a2823bf56e6986246f62f3ff48c3039af,6f0f329f8352ed2b08eb9200f5d26a3926d8c662f71722f90b291266e5a7567e,3aee6345f90665ab544332f559839f5ea9ec6e652ece2de0493d192679631d6d,train
/content/section_01_workspace/data/raw/spamassassin/spam/00074.51aab41b27a9ba7736803318a2e4c8de,1,4aa8be8e0dd762a40e54232a32c5bd03ed88944669aa6ad485a94f78d9ba8148,43a0eeace6c63b080d27c32e32359e41d519e900fafc28fe903b9821bdf11ffb,0684a6e4e4a5df321a408136edac0d6780dc88d3339d0ba8b33d5cee60b47418,train
/content/section_01_workspace/data/raw/spamassassin/spam/00431.12b2043fed99f1202eb0677969d1a61e,1,d432279cea54fe024450bc64637edda9797a958c3861da5c935baa50dde18ef1,c6deac014e62e8b6692365f82db41c42a213ff8179daf05bab07ba2a64c781bc,f0e5eeab9dff943c56bb6b620e20e100051ab46e455dcd18c7def71792836252,train
/content/section_01_workspace/data/raw/spamassassin/spam/00237.9cee6fd8bdd653d21d92158e702adf50,1,b9553a8acd438e0728bbd7b782a396466282ea08c76e5be0932b3cf86c4e73d5,f0db1225920cf5736f936f88ac84ea4424556e7dad675f85c279d62975a03d32,10513b8347b2abd2e49c1d9219f20421f91ebedb07898ac943f060fcb1b7cbfc,train
/content/section_01_workspace/data/raw/spamassassin/easy_ham/01660.2ac623f4f429bbe90824fa535e73b558,0,cfaddcc50471cd62554c26bd08ce89383b9c405c4322ff24a8861295bdec46bf,da47bcb7b57603468c652403b43fd65a8d34ce45d194c5829713537459f6dafe,5babd919f7a9dd9c436bc051216ea46d3d028b8b2c37c522a235ec47471a9cf6,train
/content/section_01_workspace/data/raw/spamassassin/easy_ham/01997.854ac67a4aee0e4c65f0ba7aa8602421,0,d7860df283790ebc5bcd3e516b15fe810932d4b52811f3e82b2f4e56adabe097,f3a8b7081d37170ea1d189315cc573b9bca2a3fe63d2268e00d58b687bf62049,3410faa2f9f916065d961cdd306edad06fbe8a0f3d01fc339e6058536b6fef57,train
/content/section_01_workspace/data/raw/spamassassin/easy_ham/01791.e4725d74c9e65532740c0939f407c063,0,2de721c1f60e876ec7cd234c43b180f130b6bc5283db36d2b0d125747d694a90,eb388d3b0c8c03c006b4af81ba6698f9b1e7abf63f05ee53d2fce3d30dd9d434,0aaf5805bc60314e675e55e8773da9929ca5b8ba3c05a056a0f96181e7b8bdb2,train
/content/section_01_workspace/data/raw/spamassassin/easy_ham/00345.20c35f26ff6b56d678fdbe7750477668,0,169acad975cda9617eba712703d7983d476028e46b5a91c8f3caf7e248b90a84,e7df29ff54b1efac27396c7e08aa0090cc294b443fcffadaa53664bdc7e1be6a,47f0dd38b67ef37d147122e756288932ae63a5d91b5c0d0f291ba12c7273982a,train
/content/section_01_workspace/data/raw/spamassassin/easy_ham/00189.b66293957540969a231d2fd09886ee0f,0,e31e74860d6dbdc236d0eff8270b448afec89e7c59ca8c994945cf2cc5a0313c,0281643a6b61585c092d6bd298682d036bad862df4fc4a81f644717c51e7030f,267fc3b3b0a597fdbc1f21b3582d1f5601ce27b59cfda9d6bb97c5ed83bcd464,train
/content/section_01_workspace/data/raw/spamassassin/easy_ham/01672.dd744a40e87e0715cd0153fef3a63a99,0,2def50abaf0dc6846e84ec8d794d1048cc0a9325ca17b24ef6f20e689ce4703f,b11b397ef55ab41289c1190fd456b543e5a129ba8160cd2fe4b429bbc786ceaf,70475284db9ad64928e48830acf13e173a79539d12a965ee489dea2ac79dc772,train
/content/section_01_workspace/data/raw/spamassassin/easy_ham/01840.1f9b806a13652241523473772e8bd6d7,0,78235a942eb9dd393c503defdb0b81c0aec9ae363ce8ea87bfd7473627d88d3f,134b42eeba0405240c521438672f7fff3ae5ef7f73a14ef80b8c2f1e5b74ba0a,ef5f3931cd8368254addabe19780ea8b93a1c1531dd4ccad9dd54950371b396b,train
/content/section_01_workspace/data/raw/spamassassin/spam/00078.6944f51ce9c0586d8f9137d2d2207df0,1,e8d10b6dbfeb46a066173434a24bd36a8c071b4ba18c9e2f3213529f0e4a9348,a3c029c036f348ab5997af991cc88c84ae4e0905b54c23897835c7ccf2a204f8,3785d87897eaf177bd5da6effd38eac6096fc323b5e7c253242b1888b6f8e354,train
/content/section_01_workspace/data/raw/spamassassin/easy_ham/02313.792888aeb3a4fdd1adcbbb094959714c,0,2f070307c79f47c7e22e8d4ad1440859857397e28bbfed1dd2bd1a3ff9b68daa,e8ba306164f48ac99f080ff2c8446607af3b5250a902cb764f85143eea137c8b,9099a77a7c970e72a191abe031685963ffa8d62a8397121cea977960a1b6c530,train
/content/section_01_workspace/data/raw/spamassassin/easy_ham/01479.c8a6082ee6a9e21154786f69c71b95bd,0,c8c0664233e9bb6aac10ed57c6cfa988961a7546d77b14abde88eff8d7986037,bce7419d97f9c56e0b387aa5eee4e30912154426ce5d990cd14fcca16fe56573,1b7c2ed56aebf3e2471772dcece8cd4313f9426a5a5c0b29c74175ba157041fa,train
/content/section_01_workspace/data/raw/spamassassin/easy_ham/01399.1bc3334a93af5c1919c0520a12965223,0,8f1369f74e14ab342b66727857ad6eaca8be5f852ac5e5b15706e16ffe664c2c,552bf8bb141e52bf5cf14ded0eae23dbe3675cd4df1e64d35706e9fcc5dd26ae,03aae30857acec6ac62f6b14980391466f367c79abe7412401cc2dee8bbf4a08,train
/content/section_01_workspace/data/raw/spamassassin/spam/00243.c6e70273fe1cf9e56e26bb6bbeef415d,1,11d2edd0dc57c860071dc0e5a0f9eba1f79ddf7c42c613594470654fbf7bf285,140845ec27edc698e746cbd29a6700f8ef87b15395386ff16ee4afdfa5c23683,bcd425ed04c2d882e09d3b3da6d400caa80fa59110b4508047e627bf8b5345f1,train
/content/section_01_workspace/data/raw/spamassassin/easy_ham/00902.1e45b913616e9e1f42bab6b6f31ea830,0,ac16b1789c88810dcbbc1baf0e883caa6242a0ddccb856a8281a15c690ee5068,1801014b19f1a117cf7503de7e6e6c2f27c9ff3b3e14faa4a24baff5c16bdb5b,4f4e703ffa5bf09ede2e109267eab0ea97c666c1c5448aec3069ce246f36f1bb,train
/content/section_01_workspace/data/raw/spamassassin/easy_ham/02493.f9f2870094430b7db8b0c1052b302cf1,0,128fc0e9d6318f06dcbd9e7d042c4283dfddc2555c845e838ef37f678023aebf,ff48c6e1c9a8edaecf5aa4916b8bf1610d5d5105d402c6227bff46cfc9a45c52,ca9f9f3e0ae887da36f81d918e508d6c9bc33eba01f5b3afad1507f2b3493938,train
/content/section_01_workspace/data/raw/spamassassin/easy_ham/01362.0892cc75c110776a0de7d611d8bab241,0,ae805864055127ab88d54a22323feca873667587830664e80a43b91c49da4967,115df8078bc29bce60568a92327fd8307a42d596f90a6428cbd05c3b5c4c26ad,5a92f016ebfb7a64367830460a545c1debe3e68852eafa08bd1726479642df40,train
/content/section_01_workspace/data/raw/spamassassin/easy_ham/02121.a3d7ff79d23212690ebf4252a79ce4ef,0,8beffc61bc9c315a17c6252ef2dee987a50798e75936a5d67ee996cc6a0e144b,700fbe4a19e15f3a1ed79fe308091a0dd09a80a100180c2d6e1eb4fe21e15024,761b56ca698a2ac18e7e1ecc5fdd62051ed1d11e3cb5b2bfd9249406c489b8d8,train
/content/section_01_workspace/data/raw/spamassassin/spam/00165.45db168e8e1a78a66972b9f50c47b6dc,1,a54dcae913da25978a7e01237d6be5a042bf26961d882507424a58ae5492594c,1d322efd2d84a74e23e175840684ba9f5399068e24908063011794f6fff57be1,08d920079c1338194c9d8f04898a8c00b27d456d481320a3ea757a035445f4bc,train
/content/section_01_workspace/data/raw/spamassassin/easy_ham/00933.20b1ef5013048f152931fb6c4e92e9ce,0,6f1ce25c7571c8e4a039bec5aebd0e1187cc4fde98983665bddcc1ca2db1d651,0ee6ea75097336a9aeaf646c3c7311a942215cc6f3164ab1a7a4320697260863,6e0d7a99dc25400f4b79d1cf32060831c6953c8f0656f1a9630a53a7cd7f29b0,train
/content/section_01_workspace/data/raw/spamassassin/easy_ham/00826.6ab31aba455701b24c69fd1f6dd59184,0,f52be312c95914e311236bec39fa5ab36888a63399f43ed3cb14c856a3baddd4,03794e268fae74bc882752208243521cd0aec831f7fe4b1c3491cf6048d39937,c614ce45b079fc04e43e4a26db573d1969b9198a37b8eaa224543e96ae53bbaa,train
/content/section_01_workspace/data/raw/spamassassin/easy_ham/01904.c85458b60f9ef9b77f1f9530a7d3729e,0,fa4a6a02a7c7144e780795120942ebc45a50e1c2c2101e595afead75fa7a472a,a8e40fc62fe1daaf29e64848bb45a2869470756033de70907a887ad647a3626d,f6da5c70993199a67a0d984bd390777b206ff25cbf95a36063140c7268bbe136,train
/content/section_01_workspace/data/raw/spamassassin/easy_ham/00251.7b7563dab83993b166e03ab8f052c5ac,0,52e99a7c2c553b50bd1e673fd34d9b9a83f16d709402aaedef5438d166528a92,dab5c9e3660d063afa399c7b1451de2d23efffdcc30930e7c9ce61b0ce0d6780,988dd5036d45c10900e5edec976c80e0d6ea5a63a37663a192d4a56b306c12d4,train
/content/section_01_workspace/data/raw/spamassassin/spam/00286.efd0b8f0c9c779b7a0ad93505c9b0bae,1,84fbea5d542acba3df0d8c59201a63360e1d91eb708b57198baf01dd33c9927d,1e701ec8840783714366c25fa918e9fcdc98c620b912a9cdf1cdb00feb8cbfb5,582d9e84d890ec5e84d3bbf5bc145844179d365652a33b5675eda1bd4b53c126,train
/content/section_01_workspace/data/raw/spamassassin/easy_ham/01291.dfc4b8ceb611c971fb6b821eecaa9cea,0,fbcf26030d35cace121f3333cb97c77f09800a5121d4c4ec2e37fed033c95444,c63837583cd8123aa93f83ce75a7c90a548be2e5407ba3a5b534775d4cf17934,7cdd6690ba85925720804058a233300b9d4d8c889f94340b4be86c0d3d73ef22,train
/content/section_01_workspace/data/raw/spamassassin/easy_ham/00387.1a5243d401fec09abe374e77ad201d79,0,444a6116295cfbac31ef6d416e8eeacd7712a8fa94c5e6b1ceaf06f1456a939a,b85a91c2ad7dff7a1786c249e73d6fe19650e7e6215b9c9b2fe4cf457ade903f,5c5e544572a40769887f49103123c77e82aab9734dbed95a7e6d6a9640e50702,train
/content/section_01_workspace/data/raw/spamassassin/easy_ham/02113.9c60c7a3fdfda46f4a2946ac84a2b368,0,bc955ff845158a0ea22ed8c436755a53be5b1ea71674d38a2496bcbb2245db90,a6aff747add1b6d7ba605181f66a97ae7e9a1dac0e2cbf87e7ffa36729a836ef,913ef181c97ab1cc11923832c76e90ec83c6d1186b04dba7fd1f46a746d5412e,train
/content/section_01_workspace/data/raw/spamassassin/easy_ham/02271.713bd681f26262b9af956f74fa3f5719,0,48a5f3c27e5f7dd12043999c48edf002315141bcdf5da78cf23dea8b629e6a99,0d95c7b57744e766185b1ce0f87c588c22961a3a4a8f07f98d6c1b8ccafd712b,b0ced082c05c3f39c4f370fc2a6c642fc34e4e4f5c7e4f254c6ebdb117866163,train
/content/section_01_workspace/data/raw/spamassassin/easy_ham/01230.8ff878325b7c108b20c4d9d609c511b6,0,2b5a9dd7cf838057fc29084ed2df04fc2430fa76066904c66e5026f8a7ff64ac,211accc437e55a77611908dec65daa89e8a2e6c94c63a93e4bd04f0e7d4271f7,f0c4919905660df52356e4a01b6a91e0c3d0f38de970fae02ec97d7f3b8b40ce,train
/content/section_01_workspace/data/raw/spamassassin/easy_ham/02223.ceda95b7f82b5015e11a6eedcb50378b,0,d0c20a467783799e0e8b3f46b4e0697eec327d7ace5a477140d903b7abd0fda3,50368c1623c3a8db1e79a54d2039fe42b9c5c2af1493f87642ed8be93c99f0c9,0ebc37c310c63d3cc00683f790def5370d4dc6ce3af46c873c909496a6dcc117,train
/content/section_01_workspace/data/raw/spamassassin/easy_ham/00097.e8e276c07ee885c4b8d904c1414412e5,0,2c36b85cff645d7482718bbd9d1d42aa37c92a47c717f55ebd4273c70438cd34,29c863dbfc1ebbdd8773b851f4f65e43e2ebf991648d7df3f4b25b57ec343ef4,2de88b024d88ff8ad178b0fc88ae2e475cf3e3db21d1a62b45ed647074584be5,train
/content/section_01_workspace/data/raw/spamassassin/easy_ham/00171.71f0cff94c1091432c43111941bd015c,0,bf56bc3bb5aed0ff4e568de99a5355e4422d4e52f2ece9681ce7bbd8e9ed4dca,9bd7ff3cb019d0dee00f17599970f7d7cbc1b9a81e23be019fd0badb41b2f00a,d93d27e54bb528afefb3b7dea8778f82a022341ee38a38b261cc9f695397b25b,train
/content/section_01_workspace/data/raw/spamassassin/easy_ham/00928.83cc6f8987cb3dd6090a8928f04bd608,0,5c6899f66601b3df0b67574342407ae02ebe046d9d12283cb250ad5f9468d3f3,c5e5c8769e714152fdf3992370fae87b8f7c92658c16a9f4e4fcf2ada8f0f767,9b8608ead8d1adfda85e07faa3213a05987234f722d7be5a42ad16ed1f24e88c,train
/content/section_01_workspace/data/raw/spamassassin/easy_ham/02204.ecd97a0ec1b96cb73d8a6765a6cd03cc,0,74dc90d643ad346d25d5684137171e65e42e351bf31463c0d096914bdaaed9f8,3c579101cd5521cde857f4626b83f23b2fd6e38c6d8c4d413a8c459afe6d1e60,4143a64b418440b50bfcdb953bea089969ce9f1ea92f73a0972e7b66fdbc5937,train
/content/section_01_workspace/data/raw/spamassassin/easy_ham/00335.a48aba9076c75a8eb74f74ae1f9be1e9,0,06320fa0f0ab732352ca93ea64d74609bca491479011e301e1931e49d9ff3304,4970cb570cacbefc84e15b31873abfa32c724c06efae15109d35e51809d27f03,447f77c2604bae362f9d9c3308baba926de3989fd273f373938498e216c7a0f2,train
/content/section_01_workspace/data/raw/spamassassin/easy_ham/01115.2ba9b3536c901006108da168f1ea2e7e,0,03b4cfa5b0dbbe32419fa380aea4c7cb773b697deb8f76153d071229e2718cc7,ff05364512c041693acdfb77a580eae4aa7e308b5dc0659db2229f17a03e4201,9661dbe692f545b78162041faf2981654eef946fcec26c3b27cf6c98945e34dd,train
/content/section_01_workspace/data/raw/spamassassin/easy_ham/00410.2bd60034fe4c3f781e44ddac87195fd3,0,d1f5a52ebda6254109d24f953c00834733087e188dcff2cc899a2cede2d559a6,03a10d5af1b964d85a48b4b3369fac8f1cc9a9bf8df297701628d1db8198af90,0e24dd75b642acaf22d680b9e54fdd1bb7d9f73bb8965380fe4cce2e5bdabf4e,train
/content/section_01_workspace/data/raw/spamassassin/easy_ham/02425.f6091f9f9b3594f56f1f9430b9d9e6c7,0,85d659b4162905c6f6af0a76260cb50da191965be6530217d6c2d749e9ae1e37,5109bd0e208cc5ac375349d3827abe1b52c7b3646a7c77be75389edd3d675cf1,e9a846c4c1101d2469a5b643525cb1b7eed651dd6059921f929db464f681c6f6,train
/content/section_01_workspace/data/raw/spamassassin/easy_ham/01768.d947c066118f7fe81e5d4b45fc572f94,0,a03b1b3fc71ede96835b5ccde72fa1cc9f5b883239b686c82170f7f02dccaf9d,6c8fb45c790c2238949d7c694e508811428743dcbd2bd555f748edf8f0e91a4f,aac4642a0378d0e633e472b0a3d3171a1cf23411c1c7caa0590923b76448090a,train
/content/section_01_workspace/data/raw/spamassassin/easy_ham/00564.e6fc359c277f507a2e01198b9c60ae61,0,d8f712b0c2c7fd56d8d5eb8dd69f6ee7e2ee646c2fb198195560dc9aa950cedf,5da7563170b1e963cf8d68a5f6d09ad056b33046b61df7adf13a03909759a056,16899406cc687b050a1536bdb51255242db2d05ce7ff737e200a0ab9f2299ba0,train
/content/section_01_workspace/data/raw/spamassassin/spam/00149.c07359393107925a86798dd72d6a56b3,1,7b6411b915b9bf4ffacd46ce1dd5b669d13cc1555138a15b4b2025057cdd144b,1e23bcbd39ae7038952cd155b99429c204a84e96b09cadce38216d6d4e66ff91,8b6171ad9ae653f58feba42e2f8080cec7e1c952f558c7af84ac9c064b85a247,train
/content/section_01_workspace/data/raw/spamassassin/easy_ham/02316.983d961f8f303f41897dd82ad4542f4b,0,3da51a7c6d29e5d44d48a6f4acb7d8d060695018ac78c6b6b27faa1bb4ecd68b,4b286849114ef7f978b33c78c133cb3981983305d69a52f8c147a1c5511c4f03,3c3a526b128828585be2d0d772d2c7650cf28c4bb598d66c99b6b689a9465672,train
/content/section_01_workspace/data/raw/spamassassin/easy_ham/00378.46432f84e1aab28c26cf1bc5aa2d36bc,0,5eb5874e47a5896fe7d17d6c96c88368b1868427e1d092a64f8702e65a78261f,a2079f7bacb3af60832e0f8f2738f5c79f8ff401622aba77411a358b8c316c95,83e30b00e77c4d505638918c8178ae7774b6c2d94c44d46cb1029e0b98c304f9,train
/content/section_01_workspace/data/raw/spamassassin/easy_ham/01630.2ce9002966c4aabfcd51c0ed8182b513,0,ba9803a121356fb31ec662fa3952f108b1f8bc164dd0ff15b701c2242c93a296,3cbef025ab12803da417a93fc77b8f2c644e2e36e95d762e7283ad46fe95d3df,4b976f3fc4706a0158c83d974ffd0d442884d82aba05b4ea47f1fa584e3d7048,train
/content/section_01_workspace/data/raw/spamassassin/easy_ham/01535.5820cd5a31671e561c20802d2e005914,0,cf4e0f377c84dbfd75ebdf5bbca57a3f540e9af9a3e915e71c2e73be2cbca873,42862e9bba46435621a24ea0ff0d58922ed3d30b1abf6a676bd44ed7fb5820f2,84b80b42c38b4bcc38cd859f0f5d815e4848d12f8a73fca6423c1eb8a49e626b,train
/content/section_01_workspace/data/raw/spamassassin/easy_ham/00986.93b7eb74f26330872be1d58ec9d2b64c,0,2554e6a1f317fa82541fb10d8870d156f304bdeea529a865dee38bbdced46bc2,7e67b17dba5b31a2880bd6172d6e15ca488bb037d15393f7f05c98ba1220cb3f,2293d943214b7e2d2645a19e5699cba8f03b36b0ad0c4eb13ed3133c6a088fad,train
/content/section_01_workspace/data/raw/spamassassin/spam/00040.949a3d300eadb91d8745f1c1dab51133,1,3cad3aee42df5b215e011f9fecd6793591f09a667daaf0dc1caf7646174be8f7,a51382d40409d24158a63cb757af0126e0598722d48bda6e3f5b38cc5fd871b7,f86d2f3de29016c1a0997ffef65fbfbe8c3eb8ea431491e07d9617b13c4580c6,train
/content/section_01_workspace/data/raw/spamassassin/easy_ham/00520.823579bff3285c4aefe85db5bff0d6c9,0,b4c26137dfe8eb6887298909c9b6ed82fb31b9bc799b1910c49a681c477c19e6,6e48b5c7725196527be4a232e0ee397a66067c01ce9e25f5b05e51d145ff4561,ab08d233f67f1257fa5303eab1134be45a5015867cd9cbc0c282bdee98a84c5d,train
/content/section_01_workspace/data/raw/spamassassin/spam/00024.6b5437b14d403176c3f046c871b5b52f,1,8530937a306f235e79aa81e490bf767ac87f2ffb456a6d97cf81073a29d6130a,b8b277fc2742cd90023de5d02e12a121351ca0943341bd55a61408677719b481,c4a236a2ace6249f61df552586f119d85c9cb336a1e65c078b30ef566f5c6d11,train
/content/section_01_workspace/data/raw/spamassassin/easy_ham/00854.357b5bdeea553ec020631b131b7e2278,0,8bb3820130973e4f6a79fd75f998b5af2d9745df73011ba73bf5ec16c2ff68de,7981db04694b4734c5b3d5318ff257485e5d4d027881b7255e08caf62b432ff1,b29e0d4139b58d048418847fab75342841bc8f586a648812505a66bd97fb114a,train
/content/section_01_workspace/data/raw/spamassassin/easy_ham/01014.4268008fc066b05b4a6de75c8221bdde,0,e6cfe6c11a5f9d94d3e99c9577f942f621baa8214e4a059028e0d13beb20b5cb,51bb2a107c241c80fc443baca92619cf2c088466e38d7b97067ebac9440eaa69,657c9a603c1a61968d3b3620e61c9627cc32709db08dca87faca94e7f2186367,train
/content/section_01_workspace/data/raw/spamassassin/easy_ham/01195.a22a2504bafda16790a70217d253e770,0,a9cfa24fcf850f86aefa604a6550e7783be868558768692048241d045841da40,ab435c7518f89f0b41989dc18f35789bf27c3d164370b3f7023f32e7e6a25007,679f4cce067d75707463dd427c121202c0a892292c8c172640a86c9d4bab5e6a,train
/content/section_01_workspace/data/raw/spamassassin/spam/00246.4dc5830a5a3e1fda805613b61822bac8,1,c7699e3af6ad2f2370d54b875bb7ba997cc16fc85ab56e3af96ce8a7faad1a7c,129f876d4cfc95f258574454dd3d4db6ff94743a5c3883527d4aff9cfd60b78f,680066faaf40aeebeab77436069433efe6422c311e62f9442833b9fb47c1dc2a,train
/content/section_01_workspace/data/raw/spamassassin/easy_ham/01676.b1039d148dbb347b468973dc6bfe0319,0,676a7ae5e319cc99074733d9e6c9c87efcc1eb607a4634eba14573fc5ddba715,53aaa94b6ad2e84dc006c55275e7c8775acdc96d8b2ef769aa29bf64537fa252,4eecd297f6a23199054a0c4879c35d00c6d7f65c9b87a44e8f17e784357fd139,train
/content/section_01_workspace/data/raw/spamassassin/easy_ham/01238.ccc75b68c2caed8cb251f188164ce8d8,0,50c994faeeed0f6f4039f1f59fe611855e40f8fe71786f8385ee3bb4fa878e12,8cd7b0653284a76cb2f9d4ba5928b5d4bc41b2833c8437a123eb0fa08171406f,dd815451c5847854d53ca87cb754df228aef0356c0717eda100c090f22f7e9dd,train
/content/section_01_workspace/data/raw/spamassassin/easy_ham/01802.ff9ee51b3e799284764549c0ac551301,0,58dc4c32489687f7ac6eb45633ed55deff88bb41f0d3b8ba08ccb124f277511b,493bc6294c61d3d06e17da0de1a9e43b97086b8a910a6dc9da0aba1da7ac6851,d8b15a8d185f0738e3b3d4e94077a02531e94517988c762f00b2486c6e4f1832,train
/content/section_01_workspace/data/raw/spamassassin/easy_ham/00945.e6eb589db145071f678c95f19b162b9b,0,b90ffc310e34dce880cd277df0cff72c4ffce2ebd8d92a8305784a1162b9e890,33fdabfa99f453c810f4b08cae6229ecdef8579fac885e55a836b18f9cd58607,30358af0933aebfb51cc18ff588e123a0e42c3a5abe51300f2767f913eae543c,train
/content/section_01_workspace/data/raw/spamassassin/easy_ham/02093.469eb0b68209dad7e394d169f24f52d5,0,5f54b5d87dd72bee218df8c59886e33f70ba0df08b89f9fac212c977ef1a0e80,6f7bfc6662ab426d2f10c5ad459f78894df089229b56de41fbd139c3cf3fc757,ab4654f967ac00bd81a525f02ba9c5f5655e31d44151a282f5f082aabe2e86f0,train
/content/section_01_workspace/data/raw/spamassassin/easy_ham/00558.95b8c2677759a2f569a5dc0bd70b8cc0,0,52559664ca779b7c96ddfbdb7d3725fcadfa6c5d4d9eace18c51b266b8418672,f2219e5f16be595a87450a65ee4addc14e469755726f169bbc70db570744b043,b141c5afba3bcb94614afc15e6a89684501b3eeaa9ea2e6d4804bf5d53f0c6e3,train
/content/section_01_workspace/data/raw/spamassassin/spam/00098.f1f1a3bd3ec32d8e967fba2a7a03e1e5,1,fe959102cf3e00165ff50cb0d4450b2e14f27b3161d436428e8285ca6f88fd39,a87cbaaf26d8e98abf567e1014036f1eb2960d001a61ffce8945ca250ceb2f64,2061fe57e27925da015e077f3be56569e68f5e3ce7d19b475e3494bc30eb3586,train
/content/section_01_workspace/data/raw/spamassassin/spam/00048.8a64080dbd9d868358a22b655fb1b1cd,1,41b25884de78552f1ade66ba81d71b84c4ebbcc6b949a7a7e1b9861dd75b1173,cfa7cbb194e635811a67e09f90c30323d8127215b2b9d017244d1acb588cffa0,ef105a4659c0ad63e9bf7e07c3451c059ad9e0b14ba8241d8c66259783de31be,train
/content/section_01_workspace/data/raw/spamassassin/easy_ham/02063.eb91377a959b437f6977f0db277f30e6,0,18707ee65dbdf4d052ab02e10d704be7c41cd8980f71ad9f06beb45c6e80c6ae,9e48766f98f086a0c3a532adae0c8be7fdb687177155c2f356e6de484ab3e823,2171841792e93b104cdb214ea748d33f00f86fbdc235a6e60f3843e69add2646,train
/content/section_01_workspace/data/raw/spamassassin/easy_ham/01538.5360a2f683734ab1db6aed00cb329fcb,0,05e3fbde27ab591911a46ef948cec2ddc43f4b7ac9695a036f4bcc49ee98f1c6,4b0dde16c390e3d85d23c39c5fa2823886cef6819dd9547a11509f1ab0ad20bf,687313190bb64dee8cf7454e38cc559f706d8ecf4b4a2b2b8f805dc652cc1f60,train
/content/section_01_workspace/data/raw/spamassassin/easy_ham/00093.ee758841ef674e30d7d36f22fffeaeb6,0,81fee329e39e89b5429fa6598e76a6ea2400913b1be585427c1fbcdd9e2281e9,cf1c7cbb32cd862f5e4edee7f229fc85216a86fe38445fb5f4773fbdf19f92c2,9cd997d15bd4c6070cecf0defc3f56fdc29c674a09bd434960cec09ae05c8527,train
/content/section_01_workspace/data/raw/spamassassin/easy_ham/02059.e7cb2f48474335029d7eb951c82722f4,0,23da8008159604e72fcafa0f79980721eecb42f67ddd7b0913787cc46fb8565e,741cc53ad5b6f33594b899702b9496dee997dd9993ac8b922e8437af2cf20f81,f9f0086965cff0ca2b7d6be49b23897e7ced081de213f7a09e17bce11e841d2f,train
/content/section_01_workspace/data/raw/spamassassin/easy_ham/01634.124f7f456644842860afd1522cd88b55,0,6e6819d2ea5c40352afaef9145bba02c81e28153584b305b2c9255736e1afb80,6f6259d756801236f264e0310b3ae20ff3e4e6cc92cb99b7c708e6efdd02691b,3c0a60a1107a5c92ac63c952129d6f96e11ea01b47d489c4f501e90a38f35176,train
/content/section_01_workspace/data/raw/spamassassin/spam/00305.f80c21904d6d4f6facd036450a588b0d,1,b24a071304b3adffa7097035460941db58d4128b1fab6dbfab92851afdcacb2d,f471b76c2b3e1e21c836f3b9020f886175ead64b654095fc5763c45e81031681,0784a9f0e105ddda7d332ec180ec0a27ea7b5b415f6d24666abfbccbfe962a93,train
/content/section_01_workspace/data/raw/spamassassin/easy_ham/02277.f693b982e015112a922d663557266509,0,cae6dca45f1eb0e562fe9449f7ba04fdc422b14359542247c092fe8c64649bca,b9e891c97030cef268df87a98da1290cc193070ac61fd9f267cdeae0bb551bab,92e03fed3534f662628797a7a8bda704afd9a2b55f0a43b95729364c17d420cf,train
/content/section_01_workspace/data/raw/spamassassin/easy_ham/02289.06bd7baa07bfb24600299b47b78abe33,0,3c1d942d2f33d55666d2b0a21ec98cb763bef9fe72c902e96f1d0b08bcb027d8,945f27e4d92de21c7b54b9da3e777bc470eba9dbb0c3e21e3d1d8d8e943a1c73,90fe35e3e358d705d68df0a9254812c5669cea0b339a4add60b88583aaf0133c,train
/content/section_01_workspace/data/raw/spamassassin/easy_ham/02075.5273c4e858a891ff02f032381abbab4b,0,298520f68a30997743fa476b03a9b1a7f806a1aaa0eba1f0081dc258a185a12e,8f45de47ce2a0dd64ac110223e80175503f2a57a90e90df8ed05952b9d94a485,2a40628ad1dc04ab62b0eb7321930dbe317ac1b9391297007393c66c497bbb21,train
/content/section_01_workspace/data/raw/spamassassin/easy_ham/01729.01f5d745e5bca5dcb35f0f863f4b0bdf,0,81a76738fd60d7e526d337a1be2498db3f6c687ce6c7cd3e7e40c830e303805a,96b47d1e07997461048e4531a985dd74c3bbf0d129c84b79d176ccc49a106fe5,99d82afba2cbb2bbf5aaab4f6f82a4543bada14c9ab4760fde244ae52a4d4ccb,train
/content/section_01_workspace/data/raw/spamassassin/easy_ham/00256.53663e6f042c696de327ed117c0990c4,0,df0186069b24bffd254181c3d72b0db7fea76959dd155519ddf7e8078dfa5414,07fd793d99af99e0f0661342e331b6a37f0a40701df980a9ae3606e9e8f659f0,5f0677407daf398d297f1f7878386e370e7f0f1d1d0e131b5cda8684c7d70273,train
/content/section_01_workspace/data/raw/spamassassin/easy_ham/00223.02084417d77ed822ef1ba7391a7ff417,0,2bf6a91be9d0f0bf5fafe5b13a3401e809d03fb8b1ef3c2eb54c739466f96816,32d72743d96e2592631c5f8caa8c42d9f34aef616662f2d45f35bda9865a6800,87282bcc6286083c7eeb77e48875efefb350cf8475cdcaf95c3045d9edbaad61,train
/content/section_01_workspace/data/raw/spamassassin/easy_ham/02242.069e8b99ee8a2d62ec97d0e9d389aa5f,0,da1c610cc4ff7c5d7d8d4b805e98026a15147413bccfdf5f5619d252331211ed,329bd1d44c1ebefd9d0eb3a3c1876a93be2239843298ac06de9953c56c90f5d7,7fa0705ea5947f263482cd08584dc1602bef9fc77b042bed01ccf3e4542b64d8,train
/content/section_01_workspace/data/raw/spamassassin/easy_ham/01079.da9e5ee6e70ae459ef6cc777d7b1621f,0,9b64b410dc4b2fb24725fceafa76ae02bd8de98d9e106df8a4039394cd65aa7d,21714f9260c543a45ba292535b9901432455c34309509a835a8cce0935fbd5d6,a43f250b49a56d8bf7a64896837b0bc3198e7e5f150f2f6f3879b0ffe355086f,train
/content/section_01_workspace/data/raw/spamassassin/easy_ham/01957.cb77a3e0c65f431a0b2060fecbc77e17,0,07e58f422c8dc94b5fc5e4d2b30409c58c51d4290b37a61074fce10dec768041,ae8c84a6c2a017444a324fb56f0fbf40b237c5d2d26bc1c106e93210bb0aeed2,156dfc450dfa00a25e72b9afdb23faea6a5aa0d7f37ca3ff5f0cd0ad9df4c421,train
/content/section_01_workspace/data/raw/spamassassin/easy_ham/01024.97d0b660e8cc7c56294ba3a801d46d28,0,3ffc99c5081efd6578ca34cf8c2505bda1dd43fdeca4d81dc94e78ec5ca063c2,3417e3857e860ac987d87df4f69ded07a5cbf4b19b16e8375aeaf986d6d20c58,57381ed2c765757cb292b2ad9cf511e67127b49adb7fe8f7c0a6f7b6b846af87,train
/content/section_01_workspace/data/raw/spamassassin/spam/00258.4af5bde7fabd4e797b85cf95bcbbb45a,1,c0cb7c9d44062cad758ad18ded29439c22fbb7ae5ce94c559db79b3d928c79dd,bee5bad67902432a18b0934cb57bc6f85caee5c3f031e3ac2b650f3114ba6d88,e25909be53c8fa665cbb976380e9c7080359128f2798456ff938259855ba9661,train
/content/section_01_workspace/data/raw/spamassassin/easy_ham/00064.cb4bd5482454f02b6c3d70343af090a8,0,1833b2204b4e27efebab7b14587ed09a3a2f05a870c2fe4137d160e72dbc5f7b,b7ece090c79167fe56ce37a7b8448106276208df13f78384a1c5c71d469c85ae,b43ca1a4d6afec23f35c42a3873ccf713d2708d175bc2ec9ecb8e737269a28a2,train
/content/section_01_workspace/data/raw/spamassassin/easy_ham/02062.c7e072e021caef4d69db2422f117acff,0,00ac4567c5d3d4d6ce69484886c908365b06799935f6575b1db5f45a574d70d4,03776262658e08410b1b63c0f13750945a1f86b2d8ab4d0411a1ceb7d5d5147f,58c333cbacfdd0ca440e3d1da69ef9301d5d282d6e89d3e6f382f516939fc8b8,train
/content/section_01_workspace/data/raw/spamassassin/easy_ham/00013.81c34741dbed59c6dde50777e27e7ea3,0,195c1658c1e12aeca000e5313e637d525bc3becd57f1e96d4f3a4375f109e1c8,fd99611b26b4bc99be29e74468cf88b65f3e0da975545c8a65e2646e6d7c6787,8cc050e4591af5f0e400e6c2d8759cdfe904bca1e294287a13c9d62f41f41584,train
/content/section_01_workspace/data/raw/spamassassin/easy_ham/01622.91f94fb37ab624a4b3f0b26fbc428c25,0,93c0c3efbbe205e482a5402951841d1a5ca630f4715d1250314f50e693542b7b,42c97bc782c7e5ebdf1ee32a3627f151ad292dd1a13119d23fbea3af59abe374,f9b709dbc8acaf834a8f2743ba4a65ad0cf6a9b7c524abf455deafe3d6b2f296,train
/content/section_01_workspace/data/raw/spamassassin/spam/00184.ead42d7ed872c504c79928a5f0a2b2eb,1,9df2c54672a20e3eee0c9d77c59bc50768bfe8b8064ecc4797baa1adf0e34535,7b2713e153143ea04c5fe8615be1634608474ec7ef76e53a516a58887ac4a58a,1d626243864b9f329cd7145de2524bad2252ae7ef5f52df58104c5eb1975c7c4,train
/content/section_01_workspace/data/raw/spamassassin/easy_ham/00953.39959392b9ccbbcbcacdb4211f2986f0,0,913c7e255d260390d8e089efec47a756f41e079e422d11bf1443740cccdf9841,8d40bb44fd46229fef7167fbb4db4ebbf231f80d9627349d3a2903872db622ce,eceb6761d695e152046c7e5b1f62d135c19bc92cb889fae838a456cf3d31f1f8,train
/content/section_01_workspace/data/raw/spamassassin/easy_ham/02296.09d0ea0aa1638ab3e2dbbe4aae06b21b,0,71e632ae38a3d2ab07aa8ab82a6293ed72236b63baaf4284e5ac46cecdc30ba0,103c2bbbd4d87929114295bed668fc05f40175266e1a3e97b41b2a70ad55c5bb,e60bbd245a98de5a7b9b77280266b7e72404279353cf026b9e50df93610797a0,train
/content/section_01_workspace/data/raw/spamassassin/easy_ham/00356.f414aefc1fc74d9cd77da0f07f64546c,0,cd83f3e96d1317900a95afb5a32840b8a8980aa2dfa96e047370bfa1c063934a,e702a646791e2ad7836ad4787f7d7bf8844b0dad25d07ccb07795906ae2c090a,b16048d31119a91113b56308c00a508852c7ba979526f486ff8df7f9ae1bb2e2,train
/content/section_01_workspace/data/raw/spamassassin/easy_ham/02487.c2e725d509201dc30debb7bd94d07f5e,0,ce309c66ea78378bc52c98a22f45992154673a38545ce369382de69248f90838,893d5ee36c50b81c2a023c6fd94517dab791562920313f095b1f0ff39ba6b3ee,7ec5a7a25058d73bd83cd8612628529d6a87bdfd699cf4e2fff6a0cb9c9354c6,train
/content/section_01_workspace/data/raw/spamassassin/easy_ham/01097.08d3f921b8b1e6627c89504ea1c14069,0,604ad45bd17321720514264c1158048d823725bf2ff83cf1e72ad5df09f47cb7,4642df856dca667f399104f484c428e6579d7e065a33ab2dac243ca1406faf3c,5bd3faad82f70b53d30132fc964eca6fec06ddd0afeb364461942731e33eccbe,train
/content/section_01_workspace/data/raw/spamassassin/easy_ham/00609.07f3cfa331e44f1fc138217fc9f9eb86,0,d3f1df3b5566e05d39c2031a3463f7507a4a6a82904e6baf38775a957a1f9ffe,cb7d3edbba4e597e789751a7a861e646b98dfa1892bf032d1df722b6e68444f0,a58b524fdf56cefdda856883fc8a7ef959ea3e9e56c7faf88c1a677e05f44db6,train
/content/section_01_workspace/data/raw/spamassassin/easy_ham/01324.277cb41dbcbdb083741a66b0c0900cf6,0,f6796a66ebb77c90a9894615b794a8eca216ca8f54970bc3f28c5778c63ab878,4be4a4df307aeade4860d482ad1c4c29f336e5a51e7cf0dcb7fd17c7fafe80cf,49b43fd5f486a3a35d03497861a3709740450276103809b8d94569b670656dd9,train
/content/section_01_workspace/data/raw/spamassassin/spam/00293.f4e9fd5549f9063ad5559c094edf08f2,1,9d5894be4e04177ac8ce86d30c0bc9da0edcb71a3382e7c5c9be0500d85a769b,4143879a243d2e95fc506c4ce2336750f3715478e8eb76fb270a3335bb75c35f,32c418ad508a1b258ee8a162562f5ca650c0d618026204a0f9b6f80a04d9f725,train
/content/section_01_workspace/data/raw/spamassassin/easy_ham/01562.c9d27ce4f88c44947e1480991162b11c,0,0aed6b974b17af5d1ac2cdd863cf039dc3b3fb99dc84cce2e4ae78cbac2a909e,a511bdf2a0efebb561c69d962c016d08cdda4a6da0831e1d88efa88aeba4c19e,68c53ed2e18c6928ecc26304cb0fd656ab7e477d938fef6c775dd49d9a02c87f,train
/content/section_01_workspace/data/raw/spamassassin/spam/00463.45bff4629688e8031231a8b64a4eef06,1,0626739f6288a2915a71c67b4bc1568b33ec24de6ed4d15a47af67f1ece918fb,6f6bcf58c45abd918e0a71eb0d8dd82de7a09efca459ab1da2edab8683e68689,31f40b2a7971cc90dd4fe122c749d201300f8fa2de0686c5da092a1a4a7333da,train
/content/section_01_workspace/data/raw/spamassassin/easy_ham/00247.e14fcbf137267399278507b469811f0a,0,11497c4bc3c145f46345204495995a40b7dec18750e5134e8fa8b447b976ba1c,294fa814f5eb2afd57c8db4317f42f93baf01fd733430dc3aee3d9d3308ab4d1,94c065f85ce77ee5af8bd5c98160746c3d5bea027a90d20b169ab3e5fed6f3cc,train
/content/section_01_workspace/data/raw/spamassassin/easy_ham/01416.dd0b9717ec7e25f4adb5a5aefa204ba1,0,cf84635608dcc4f30f74241a37d95ff47b58c95d390c8d2a9490945b4204f558,b6d7073db22a365ee359b06a1059bc47c0962c3425854f99feb518d76bd5015f,4444f5fed3a17d625493d98e2b7abbf3466133a3b492f3ba70c28629c1d67afa,train
/content/section_01_workspace/data/raw/spamassassin/easy_ham/00023.e0e815ea1d7fd40e7e70b4c0035bef0c,0,04cbb6a8757d3ee6ad9c8f12814c6d93d963d85b75811248d801934ee3fa5dc6,ef365c16c4f04f79f7b7752f043c69b8fc8f2b68c1c2ca7a413c628444b2ba57,2a1befc14e727bb8f7aa2f74545dc4c3f8cd9c7517d698902c2f0b72d80eae8a,train
/content/section_01_workspace/data/raw/spamassassin/spam/00100.81611d62ec1f172be947fda4af7caa2c,1,91b37038b2ed2b609119ced1c0125dc461d3e3e5817a5d77684f4929d3a4a690,a5461919c997a27d0178d320ac6e18273a3e9efdf668f90bd854ed1c01603aee,2d417faa1fadc7fbf3533878da12ff4cdd39ecf6be918e369662f836dc3e40ac,train
/content/section_01_workspace/data/raw/spamassassin/easy_ham/01421.e01ad8fa7bcb36e969c838578051d684,0,ac383140484fc1409820a3829279d1dddcab7a138a9945a6d147bbca8ee8af23,412bbd037375b0a6d87d4c144b87e7397fd1afe721e3accf5689cc2724b2eca3,c375605442a1bc7fc49a21b5de363a585640ec8a2f3ec90e27b2904b93d0b261,train
/content/section_01_workspace/data/raw/spamassassin/easy_ham/01161.25f5db0a9305744347c51f64ac62efaf,0,5828fb144cb9125bc668a0802bbbb5143ec900b054b84e95046a4566b443fa54,7fab264a5f6dd8063095370ee4e11eb88f361850de30dac97c2db1706e087081,bc3a15ecdcc1a819149e08a00d6fefd253d6c8dfa3f682c539d7efb5379cb64d,train
/content/section_01_workspace/data/raw/spamassassin/easy_ham/01861.b9f301b256385d122143d7de7ecc711e,0,1f083e742418e31de5c8a5df3005df76a83a563e2b2d64207b3c740f35779fcb,8a8d62e4434d248b975000ddd71dad13f46132451831a3e50fadeddec84ea609,2f64c6f23128058705ed2505d505f250dfd6d76a2ab93417b81f4435d27522cc,train
/content/section_01_workspace/data/raw/spamassassin/easy_ham/00389.8606961eaeef7b921ce1c53773248d69,0,0719bbadb0e9614645a0e053fa797a6cc534da3348d8c82fb82e81748bef2929,1ab9c53923bd2df8937455b35b853d88664bf4a7eaff992ffc6656e2e6d01762,960348345cd7f502983241d478b36f2311cea85bec54cd8969a3dd6333f9841d,train
/content/section_01_workspace/data/raw/spamassassin/easy_ham/01423.d12eaa7e292c15107171b0eb39ea40df,0,844c9340f0b0f362f1bf9099623472ce39bc133a2db905dc7b771effff576103,e44456f688329467166a7f3e6986ce9c1cc5242861c08cd92259df0e64071acc,3709e3b3aa378fd1281d907053e7cb004dbbc4cf42cd52f8fb8883f7a93c6972,train
/content/section_01_workspace/data/raw/spamassassin/easy_ham/01842.87765cd89a91416e1ac34a38628be46d,0,7476cbbfe9efdea9b712b27164402c3cf8cf08a197601efe183632163ddf0e4a,1d90da41d59f9d31a3561a9ed6f3e71f849f2c44fec08009145a243d5785021d,7af2f78c51ce5a7e64d948d34ba0bd5582e48473bfdbecdd5ef255cd4b24176e,train
/content/section_01_workspace/data/raw/spamassassin/easy_ham/02135.1164b8ba39eb3436bb354c2ff643c609,0,ccd17344ed7c047b783fa8ed0d969facad4b9cc138926c423e79887e076cadd1,01b3b1d94d236aef5c457725682200f754c4f911a50e6943ee7ecadb7ae5ec41,a9a9bfaf9789a487c2aebf786a4c7fc13d4d5996cea13a1492302749a6f9de51,train
/content/section_01_workspace/data/raw/spamassassin/spam/00251.6b4b7e79e1706156839a00817d774e37,1,39f17efda159e12e80bb4c699f10c1e6b9326faba4871b228a6e53466def0f76,2cb884a6295edd4f0da26797753ba4cfcaa3f1137564a1b9d55f6ba2e48d30b4,b28e6d653b0071cd4979e96f441e6ae9ac14d1c50f86e153dfebc033df4c4350,train
/content/section_01_workspace/data/raw/spamassassin/easy_ham/01557.25496d0c7fc8acbf284debadd4f1dc07,0,6bdf1453ce7a0b9e028480dcee7fca19e34566ba46dff7617c44d2c3ecee4a8b,5619cdcea5f4b08963dce74e0516d2c1bb24d250fd25ab15a9d811db87f24429,a9726715743b7aac144b2077f997e9c04cb1bafe9b1e098f17dc70e733780522,train
/content/section_01_workspace/data/raw/spamassassin/easy_ham/01560.62422bb7104da6017e5568907fd41fb7,0,10e86e3c816877202890c369c8bd239cff27766dcad11519b7180ccedf7e4568,60b41428617a92b7eb3cd1a0aebf7d63d415b2b66fcc72508a46f1231460965e,5f1036ef55a5f19701b4aab3fe0be89d4d6122204fff6e8f07fc3842aaf1986f,train
/content/section_01_workspace/data/raw/spamassassin/easy_ham/01035.1210cd8593aa0ed6eb21b86b9c97cc46,0,e0f7817d2254b7d19699c5ad4c62711279553d37b869c9143532acb5671f44c9,037e8e7f6fceea8fd9a3e8425195e13def5033489cc813e1f6b7d74ea73d4376,edb20ea7375e5dac4a2bfb4cf090437389b65cd194074d2e1fc94598e9f85a18,train
/content/section_01_workspace/data/raw/spamassassin/easy_ham/00508.80880b09c43a6a31fdf49578eb5692f1,0,378fde146e288443315285dedd3db5cfe0a13ba494e9e38244d4447636a23ba9,331b954a4c3bd5fc5f1209d2a122d0cac89484ce51e18a6567ddea4838249eff,2ccea38238fd8fef6c4816e353e02e97134ba4016352f0f18e4b91076c7b08b1,train
/content/section_01_workspace/data/raw/spamassassin/easy_ham/01616.f02bab7494befc6a9f31a8b12523beab,0,3be250a1abd8a6f769b7f8212f234bd50e32502d3ae0aa20836651e3b6443aaa,a6a8f9363e2b40775d5668238135967b19f247009553555d0f2ee3169e47f291,8c10331acd679ac6ec4184f69148eec0c00d3da7504b8aa3a10543e5c38e74fb,train
/content/section_01_workspace/data/raw/spamassassin/easy_ham/00989.59155225507b38fbee48407ebb6cc68d,0,91fa32c235258a948759e0521f585198ae81bd05260066c43a5dfe2ae8d7050c,122d358dafe7e637840d4daff7f5c3433138335d54d766446c06411e5247606a,026e1dc30c4a0984947862934e77c73f8daedf5c09a7e8d0951a6599755c3ccd,train
/content/section_01_workspace/data/raw/spamassassin/easy_ham/02344.9fc799c5b2dcdbc98f22ad3d6cb15c17,0,024e35a3ea7132ed92be434cda15d056b7716ecb7e389c1f753bfef6e2f776f6,2332744625edb8cb66e96038a1298c9f17838815ed7eb828073dd382c7d2b738,4a7038aa649d109f1ca407cb27ec1fdcc8323a9afa7571fa5858cab5fb19c980,train
/content/section_01_workspace/data/raw/spamassassin/spam/00035.7ce3307b56dd90453027a6630179282e,1,198d315edc16c359555ed4a31504bfdbdbc243d74e24b60fc8569e5ad35596cf,261086e6c3a0a8941cbe7e25533803f61d139aa4b64093f5f274f263e7715740,98ae2f1c2efe044987cc7685e55f8bda321620ceb7f5e39e2158669a2c6d9a16,train
/content/section_01_workspace/data/raw/spamassassin/easy_ham/01507.e06cf7fcfb3a512f43c827529c19a9e6,0,0fffc5c338b7ec98fef41a3a7f80845eade2b610d63f4b9d16fe8f67eb19f73e,e4dea4e86ca8dee31a69dcc916a1f8514218a10745ac10ec512b13eb9ef041a6,b8ac6c521b2ca3aab955b8a2a6d9d5c4dd0cb6f3b434832a48b4e9311ad7b3fa,train
/content/section_01_workspace/data/raw/spamassassin/easy_ham/02436.5821586f609075c777d251052f6534fe,0,b1508f470f386f5de4689f6acba490583932b29784c7797bd7a8e3b74d4bcb5b,3899c6c9b9138aebcba55af85187b8d60bd8d1fa2e514676c5b87f09293533eb,cc932b505af183d695103ed2848a214e60abda0b61934c0aee59ec14d6981fbe,train
/content/section_01_workspace/data/raw/spamassassin/easy_ham/00668.c788422df192a179d3a6ddbcb8b8b612,0,84190c74bbcf85d42ea9aff5175c1d4aacd657a068477d16e8ee14f3331d7e90,e166cfbeb691bfd119de97a0ef8c38c95af8c93044e1dc2cd6c92db1f06a9c8b,824bf610f3734ae7c9cab0c477463cf334f6a0bc964cbabd8fd2050253aed166,train
/content/section_01_workspace/data/raw/spamassassin/easy_ham/00958.82f86525742d7ae45f4e6a9df49fb674,0,2ce6e065baa357fa3add34ea9df1b436df1275244f0e541d83f566955a9b4994,f1137bb8cd534769b557992588d35065126f48e5bfc074553d0599c5409140df,67d39f9705ecc9eacdd72cec5491e129f0043c4c8567d8a16abfb9ac2aefe89e,train
/content/section_01_workspace/data/raw/spamassassin/easy_ham/00137.11311a8e5dbfe18503bf736b82b91fc7,0,ca1460eb6109fcc4341ab1177e7219db2bf044749d19d3c596027dbbbf577b22,e1e472d1fd9502da6f3f118f215f9fdbcc42f9db6c8806bab411ea5a9a5c0286,0e271a857b09229616f090b5087509b6cf065e0969d8b98999247829fedb6d21,train
/content/section_01_workspace/data/raw/spamassassin/spam/00097.013347cc91e7d0915074dccb0428883f,1,6aefbd0a04c679238bb2fe1726e22bc2f67bd7cd3a85112050293fe3e848a4e4,0cb7aee2a08bfbd7f2fbc565a2a68060aec2fe4804fc17ce103127470284390a,32d0c4cb5c03cd5ad3e33c6a0f002957fdb38c36a9f51432a10af77f00d3c52c,train
/content/section_01_workspace/data/raw/spamassassin/easy_ham/00957.7a0420bc5e7ed1ce8333c98dc766e702,0,5ec125d6e854da5caac78cad59a321448f50bd318b496b31862e69dfc83f0b4f,4816f3da3751b6512728fdb62b145c2f3abdac1e476e03e5697c35aaf3d5e9b3,6c7d7a7bdd84db592a7cbda06af32b223042e86c764619f55572ca7858fb7dd9,train
/content/section_01_workspace/data/raw/spamassassin/easy_ham/02249.69c4a67fc3122f5f47bb86de4d3c2872,0,aa7bba3e62fe5cdc69ad9fa8b38cd07ecb5df17aa75bea8bb9ef606eac4d98ae,e0310917d2a4121b188e3f7e1c2f37032b6eece8a51a6b38e2abed1a3b061082,0e87a2692f1d8ca6cfe757796944f72b3583a32d11ce0f9f50fda612ff6d14fc,train
/content/section_01_workspace/data/raw/spamassassin/easy_ham/00092.7ecc7d565565fbe466bfc8db6e456f9d,0,0c59b9e633466d4bbc42f1f76de8d86f527e30db4431f7cb7ccbcb57b551fe9a,64fb84177d125fea1784a6d7eb52c1be7b14ec2315474621a3f00ea8283460e5,88aa9649f609b04d3fd06721b074e030d619365c6d6356607b4b628eb3189c12,train
/content/section_01_workspace/data/raw/spamassassin/easy_ham/01528.09b67e7e14a95859ee6353702058323c,0,e6e9ddbddff8051afebb4dad2595def97da8893d460728485b457ef134d355bb,14959bfc412c99298b1250ec9e2be32c879f8dc3b3ac159dd143c15705c727a8,c50e70fca0ceadcd5296d16fcdfb1aa11fa38921d757a6f56fea0ded67410332,train
/content/section_01_workspace/data/raw/spamassassin/easy_ham/01122.69d3ebe6675d828f75af6ca1f905802c,0,ba237b74ca10856b926219cdc745a29c02522a333d9bc73e36f4ebe8a9444eac,e7b53fcf0cbaeb94ad87fde9d5dedd045b3d5e719cd9b0dadd0c8281d84735e5,fe720acc867ef292a0703edd22eb341ac877cf4a127ade7e670bcec3da3ad450,train
/content/section_01_workspace/data/raw/spamassassin/spam/00202.d5b52386f66bd36cd1508319c82cf671,1,4e020582fe8deb83bb35bc1ec0ad9a89d56edcd1274e191cddf0ee702e16f2fb,36d37eafee61212bacdaa3834b611f89b860b26a5ffcdc9c478e85a275137308,c8369579d1d61ee3e2102c8339bdf2b8d4ffe9604ef72d39e986691acf07a55a,train
/content/section_01_workspace/data/raw/spamassassin/easy_ham/00170.14c40e625814c14dfe2eb997157c6437,0,a9ea9f0040e67522b7d2dcb7114774b9cb3005dbc4b0c3479fc9f454bad25b73,2704b576df206e26bff9e4309d864b0823a5d1ab6821bb1b2b1c720ee07bc347,3b1d96d0282973a551daaeeeecf64d8db537d451df2993f2ac3d0173692c6f00,train
/content/section_01_workspace/data/raw/spamassassin/easy_ham/01931.95bc125f167b45a2fe51796fc69af04c,0,de7a07319d69932e06bdc3539a0bb85b347cf8cecc5fcbdd505132572e2c6232,d6f62dddd39354d828e76fc1d5f7d0363f921628a99081ff2b697b9de73ec937,b9c7f5d3f1edd6ac3915dfe4bcc21ff716c8722948fdc53a5cdb8c296c26c70e,train
/content/section_01_workspace/data/raw/spamassassin/easy_ham/01320.f1760dca874206f2189cd242da670499,0,12bc8c010ad4926d9988361999b4c50a846908a94a70e113735d13075d117842,83b3fc694f2216d6a4197ca6d8a295f79d9d85c09b5920ecf83060d0d17a93ad,09dad1df3a0753a8dd2201305061a48563a72d3f432ea2851d52d7768fd3090d,train
/content/section_01_workspace/data/raw/spamassassin/easy_ham/02290.63a40c780fe1f8e771f62473dc3dce0b,0,d7cbe4d6880c298f037599aaa070d4adc2df3215f13e29dbdb4b4814c0aeacb4,8897553bea8e1d933bcff7f10f4fe3a0629166ff3efd8319b4bd002d7bc26f0d,12600a4dc3473614b22501695532ace7ea1c146ef33623673d3e377b5a0c5bd4,train
/content/section_01_workspace/data/raw/spamassassin/easy_ham/02103.965d43603c70557c5b97202ad556ab1e,0,cdac818d2989911905e35b37bdf064b767a4896614709468f1e85337922c0d23,4d9dd70bc8b86c6acaacd6e74cb7243957cddd268b0d00f2fca12fc4c72d8726,8652ffb67f39185f1d122eeb3b14a98c61c3eba815b3bc9b0eb957c3a776f99c,train
/content/section_01_workspace/data/raw/spamassassin/easy_ham/00160.eb0db8e14a3308c08db1cc38c4c7d66a,0,3727146c7094baa9444d8589fd76679506ee0db471c196827bab4f1812587bc8,289d189bd5246c5226224e593578f1b9574fffd80ac5aaed7075c958693795c5,bef9eb208645e6d9beaa5d2e7b80fc4144b4d70f9f1279cd256a01cb7b7bedfb,train
/content/section_01_workspace/data/raw/spamassassin/spam/00182.1b9ba0f95506a6f2bf256f40fad0687d,1,f302d95ad898074409259884c249dafbd7d042dc54ead49410d4a776d76a04c5,532b6530b46fc093fecde42d59f31a0c24f142068f6daf92faa3e7483d16171d,fa76eb7c186348b80fa46efef8c1cdf7cc7700f0be6f3003bca41405da3c0dbe,train
/content/section_01_workspace/data/raw/spamassassin/easy_ham/00111.a478af0547f2fd548f7b412df2e71a92,0,0c3e8739bb39469c23929bd26cc16bb05b0a540e4e8eaf3dfe285882610e17ca,d5298722dcce359812c0c6e3f7ad5cd42b2587b59d2fcff773380b710904b6d5,cbd02994708f97466ad5f1d1f2f5b6d95229ad63912d70a51151b7fc41c80a2e,train
/content/section_01_workspace/data/raw/spamassassin/spam/00138.c15973a4d40bed4333079296be2522ca,1,2196c37edef37ff3fe5f77d0ccca077b0509751714637f38300fba1761c34c77,2f2bb5fa75ba23748b844a703bbc76f01858b5da29b2610955021b56e0bde494,dd452dda93813f29ba00ddd0fa6b604c70eb3f659c3dd737b681f43d7cf0abca,train
/content/section_01_workspace/data/raw/spamassassin/easy_ham/01650.f51bd31e8f0e63be278c22d7a4d2bf10,0,bb9c81a9ca822489ba013bc4e40dc27198966abee47834c823afaceb66e2808c,e1b0fbe64a790809ba9b005ae62025d528c2a5b54ebd5cb51d578eaeb1ade506,94ae6b11a95937bcec4ffbae661394eea3b322f553b8c4c1ef29721542de6f50,train
/content/section_01_workspace/data/raw/spamassassin/spam/00019.bbc97ad616ffd06e93ce0f821ca8c381,1,6db9f789892cdf1be9e3a93d97ef2a06a7f92445d87d885caee43ecb3bd544ff,b21dd9604fa04d3c72d43f139b3e2c00794a4833cfe4e8043cec1418d45d7615,4b6e1fb84eb3f3bed39819000c822e21c350957a000247c36ebab445d0817e68,train
/content/section_01_workspace/data/raw/spamassassin/easy_ham/00914.a24840d53c5f49a00e66fa4425e4626d,0,4e1136e8a7094c8276a2acf88287a10ebf58fa108e015e746adc1db0b0294433,59bce4eebe7233220dcf80706a8ee2cc17de2345294c613aa52f24e2c6dded3a,324ef515e13174bb7cd433d8fb03b64c00a546b9cbd59b341eb091afa2407acb,train
/content/section_01_workspace/data/raw/spamassassin/easy_ham/02032.c9f7d8c8ebdcf626a6bbf4e2ae23a827,0,f0606ee7dc530c04ef618fac8356faa5d286b6ea315cf830dfb4e47d8cb6ca64,5d3f1ebf74317d2eb38b82f280649f5e2e1bf51f64e82954c8adb3fd3ffb56a3,2002a55648df6218d1f5a2c8903439e453fa0ebb9d5243d3c87580fbd51fa03e,train
/content/section_01_workspace/data/raw/spamassassin/easy_ham/00982.4e1d46e8b99725e70515f1df7410aa44,0,95751972658848f0fe7774951c0109de2d063160b42e7a0ba7ea8b1ab7da2a47,059f564d700ea93639551273b4efb080a2d4fb00a07a5c0dd957978bbf565231,3dce0174269f8cce7f1cd80fd4b73addaa54e9b1e79f2d8d698083a1a5f7d737,train
/content/section_01_workspace/data/raw/spamassassin/easy_ham/00177.22e75f7ffcce4664a3266d90a4b4266b,0,cea159bb97e689397e6e38e9df6907042a068a76f930d147ec7d6a4fe3c4d51e,0a00efc671a20baa8df4ad48c0c5fddfe17b13b8a6c56e951ae7bf56f6309531,13411cbc708f84f94d4eb56a0d145fc08cddc4d9c8a152eb0ecf6866ec82db26,train
/content/section_01_workspace/data/raw/spamassassin/easy_ham/00653.5bf375439fd118575f08b85000c0d3c7,0,b0a59614c4f505d13c2082436032ba3031319f1bfb6fb8070378c459ea0a9863,eb042bbda3787de80547687a299d4ac438d9c8fa5e05586b1df5241b73ac3edd,ed330e7bfb31f8f23db2c9cb419e90d669ed83026ab60d8ccab564d4507ece4c,train
/content/section_01_workspace/data/raw/spamassassin/easy_ham/02286.a21741fc63dabc4454c8d5140d559b22,0,918dbc859cd326b7b45cb9fbb3521672ce09f0348e43488ec3faeb3ba36d7bfa,728dcacb7f0a1d243d074460dd36fd3b7fffb285c9b20e5089998df5cdb49c64,87b70eaca125dd48ca02276297d3ebeb5cbc1b529fb292ca8ec2cd2e7d11defd,train
/content/section_01_workspace/data/raw/spamassassin/spam/00162.6d0397cc491b214db1e84e19bb49177a,1,31b55d43188e537e31ff542660359cc2935f3dfdf98a6f38e65c693a9197abb3,33fc0bc64c6b63c02d3ef8f0742b2828985000b79561c569b3231c159e62ef1b,d882decda2a23c06692fe51efe1a33572218c14dddd904c8e68620752033d7f7,train
/content/section_01_workspace/data/raw/spamassassin/easy_ham/02006.e6e362eb554a8cebfec08a622aa57ade,0,60bb5bbbd05808c65d849967b3c2c6406c142c976a3f6a4a77c7b51759e64edc,6d3b2693f91085f6366ed648831e3efbe81c1b1b9bd38b3f8c67bb0985b1e456,f5cff858f67419b8f3b1eaedc523984b98b8610fcbbf8135f3374e0bb10bdb49,train
/content/section_01_workspace/data/raw/spamassassin/easy_ham/01128.48db2981ac933d672bcc5203a7063305,0,1dfcf85a53fcd077971e71b1adfacb10006beec5dc82ddec3410519c6d581285,79871f724ba8caf96b8d8c7cd8a34773acfb97c1cc6e2d6d7dfb79cd5470bd67,9394fdbbb2d4165f1d28e605a66e31af5e473f3857363e70765291b3d483feb3,train
/content/section_01_workspace/data/raw/spamassassin/easy_ham/00153.2ba33aef8f6b3010c92db7f992fbec43,0,bc5d8a7011a35c654054c496672f395b6aa60192119eed7da47ce2410c6a0c68,abad27a1c41b10b75a0dabf01fa25e8922c5d5c51fc2fb3aaf285c95762b29d2,3953dfe6ccce2b28e1e6c8437b8bfb0c95eda89a2ba3a62a32553e50e17f3daa,train
/content/section_01_workspace/data/raw/spamassassin/spam/00481.5c95b526e965fa325044123c4ce29c1f,1,bd1b538d73260b75cb6dda12faea078b668ba3666a666ae310cb3cc01aed8c0f,91c773f2e2f4eae71706fd1ed57692e1b373c131129ae52d20341ae5ad6e0e2b,6f005f40924c2a5a2d259efa9bdfde94de7845471a2610d2747d0c5834b4ed4a,train
/content/section_01_workspace/data/raw/spamassassin/spam/00295.b028688ce4ea3693f4ed591b8ca3f72e,1,8d53a139f08d7297737650c132653349adf8055a16efa54e9871267640d2c45a,e75f8a27f70a5434c10aab0e7a7ed60ab7a5dafad1dcba3c7c4b52da4efa3ce6,6f25e248574bd6b2c5dda2ab5fed2dbca1102de11e481ec3f7e49b4aa6ee0e5e,train
/content/section_01_workspace/data/raw/spamassassin/spam/00027.d1d0f97e096fe08fc80a4939355759e7,1,4b2309ed0a3ce5c88fdefc7bb425ab584939d03d047e1c7e852d903c7dd96cbb,3c108cf45ebca54a9ce54bf31adee5bde8a0b29d88af84c731b782312dc12cc2,e8428e1c8937db8120f34b6f1758b4581c072d98004ce58bbe50a784265af3d2,train
/content/section_01_workspace/data/raw/spamassassin/easy_ham/02137.eeb2c9168c0f339904baf7c8099bf9c2,0,ebad86b0f5a80c80b5b837546c6cd5c340abbb9cdd3c011409c46aebc4ec6518,4c9fa16ae7ae979ed457a05ef4b1b2a5870d68e2fa609b5831a3de5f4164c43f,8748605510f68694f969ae9348683d62b004b8be814e6371082b26c527e2628a,train
/content/section_01_workspace/data/raw/spamassassin/easy_ham/01005.5ad1b924b3315046822ae89493e5572f,0,f89ae9fb128b885579e813049879b414090c10ece545d97ad9bb49ac86fded91,d21f57c083375a3ca75f289d12086d23556cc09f8984b974408e9abf3c553c3c,e56c668aac3c57b4ff81b1ac2c19cfefcd8638b4b364e3f3268c9b78770f30f9,train
/content/section_01_workspace/data/raw/spamassassin/easy_ham/02429.d93428d69b44bb6ca23611fe03328455,0,126c3d69d7faae3b16c5a9a30258423923bb93d1c22b7fe8bc56de2113d69778,53d6fd1b9532adadf0062d8204289b446626aaca5165a98156be1d860967242f,7ca7d1725eb069c1fb413b50deb98892cf310884f77e084634cb0f4ae402fd9e,train
/content/section_01_workspace/data/raw/spamassassin/easy_ham/02022.5ecf975278edd8b82be5e9afaaf5f4ff,0,9f13ef8058dc30e2459d070905bc70b44391c7d54220ca741b98c5a63d0165b3,023fcab59bbb9055dcd136061e392f25f08d1fb2a19469ca83f87de40be8cdca,831ba3854f68ddced77a2dad59cb0cdaf9fb74d6c70d7dc69bd1bce2439032a0,train
/content/section_01_workspace/data/raw/spamassassin/easy_ham/01856.c021a63248e3e6a2e151b67689d75e13,0,6de23d0b4f4bbd38263ff9fc9bda4e7e4d6e90f7d5eedf55ae932a9aad7c5d77,6293445c9b4a5d44cbfe28cce6b15fd1f783b51f8c2f51e0339ea45a977b94b7,ca63d466f7338aeb7a44f432ebafa7fd4e5e20ea8e0046a16ae50419253c02ad,train
/content/section_01_workspace/data/raw/spamassassin/easy_ham/01156.64602d74854cb26859c88c6f560fca27,0,33c66a9d7982e1a389989f5badc72c37e40ff7064030bb72244a397ab2866e80,04a5870b30c516ca6b6d26d4e91b22f85bcb1b9e9001ab43a590ab2436619795,390ff91f3c309300f5cab6a4f962b2a2e4f9bda517d87245a98af41c74b3e0c7,train
/content/section_01_workspace/data/raw/spamassassin/easy_ham/00262.ce0f0852efe359866e64ad9a524e51d4,0,b27dcb36edc6b6e502e8e7d71fdf61c4e156f85b798eb22e53549f169cfa70c7,8c3923d36aa926b0da003e060798dcefa28ef108cb15c0c3aed03548023dc884,235892e69d4ca4481d3335208a7777e8cc1bbd344dc1437f375398098d5703a4,train
/content/section_01_workspace/data/raw/spamassassin/easy_ham/01741.2a15d667c53727befded94d9b526afff,0,06445ad36996bb6b64358dcd2dd8a0858da9dd3984a1b21741e4105efaa33a9b,6acf188afa63d6d392a6dea7f9cf010daea8da7b809e6a13846d29ecb34bb34a,df623eecceb3ead2c63dc29546a5261bc56a0124b31393b2941540bfd4199337,train
/content/section_01_workspace/data/raw/spamassassin/easy_ham/01611.f2803c52f689e2139f8ebb09ed5a8d91,0,53c24cb54aaca72a095efc4d030793934bc07e6816f924adb45d868554d121b7,3324689d8a0ac0b51b8725613c50b06b0220c797ae697abb7896cf9f73b6cfe4,0592af9203d08eb7aa6c6e132531f7e86f067d567458c125346e6255cdc07c79,train
/content/section_01_workspace/data/raw/spamassassin/easy_ham/01753.ae52e350b9847d6f5c6ca350c4f4eacb,0,ff499670812de553582faee799025b47c0b0e973cf08694796e8202a759e7b6c,01fd331c5ca950219692421c7344a3876b3e605994d044068d2247a646205a68,3a7c26d4803a3cd4c5f13e4e18f275191ca70c1c0f572e456ba1f26118dc5106,train
/content/section_01_workspace/data/raw/spamassassin/easy_ham/00941.6805692546cf6517f808151dcc9dd6f4,0,bbcd9e1dbf7f151d90fdde6a51f00f641d2512f4d45c3cd607d70ca64cda6478,2558b81f6d8d2f51f1df67521ad32fc9de7bb1f9873e9c54588bec6485d2f2f6,00f74c4bf20e924497467a03fd24389178580d05b10691ada21ad50ac30ce9a0,train
/content/section_01_workspace/data/raw/spamassassin/easy_ham/01879.5983208e53737f295fe86bafed730c6a,0,30c17949fd1bbdc4d3ac965b0bcc997925e864dcdee474b4edb56dfd98ee9cd1,67d5dda373f2ee2d1201b49f5079bec6914711b3bd0f5b1876d7d5c4a1d76196,2539e98d3efdf9a968d98e31e6d3f9b32f34184298137316722a7e3b855d4968,train
/content/section_01_workspace/data/raw/spamassassin/spam/00093.ca4edc32d2ff8e1dbb5f9c0b15ec435b,1,b937f40358552406a2f3d4041388e56c5ef0d55103b9b5d0c37016942b16310e,ff092a25671b8b9f6f49ed25208867809889f2ae7e2c174cc654a98abb245759,40a9008ba3eb1153a05f5af26fb1cd7ca378e85b535a796788814d6e96851b1b,train
/content/section_01_workspace/data/raw/spamassassin/easy_ham/00962.52e0a3b43febe264a7010803f7909f88,0,597647566db7ff4a8655bbd954eb0085a7e331b1b794229874b4f92b6eea3f91,8dde7ec4a8ca6e9f3dd053c5276c118b2e00b4a52ea0ba1a3d9d2fc974e3b768,9848731d95e20a03495dc5ee87d6a9f681436af0fcb86a86d43ad7ca992abfb9,train
/content/section_01_workspace/data/raw/spamassassin/spam/00073.8dcd40346d48c69a9e075e935395e96d,1,a91a908116d4a8245faebf5cd40ecd953c874ec97f85b4ee5d6a322e59bc2f90,b04532a74506582e44a3c288db279ae9b758fa1cb9e9b59e026d6413288db8cd,8218e7b032d263e034ceea77bd0433dd8dfa0b636f162bf5bfa7bfb41aec4f61,train
/content/section_01_workspace/data/raw/spamassassin/spam/00212.a9947ad74a529a35d11538e1df60cd73,1,3ac07218795fa0604511bfcdeadce99d691ab3bf3abf82d5650b490002f2842c,79f4962272ddc4a7f68cb8b7b4a82d5bf1513d4d2bbd65f9e9445880154f7436,9f3f9c6571249b0e9a25cd710dd6b209a1db86cf842d57efd4eb2638f1b4ec42,train
/content/section_01_workspace/data/raw/spamassassin/easy_ham/00049.838d44b342e0ab4743507510a8ca206f,0,d7dbc7b2b2608ecc74a29b40940c776bc47cd8061ab7e0dde29303eb07a7ce4a,8a0b389296a3814fb9efa1ba203e494cd0ed50f1bf442d174ccf93713e24cb53,48852e36fc80cd55c16cdcad05cf1599f33520999f06b3fb8b4ff07e8df1a06a,train
/content/section_01_workspace/data/raw/spamassassin/easy_ham/00100.f070e3aaa7f475f95589b1900ff58d26,0,a301ca32766bee3e976926e8834a57df17c0974089719d66d0dfb55bbd8d3cbd,0f4431bfa835543b91b787dacb65258875600db87bd129e58a64a1b831156f5c,b4e18103eefec9591b89df3bf37601b4cf8fe8bbb9c58b8ad21609a5e9658ebd,train
/content/section_01_workspace/data/raw/spamassassin/easy_ham/01831.3d5b1520c6a4ea6801db4e60f6d20374,0,94925bf2ae2e7e5a6effa9abe5b1f9237344d6d4000a68db34f0fd1fee8505be,c7ab310ac77729139d6b751284ee7c8f313338ace5a244a7d212c211c26f2de6,f3f19753e013489887ffcecedf5262f4dad8624324e3270857bb27dd4b4c9713,train
/content/section_01_workspace/data/raw/spamassassin/easy_ham/01581.83fd47e65808dbeddb6340cfcf40b44f,0,a2ddb3754341e0e16e8dd346da50ff11ad79a5a79d5f00c5f612222b5b9af345,4aee6cfb545aa719817439175c2df94619f9a29843b409cc28a2d5af914e6f37,48b22ab1cc364ec25d5e9fd128a17a8d46d0e4014ffd1d5c0ae2adbea0d1708c,train
/content/section_01_workspace/data/raw/spamassassin/easy_ham/02450.326fa2bec3901e1f7fe78693c0e76bce,0,a5da0564e6d80957a1868508de42e489f525f63790e1f29b94f158023629214c,99582139394b12a7c26e7cf694e35a481d35bf105799632a2d4d5a45f5f146d1,6abc7684f002c90cf512596fbc1cfafd8db7e14bf7c5ddf4966cf6f6484cf245,train
/content/section_01_workspace/data/raw/spamassassin/easy_ham/01058.89acc8a125f46d7fc204c132e3b37845,0,0554ce6acaed955cce191aa52902b81f4560e538e75963778c544a19722685a5,4101fe5c5e48c7b51c6807efecd6decb961e309bb1534d28b8ada927c063b9a7,2f07fefbef80292cd3202c2b869da38f584ce3067bdc0afcffef427e7a571451,train
/content/section_01_workspace/data/raw/spamassassin/easy_ham/00113.6b233fa48d08abf97ff91e4548fd381d,0,3cf79d27e80f638f7805397156ac6db95cd0b8761a02ae33cecf2066a35c545a,dc7a3a9e1ca6c8a92f4dcf649175b08cbeea67233b04a0c54f9ae70a2b84faf7,b2a6b16d40142f1efe6ce398a6ac0c9eacd328ce0b4f4f6f8c348026d69a394a,train
/content/section_01_workspace/data/raw/spamassassin/spam/00101.5a24bf3ba3962442179b1a0325a1d1cb,1,4d6412aea0dd528f948dceac416391acafa1635765ad6855cefef1a2c058cddf,66441a8d03eb52fd85dadf09badf3ab2b92828f3cba70ded70faf825e2b465fe,82f8d4125bea36a2e82a9f9099be8fa053c6a83dad4fb76703bb173e73969f6b,train
/content/section_01_workspace/data/raw/spamassassin/spam/00223.349b9b0748ee72bad60729ffaae2cc00,1,9463c9ab38f532ac3aafcb04469d9d5d601de5974a2223577049fb566090d616,23c313a8c8f81b24272e70945b192c3f85b541a9e27c974b002ccddfff6c4b43,6d03a4fe51974a659f49780f6d7099564db00866c3600e93013c1065b2997c37,train
/content/section_01_workspace/data/raw/spamassassin/easy_ham/01970.953f97d05583f057ab9a56bf1e8a9087,0,a6911db4778a988cf3101f1a8c2872de7a74fc3a7b6c2ab1ef67f8aa8be69fbc,d13f92541c23d10e9eb3368b2c51375140abef2999141be023efbc60b49e9dad,16caa40b723ce3f3ab212e78835759602252e0b7343b20993de26f1e6706a677,train
/content/section_01_workspace/data/raw/spamassassin/easy_ham/00168.a13640e4b9528891d2e6690008307683,0,b6e2d36b1bdbf869ccdfb8662cf9e79a09c2f5d57b00e2ead24d2a1a78bb646a,b94b25c6b7e3c9a35d4578c98b2d8ec238b804bbe7a340e5ec843bae891084e5,906235238bae4afd571150d873469b8df94ebb859247a0278f9aa1d1c6eeb71e,train
/content/section_01_workspace/data/raw/spamassassin/easy_ham/01626.daf72a49b735dc3319a809ec520f2283,0,e8971fa2ddfcf3621d5b81672b95d39c1bc7f50ad292a5b3332f64a347a3c95a,986ade6366fa01d45d90798262012b51f84fda69a03a857fb8f553b063f14b2a,53e57d97e7554d3cd96857800f32fe86c893f70b722c9effdf4a0eada1712244,train
/content/section_01_workspace/data/raw/spamassassin/easy_ham/00486.8294dd2af26dd3d759390f412bbec227,0,8fbc0a965010afef81b8e9a86b881ba18b48f9550bf66e45f838298748bd09c8,22ff6630930374a709e51d5100a2401670443f37fcf5ed4083adbb27b6ad9dae,6743bde92977851af0dfdd8cf6d9ffd873b1ec56e8f86879f6f245f57f52900c,train
/content/section_01_workspace/data/raw/spamassassin/easy_ham/00562.3f2a351171504facae22864c794c26b6,0,04df39ae2d577d4769c656c3158dba3b229736383ba4388679395415025755ba,d38859a527912307c5875392ef951796bb1eb6a5d2b40216025ad471e9e59d15,7025d357cb97beb22ae02b830bb10439c9fd858a6ae211408bff42e5f318d3fc,train
/content/section_01_workspace/data/raw/spamassassin/easy_ham/00011.fbcde1b4833bdbaaf0ced723edd6e355,0,638880a332f797e01a95b10b226197c78376b43644fa075093e120c80dc1cc9e,554a3f80412fa5e776e0e14e0cfccf4246c315956e62caa16a0e514c33801bfb,95e7452b0c47355cce94afe5b88d37ec6b4e670c4596339da8be9d29ca74b965,train
/content/section_01_workspace/data/raw/spamassassin/easy_ham/00815.141d4c82a4df4a06f0c0967a608109e6,0,b66c23abfb3836bd8578436461a825610994185cc405ace857715390bed55259,20e811fa1dca9fa3035734f65940254be68fe76625e072924f123ff6fbee5220,3aefa81c7cead667ba1fbd99e6a29d8c6a3d9012708ca986d1db37b7e21b3e00,train
/content/section_01_workspace/data/raw/spamassassin/spam/00388.53eae0055e66fcb7194f9cca080fdefe,1,ae008a21c3871e9bd6fc9a703009a29f6a88dab5fa8c59ba8479dc62ffa2d58a,a2575d9cfc22ab1dadd6a7ce9952fe5fbe80ce0d133dec462b751f5b7890920c,8d26ee074df288c99bb0f878415aa825366f9e247ac91bf98d44b3d28f48984d,train
/content/section_01_workspace/data/raw/spamassassin/easy_ham/01365.6c57c95938ec12a82d900ad529ad95fd,0,538c50d3e89eaf31c9f2dc8a7a82a4a8fd8620eb828af06a6be0204da6503692,4bcc4cbde79919d1d3a24a9e08f74d5257fea91215c0d37b84be428748d5ed39,06bf5200482e9c15a0524ef89145d6f6ae3bd508044637a35203e027b4b95829,train
/content/section_01_workspace/data/raw/spamassassin/spam/00004.eac8de8d759b7e74154f142194282724,1,5772655fb6526b061e3ac6cee55a71babf4d9314303ca1b4bc5e539bbc6053d5,9b66a8bd73b1c8e7d0b63a35167c9dd68e93fbf6f70c7fc1fd316997a27b7720,58372f6b0e8d9d75d543beea1f6aed161b627a770c55815c5fbdd943ac810417,train
/content/section_01_workspace/data/raw/spamassassin/easy_ham/00501.d49136e1973b2bb467093cc28419b214,0,bed04bd4aa7c6b3bd4d3389ee5017e3d8e24193f7e644589e468fecb7051231d,64d46d8afd3a01d476e3d6641576f0af17788042b607f3346d2996bed8472b3f,57490854a0ff79d9e08841ae219be3d35f9a3e2a0094f34b33edbad2c446e920,train
/content/section_01_workspace/data/raw/spamassassin/easy_ham/00102.b18fa07ca9504cfc39be46ba8376ee7d,0,e1260fd6db1f8ca807649b66e0c928ff60af5efee982de4e9694871d71720dd6,14ef3f01a3cfbe0b70283583eaaa63f436c2cc39a40f93e0e9999cbcc85746c7,10305e119d041144fc9872f9b6a454318e0d023a7eb559b9005ef8918aac982e,train
/content/section_01_workspace/data/raw/spamassassin/easy_ham/01895.45d546ac150b5bdfc6eee0e122aabbcb,0,d0425d9ccf70e3dfbedd10f8ff4016551f88ac6cf418c968f18c4847c0c9b168,4506e6d97c2dc003da074268d919a7c23480200c32e684bc40dbf95eef1b7503,d9c1d405514e6aee566739f68834ec44d2603bebd9ce42e2eecefe850f96a4b7,train
/content/section_01_workspace/data/raw/spamassassin/easy_ham/00715.ca0843463580080429cb2d0192b9ce0a,0,59c1f5f79b07e6e5fa57e9811eba487dc2da217c47207540149d999f5b96c17e,d1ad0816660800aeb9826399787d9af58928ed5abc8cbe12a58ef7a93ca52c85,7a83046c8ca810430db4d73cf5e428249599c15213bd0cf6c6b942ad23c166c2,train
/content/section_01_workspace/data/raw/spamassassin/easy_ham/00975.23aa3095e145bf342502ee60bc602c28,0,8e37d6f4a0ec84bf15581e4f8b071ddaaa55a9498667dbbdfc2c2260c5286482,1022eb9c31c2224fea8cf5107907e74dee437dda6e87548780c9da1b09c4d892,3d2b49cc5b46ad1b094fb84d345fc9f67bd66a3e8f0465e5dbf2d9baf5755446,train
/content/section_01_workspace/data/raw/spamassassin/easy_ham/01934.c78fac21c6a9fdd42667a2e35f8a4692,0,4f63095ee7769b397c12c2a242298bb383326c2c98cae185fcc816b63ae37328,94c828fd266c4e473d6cb9da3dadcae76419e199ba811882f969a09c7b95ca47,a3e3fcc9cbe7942065929d82af2156bddc860a4fce2af9c460731fe40f2a09bc,train
/content/section_01_workspace/data/raw/spamassassin/easy_ham/00812.5c9165b987d6010d672516ea28ffe213,0,bbf11b293a5251bb128274d7d645e5c333958db17f1a79e0429eab10168c33a5,8855b32d9847b2d854b181ba63415426e4614894e32bea9aa62aedb20d4d3a20,980b54fb0ea890a91780178ea46ba9a5390ca29f4e07f5952fb9ce5639b84e7d,train
/content/section_01_workspace/data/raw/spamassassin/easy_ham/02000.b361c999f4744dbbdcc4b63f9136c0ec,0,26c7c19546dfd5b87659b0b153dc6405bf28c46abc33bc699cf9d33a818daf8e,f5b64e00efe5f903e9cc2685dcc8e3ac6b8b4e043df89a7c408fc41f664a9346,025594b66ca60f4fb9aa7ceceb130e175e21fc6601e5acbf25bbaa29f53f4d62,train
/content/section_01_workspace/data/raw/spamassassin/easy_ham/01436.dc449ba377210e77d84647619e49c872,0,9094934ffe24022b1d6376b78827ecd154e50e9d7043c142431198979ad615e9,bc623d73f8c48d6d73a38b53c9bb9645533f155d727308383dcf3a98bb713cbf,bdde51ffa9d563ba0137a7e0d9c515ba7615c5e68c6150ddd147d64e79019fbd,train
/content/section_01_workspace/data/raw/spamassassin/easy_ham/01032.45c15f19b17814767f5e4e50e722e79d,0,d79bf8c1245dc84ac3ffca37a3c63a95dc527304e4ea647861dfe6aefe20a587,ec0d74e259bbaf67d4f5fb7fed1f18e872f1d8e12f8f9baf8054f0b992730024,4c904eb2420458710d9af59fabc324a3d4bf8e450444cf4a949b7d6769fd9ecd,train
/content/section_01_workspace/data/raw/spamassassin/easy_ham/00407.11425a14d7fd9c3e1806fd7dc648001a,0,0304b5ac631d463333abd28c8be7b631c90e6883410f87531fb3b5713b41112f,75cc4d9b786145cb74884bb04ec158e9eddbc448b08aa7273db964c831b92261,84e80c3dcd1ec6e3a00e495c5b4531b7e991141df90f2eb80ef2a51d93a1fa7f,train
/content/section_01_workspace/data/raw/spamassassin/easy_ham/01898.063ef9dcd226ad1fd43c94e2d9de4e49,0,6d03ca6a15f8dd0f994df56fa757aa1e5a91b79848acf284ae50bd78e6e94380,e0b19547c19b9698cde83ac0b9f1acff27bac530139a7ff8150c1b1f8579e643,61ff29ee39f06c1ebe5347dfe8c82b5031146b88fcdc0e26f7e0d82811fef3c4,train
/content/section_01_workspace/data/raw/spamassassin/easy_ham/00500.eb1460f32ec4693ed36e356f0401c8e1,0,af336b7d63b0d313365dd4aad4dbe6fce689648f918ca1981cd5af267237dbb9,947804be5c8c693cc40a924b90a087aa14217eb01762149fa1195d3c59d4e113,c405f1b87f5bbca4b136648ac3adb32e528b42bc82899217496c433996bb6ba3,train
/content/section_01_workspace/data/raw/spamassassin/easy_ham/00315.57e3c784e646e449c12675f2981a956f,0,3aff9777713ba503237b4aba9c0672f33a5aa310cd995390f550cefb350a4c25,638a99078ae94ffca07656cd0d537c85ababf45afa3c18450d38997d88e1d0fa,952c16aa684631064913d150e27ed255b495fda3b4e3e05a5df3b0a77400a2c0,train
/content/section_01_workspace/data/raw/spamassassin/easy_ham/01818.25094be6fb43cd96116debebf792807f,0,380b86a33ae8a514f80370004047e63c1fb6a29f48dbe67bdd62ed7ade9ff216,6a5df337b2c96d511ceb718b748faa4dd2022c095629f5328ebde1e8ebffb75c,5886925f76c77b3f3ac9938930515a704a6520f9a149572380067f2a92f5d9d9,train
/content/section_01_workspace/data/raw/spamassassin/easy_ham/00261.9e12183461e1f5e5061eb9f8d39d9822,0,2f54f3e560b0205df88b1ff8b67ea79d835474bbdc0f13050b56554abaf2887c,7d9f5f824f9ab63116d8fa90945f13d5384d3a7c63f2f35499b1380083273f76,dbbd73449ed2c6fe3654a351db14233721dccddd5f955b9c434e6b7a06ffcf37,train
/content/section_01_workspace/data/raw/spamassassin/easy_ham/00268.ed64201ab977eaad5fd6ad999c2f8255,0,5cfb833ec0a53a7cd6cfce7eaf2283872e7f5a73a11b2227b96b1959046cac2d,98d7f81a0e38b966764bd641f129c9241abe7dc36cad92704df6f7ea9e7fc37f,3b55f3dcc20bef740bbd5617bfb62af85599e736ba0fbc906dabb7d2b944d25f,train
/content/section_01_workspace/data/raw/spamassassin/easy_ham/01198.7d3088654bb7b2cb0796da65b8c71247,0,c30259571a8c6ae9820ba7c8d02582859f8350bcde85e9324fc40f1ae7dea891,e805df99fe0a545603ec65fdd688aeba5dbf91a7cc58e1aede88d15f13006ac1,e586e08681868bb3c8470b7a32dff2b30aada61e0da95b2a3e0d87e2599b4945,train
/content/section_01_workspace/data/raw/spamassassin/easy_ham/01806.cc26d0fd2e1f4320462e811aad1e9a5f,0,2921b65ed9c637150f8fd88d6a2e9064dedebf6b858194c4b476d86301a7069d,3f4f6585c8c4cdbc4682bead97403e0b695765758c082736d5882c165a7fac76,31775a2c95104a4ca60bf365f81037ccb76ffda69b811ebadb597b3f3922b83c,train
/content/section_01_workspace/data/raw/spamassassin/easy_ham/00257.3e5b4e24045e108fedeff7d6ff8eecc5,0,27c0a642f36e3d83dac0506cd0beb5469143f28280f3bac92bd51478e26109e9,861f92b1cae145660006209f52b6ad0073f8c406e766ee251e31609b0dcd50eb,82c1b067781e77a26a249627bbaa7d151e274b8139a392cfaf49160508a50dec,train
/content/section_01_workspace/data/raw/spamassassin/easy_ham/01719.a401ddc61fc3d89fbaee70ea107a9956,0,ca863c3f98d974488a71f1ec1cabc26191cfcdb69ca5d05561d4870b823350fd,0d890fa1ce3554ab54cfe800ccdc07fd9fe17457d203be2b78ff7e23522a9b6a,0775a5a8607813f4e4198366242c411a8a559a37c3a86b41d2a0fe948c64524a,train
/content/section_01_workspace/data/raw/spamassassin/easy_ham/00304.d02fe9b0a4d9111f79643c1e0793d846,0,613d0626b6d95b78d81b57dfce3dff446d9e5d6ce2dbaeeb35eaeb5612c37ae7,8576da18345d53d71c60c11933279c01742bfd25dcda895c55ddc79249eae5cf,ef7f9f2e96dcf855149291215bd49bb6c3d14532fa81782a5ab7e03513fd6adb,train
/content/section_01_workspace/data/raw/spamassassin/easy_ham/01755.51e8b76626231abf27c682904ee4b4c1,0,64354440892e20b390f279e459eaa3abd69e29f78d537b1562f159477297ef82,401de92e835250ad6f4a7ee72a3ff81cb203c4a8e4c98f2182a9976ea1d325ab,63f98c4fb5299818d9bf72e60445f7133d19b33344663a41c7adeee97373dd12,train
/content/section_01_workspace/data/raw/spamassassin/easy_ham/00781.f2f409be2c85d1303022b58db1551d85,0,659b77dead4582100dc03c11856194547a75f1702a95561cefabc5b51fd7f3c1,464452a763a521e3eae01c8ab4cdf75f84959e44ea616e4719d056849427f88c,dea4fe083094b8af8343e6640f52df7b4fcd58a6c6d1d96f4096d0651b44ec5b,train
/content/section_01_workspace/data/raw/spamassassin/easy_ham/01863.bd70d6cfad21b043c84dab8e1e86e2be,0,21349c82873da704a1ec419858e62842fd759eae93f811ba46ab57dd08f69a5d,8190c1e0d627602ea45c26c03bfefa3a734a7e8a2a08f947577e4153789ba3f0,9ce0ec3ef338f96bc4f7e39360239c3a5d1eb83964f8c4ea5ce1da2df8fee920,train
/content/section_01_workspace/data/raw/spamassassin/easy_ham/00874.d9f0374ce55cb5e03ca46a5459894e34,0,3c60ab1a05751dcd5b083601d9658e18b281fc5259e8c029728f92e454b5b77a,32391f1102cdf861dfa6db8f704b374de53eaadacfef98bfa06764c3e0a3273e,cb776a05e2cdfe9944bc711ef361420df1d374f6701019c2b90f24e1591f4605,train
/content/section_01_workspace/data/raw/spamassassin/easy_ham/01107.18f0cd87bd40e5c64270187a75d668e8,0,e92d37f1fdb004e371dde23f2e00773597232e0f85f23a29553d1d5e8aae31c6,09cd7e0a00f40ffca6f7db2764cdf86295e7da5c4706fdcaff7a1cc41838bb77,7c6dfceb9ab5c66bee8496f392055329cc9d48fbe5a925d9f44e54494d04a334,train
/content/section_01_workspace/data/raw/spamassassin/easy_ham/00785.95b5f5d3a4210fd76015c4659c5b3ca0,0,f10b207041913def20779a1ea4e31ac9e82793e4a2832f6518c6a260d4b8c0cc,6acff949ef221986f5e315d50a5db7d572271743fa8642bec651ff27416841c1,e1e4096f909ec0f125dda7881a29c9861fc228b309c96fbd78b5afe692e05dfa,train
/content/section_01_workspace/data/raw/spamassassin/spam/00340.520783fd73bb73df88d6effd04e1f55d,1,02fdfcfdb680b595b5050a886018ad32f9b6c1defd759b6b3c31f7b90c35e89b,2bc86eb4e173b0cf289c82ff10ebffca0e92572d4f7501991c11ab9126ac6fa4,7ab6fc6cb460b280d6fbb0a66b815c6b3cea3380f9d936592ce27442ac6393dd,train
/content/section_01_workspace/data/raw/spamassassin/easy_ham/00265.d0ebd6ba8f3e2b8d71e9cdaa2ec6fd91,0,dc250286ec32249fe73baea0586e423064bb9c95e42fd02ccfef0f64a66441c1,b4a61c63dedd10402da1aae3877a7c876e903b5bf9e605af6c64cc7154f4b877,5dc020c15c4d51880dba4dc8e06fb17aa6c956f423ec497f4ae4878847303e12,train
/content/section_01_workspace/data/raw/spamassassin/easy_ham/01410.ea9902d4f7947bd3105d23f2b9874690,0,6ba862cf44153a75db4d73af22ddd38d4be68718cb635af309252d470d225492,352b167777e2f977832b28a1bc855a53bd4a02436ea2f183113f5d71918114c7,068e50e99b2dd1cb3e4a65b5ea2163a6c23602b0213f905ba275bd1043b3c42b,train
/content/section_01_workspace/data/raw/spamassassin/spam/00038.8d93819b95ff90bf2e2b141c2909bfc9,1,2746c5c37251d446a78a357a09487b55e0b955b27a1ae9ce3da6bf014b63ed53,10c4f7919ba5bd584bae0617770fada9f5ce12b0d69aaeeb854df024fab30f9b,c6c98f97fa7247116af272f75c11a7c1356922791509e5919813f3480b247732,train
/content/section_01_workspace/data/raw/spamassassin/spam/00076.066bf704d9c4a3cf45da5ac7a6b684f8,1,f8dcb2a85959caf003bfdc2bc9c6960ae913b9e26f01883c6114f51603589606,ca592cdd49f86fceaf29d40f3754f19db159a12b4740915e63a8de69ba8acba1,0ffb3dd3d0f6f71d4f752a2b9ce7b246810de78f0e414cb4669fc264081cd07e,train
/content/section_01_workspace/data/raw/spamassassin/easy_ham/01959.95ec2c4a427341dc7907c29de27eeb02,0,b488508d2ac04fe492403ead3e6063f8b2b694184a0eb5fe76b91264298aa661,d4f6470e4e1f954cca1699434fe85aed00d717c50b4fd9f07e95242090373187,cab233755c16f0005ecc76e61593611d4174752b4e1c345a2c0c43f93c36e6ba,train
/content/section_01_workspace/data/raw/spamassassin/easy_ham/01759.9f36557559ed64908479a42411c17b4b,0,359f19dc146ae2cb6e814c75e8de4d8f287104d7eebe6c47f2233fa52650bc95,d1406d8401db1bb76188e26ca49e4c8819a0489f6a6380b8da5658a25b210378,0e55526ff4866693dd2dcad8fa85229ae3968f518dac6270ce86bc5b7d84cb2e,train
/content/section_01_workspace/data/raw/spamassassin/easy_ham/01022.c0028d36bedd0f6be69cf55265ebce3f,0,ef82fbc45fb4cf80716129e48173888e4a36fdb7afb97219ceaca4abbe16e6ed,50fa17757a603ebb5b5f77791462933e4159231a1ea7359b9a8652ded04322c8,1aceaa3706f792e6e3344497857b34195c9787ab8fb27830f04312619d70c44c,train
/content/section_01_workspace/data/raw/spamassassin/easy_ham/02176.13aebc7d3e5c0db9f362f97ddcfb8bf5,0,e878bed90f636ffcb8a5ef2381b2011458b75066c4ef50e8d5b5977d4e065b77,c35ffa93da7045c9d751f5f8a3e58cc045cc5332d3a839c845611fa0e59c1152,fbfe7d0af2963f705a3732e538a6e636a17815bec482069714abf5e5904c88ae,train
/content/section_01_workspace/data/raw/spamassassin/easy_ham/00956.f566e64727b8f438aa73ee8d26e8f31d,0,4a1deea5df2d6498557382381b6ad4bed17227c1a4a3a6ee388d9be8a2932355,7d79627fd65008ab9594ff93afe8d2b55d5274566778773f78d6d2176d60680e,aa1e774a71eae97b2191a117e571f9298986a3040fb3b5a7b37f2492f975a712,train
/content/section_01_workspace/data/raw/spamassassin/easy_ham/00172.de357389925b5094f2e7ff3d1c20deb9,0,9a34a124f20430de2ee896e1b8f982d14f62629d819a9f1304fcb69c37afec65,d49126e1f2b1bd4b49fd7d4347b82a51478b289f4f83e1402c1f837c2ed55bcf,a9d223fd568f034b4fdd838579d564b4abd6a992dc41bac95af21f23116b5516,train
/content/section_01_workspace/data/raw/spamassassin/easy_ham/00661.e779083f6d4522af5231edf0b9371a1d,0,ae49529c8a4514d40eb30a9c1eab595f3328aa5a0715c28e52753d19b3ac7e34,7935d6effcbd0de778735da0b9a47f90d2e84e9c6f455bb097268ad1b42e148c,a68ecb115b523778164a0cfacd9c005da6b8e3af39603150d4bb69a61717725b,train
/content/section_01_workspace/data/raw/spamassassin/easy_ham/00210.a85c0673394ffce41e84cbd558ade870,0,5a005148d22c9b5a45ea296b644b1d5519c07e2172fbba0a9d4a37b0acc2d69e,3b10e540c5baf83c3ab1c00bf6d8e791869357419f8188676f0036a5b23bdee9,880d9278d3185ccf860ae37794f62384da84e657b6fc3e9e3a12203a7d51aba1,train
/content/section_01_workspace/data/raw/spamassassin/easy_ham/01746.06fb7b96d18dae121abb94e8a7624f4b,0,33496e620b3628ce34021ecc1905b078c5eaff3ddbb9a20fc3e5f7167bc6f383,d641dd8c5eb7aa717fb2a67950a2e8cd9e12c9027945e5e1dc6df5936d872734,b4bb7b965996b2886cddb1ec373b642756cbcb3867a332332f48e8911e2c8e08,train
/content/section_01_workspace/data/raw/spamassassin/easy_ham/00877.fb94c382f9f10548db78b9d0339621e7,0,4aee400f0bf808676505948a91891ea7125f63b30f73110ef456d3f2603f80cb,575ee4ea725c21a2f81ba850d70cb7a3c059d780b384145d4db7617435219658,4e711f531c98b226c8b9f390c0e12a23f6f9ef90eb88203b4d74834af969e071,train
/content/section_01_workspace/data/raw/spamassassin/easy_ham/01814.147154187b3dcab4d2065a1cd9beac95,0,8ed8733aaebce8d1cc9bb772e5bef05fa8073b35ccd6b0603df6bb89959a5de2,81be6d1f6ac41d585074a66963072decf41e99c6ebc9fb0a33ed3240aad9a31c,e8df23bbe25902dfe0e88dc091b7cc65c55858de867c7906992f59602dc2c43a,train
/content/section_01_workspace/data/raw/spamassassin/spam/00367.9688cdee9dfe720c297672c8f60d998f,1,6b980d386e912320f554e330469fa72a4e850a4072883f403a689eb8410baab3,21dc130cf2ae4fbcee6a1811d6ed4037586d5618719e6b73b8821dbe57a76c4e,2e78a1bb910bc84b5c068424108b4507fc7be030e91a867fb41126bd46fcdcc8,train
/content/section_01_workspace/data/raw/spamassassin/easy_ham/00776.20cdc88a69e453f1ef0dd3b5f55cc717,0,d26506fea97c936fe09ca6910257e26648ffa4e177c50b22cf7bb081aa03b3a7,af2d2b4909ba6c76ee8040a73a8de78e1507ad17dbe41723a46ad8e29470c6cd,00780a50f821e7c94caaf86dc563de5d4cbe2b723e966e2f85f381c851a97095,train
/content/section_01_workspace/data/raw/spamassassin/easy_ham/02302.6b0e60535c666317d676c81aeea21f4f,0,01874ea56da36dcad75ecf36442d408d81b2238ab7d175ed55f20fd99bda12d0,32edf8fc16a81b0ea0b068c2108d4dd56e7102c4191aef7284ab6c64ec62898e,4c6030355d84af3f4b6e54c2e2369b5bcdb9ce7b3dc52691588331680ea610ef,train
/content/section_01_workspace/data/raw/spamassassin/spam/00255.aeff2fdf2ba6b8b49686df3575859a48,1,7802c15f350174247f51a156ef97f482fad5ea24d73a732b2e15087a1ed680f8,cea428474af68fe7f0e1ed65db08361650b0ed4485aa074e0228af6c926a51eb,c84fdc7146d7700a80cf07d7aca884590fcc9b4b6dd5233e97064b37e255469e,train
/content/section_01_workspace/data/raw/spamassassin/spam/00405.3163fff27ff95b91afd656f0025c6a83,1,5066c6755ba8eaef5e5c1ca6f2003af8074edddcd2c941b3465f5bc7703af785,44dabdf74489272eb8bc372c7bb4ec472a494a0c3b6dd10d8b14c5d2c93bc6ff,bfb6f9242df51238a8917b6d00a0a317b48fd07a0952ce8585295bbee83c61f6,train
/content/section_01_workspace/data/raw/spamassassin/easy_ham/00283.3049b55cf228fd4add06e7b701f71878,0,000f0bd024d7530f1fcd5b829038ba88f853b8df9e06407a6e9c0de3b2bdd86a,d54e2dc6066a17a3623b032e2c8f0bf6809984b2ffce3aecc980d2f5ec8bcc0d,344f84b9e18d57e80abec05bdbefcf89460baf7850709ba207a8fbb4bfce38e1,train
/content/section_01_workspace/data/raw/spamassassin/easy_ham/01678.8f5053b1fda58d8224b0fb4827413912,0,13f92153e0334b59ac019b2fc542e33ffff14ee1dc51567a06bd666ff09e6f5b,158d169945bec2b976c927d65b1e9afaf29187b2ebe55fa7c97015570cc61bb7,13e3c4755f525531678938d3a4bd2d5e1241248d073a8931b5c9dc0dc237c74f,train
/content/section_01_workspace/data/raw/spamassassin/spam/00461.1a27d007492d1c665d07db820b7dc3b8,1,89f009aca17f9749580e9cd0946ed95419f6fe20eb671ade213996e2cfb9df9f,5ae779e9dcd796e8fd0ba055ca494671dd7d3ff8008b4be84873793ff7284e48,ac660157167b59dfbe6638320a0c977f5363f09c3e43bac20db09aef1cbf266b,train
/content/section_01_workspace/data/raw/spamassassin/easy_ham/01810.185304bab9dec6787060fb4580a01729,0,888bd05f7f6c89fd6e625b5fb2e575d0aee2e8f4e4942301cfb25439d9871d40,06ca091d31efa732913fbb25e70cfaa5a46da269b80147e6b4552a7502bd011b,cfa63ddc2818b910933bfa1220ba21961134b61e012b3165831633704f1d3d03,train
/content/section_01_workspace/data/raw/spamassassin/easy_ham/01474.87ab36335ec20ae5f4f60955a1c07c5f,0,64d33e041934c6c83903cb5b2a861567e2a306c08373f6aad2dfc904f3e778b0,026c3bd27071737717dcb8c63aaa3c8defbda3ffa8dda4d3f99337b3d55fe178,cfef4dbf54db74c2f9f3c5ec1f05d90cbb0fcc41cc8d745d57ea6aac88d5e286,train
/content/section_01_workspace/data/raw/spamassassin/spam/00203.3956f8506171ffd90a0060cafad4fdea,1,5c96698d87a0c174d5ee2e86ae0019c3e5da54fa6b621d3ec7f03320a0269bbc,9981e502c566ae47e350273d693509395517e8caba0e1ad3519cea53e185f0a1,22fdbbd1224f9aeee6d1f20b97ca3384ad20ed52134e99f30d32b88b37dc0fdf,train
/content/section_01_workspace/data/raw/spamassassin/easy_ham/00911.dcbdde154d9f25c1afe32f4b8f5f1f9b,0,c22c37bd58b19c6d90f7f6c1b8c84cb5748bfa310f50679aa35231da12990a07,d692f848e3133067699233fa052ee7d95faad131076131e5d7762bfae5a1b6ea,7afd0ede61c4ff1c1c499a4d192eeee22f5e0572157855c271498581f6d033ec,train
/content/section_01_workspace/data/raw/spamassassin/easy_ham/00834.a73f96c83f5f638954df85ede58a3709,0,00c6b5c94456c635d7259ae4abfb03356ae8d351e1ff1c97a143aeaaa4302d74,2bd3a67d841654b4adcce4e2ac09665e42c8c4ab3328bdeb0c22859aaa397496,77ae7327b528e96bc50472170a65157a60d12e32e57dff1b8bb384bf11680be3,train
/content/section_01_workspace/data/raw/spamassassin/easy_ham/02107.02e8d908f24817692efb25a72094385a,0,a48380e27ea0554fa6fcc781284c25127f89ff97ca271417f6f195b6054c8743,126cb3285f8646b0f1fb8b93bf4c55eb1ab586cd4e37329101c03b7aa9c44332,63eba7278ca53a33d85a97ae39c889592f67b0086e07c74d52fb80a5dd0d54a4,train
/content/section_01_workspace/data/raw/spamassassin/easy_ham/00748.d6ca40c29f4224487fc8d802cb5dca88,0,8f521c06c2ac66cf518147778a8683a480919bdf778405a9fd3fc1c6e034b67f,8d3218a54096727724d671f9e225bd9f594db8dbcb1b8d335ef9391eed66d9be,31fd7ef55f0b5eca601aaea845f8eff87ce499850c47a5bf4a6ff810dee349ac,train
/content/section_01_workspace/data/raw/spamassassin/spam/00147.1782d51354c31ea53db25ea927d5c51d,1,358b6fbe1f8184467aa7bdaf18f295db51fe4fce3d2e024c26f73a4b57693297,50805a88ed764858989607f62078ce7e849f7c64072d361b6a7c43093ddb325b,5ec7a311b8963298d7e96194b40127ead627f87bddb9104c3aec4e6570453b22,train
/content/section_01_workspace/data/raw/spamassassin/easy_ham/02215.7378c7c75e977c87de39e8b48291c8b7,0,2c7abc5a80968913e7603597d8c40620c8fe656cb28cf07c0a71db18f90baf1b,406b4c3f6576077f19b3cedb1a1ba6629fa93d7f958db5feb429223e6d1eacea,9cf7bdfd635bb138cb83a0c3633c47ff1661aa7afbe0fc27b5e8fc90b9b5debe,train
/content/section_01_workspace/data/raw/spamassassin/easy_ham/00165.a626a87fa5b56f724e6a00e7c1ec163a,0,3a2836015bf7eab979643858d1c8479c7afb686df4f2eb3d7cc366ac764234f0,595e3e52f21b4dc58db882f4303572d0d30010207b2d86e1f7bbfe6285121b47,e87bcd2a80706eb97229b67336bcde08ac7ea64aed6f2d4592cf6c30818b49f3,train
/content/section_01_workspace/data/raw/spamassassin/easy_ham/01121.cbf22a7c1f37266504f71d7b7b5c8baa,0,16bb60c436e5eab2cccf12613c0955dc6732d749c1095c686b91e47995371c17,585388eb64b45ea37054ed61c2c073caa7c1a1b9f7ae2108d45f208996b904bc,023d49014f0ed1d2ab84151673a325006014f3a1fda83e3e9dcf0853f5705d18,train
/content/section_01_workspace/data/raw/spamassassin/easy_ham/02098.96a584164de1918fe146c1ef4012182e,0,6b80a805a5ecece2017339991cc32dc06b4b586d3e4077cbea10e07d7d80e728,876cb2e604727454ab054f9e08314179644facdf7d517205e4ae815331af17e8,0f02f259fa816828a382280f0541e77310ef252b4318dcc480df3fb4d02ae5c4,train
/content/section_01_workspace/data/raw/spamassassin/easy_ham/00055.8481bc92aa3ab9d23ca30c0eaecfc5e4,0,a70a1976ad73031901ae9e23660fca999bbf792a2f52e9d60456197b1d163b2d,a84bc71c5789240bca12be8adbcd2002f0c4d094811ddb9dbbec16b0a55733be,e4b7f55b9a55da9152773fb44dd894d3398a6ff9e6202ded0e30f60c098274a9,train
/content/section_01_workspace/data/raw/spamassassin/easy_ham/00698.09cdefd75c1242540db1183f9fc54461,0,ea50f5d8f3171f4de33d17f12b9eb9b7a7d12c222a968c6ae6da360b3066d787,e47f9d95d794019325499a12a06d936797aef450c51591b0d4afb4ba1e125308,3797fac2cf262ca22f41509f165d56acc5671f2a0f9f08dbedd5327cdf12ed80,train
/content/section_01_workspace/data/raw/spamassassin/easy_ham/01009.a48979e302c75b3b7427e2a494f71469,0,08e0bc96729f0595d7e660aaec97803a669c9ca38ad3169256519b357eb3dca3,dfe494ffa8b0bb75a93398612db01cad2cb6f0a88e32121d36962acd4db88091,c98aac2d85388e9f3981e5863aee647e6f3ec3259c87f3098e7b50be49ca1482,train
/content/section_01_workspace/data/raw/spamassassin/easy_ham/01567.451fa9142ae23a1c09dbbc87a09c557d,0,290f646c8fa934025acea31180276278ea551715522c41ebcc597ab25b9a0344,895bca200a4ebb7b7bbe9ea85556219a9f92771761d0f2d577e9304201024c77,83856e8617a0893e5e684f64875046b27329ead53cfb537bc64a4366972d8335,train
/content/section_01_workspace/data/raw/spamassassin/easy_ham/00031.ac7e81ff64671b17569d2c6a66648bb2,0,4848bd860e4e2f63a727f5688f514a5ad871052808eefe08fdb94fe569973bc6,b8fb9e9743dd53d1b8cb060932b477e506f7cd4705edd2e2a0f41a0e17377e1b,72e76c16f6ac2bda2950539ca79bc0465d542cf2c418d38aacc2f85590102e92,train
/content/section_01_workspace/data/raw/spamassassin/easy_ham/01743.07f7f47e25de2b8f08cabfc5ef3e3709,0,4f459e770cde1dc1e645d086f29c9987f18e23003725ea1c09770ae40dcbfa61,5e02cee474fee664a8f80afa0019c2d5ae5ea9ede1c342a32e08f63fd806df17,5eee5263488202bae0664da56549343596e76c871a5819136e974e2996aeb69f,train
/content/section_01_workspace/data/raw/spamassassin/easy_ham/00411.478dc892fbb1a7970a4442fd6b977c25,0,16efa5abd1febb815308eea19317fd712346913e91bc6bed9085c9405df3ac09,56fcd36fa29fe34d100670e3d1516be16ef6de48ac5c2dc870ebb7f4aa0bb43c,0736121c5dbe4dc57573629bb5679212e83496612fe7fd6cfd5eb44ec1ffed3c,train
/content/section_01_workspace/data/raw/spamassassin/easy_ham/02210.6af0d0f1a0499de6f7774e321080c1c7,0,bd6a10f14f80688df5bfdc3492860dc056e2e597cefec309753d6dd23e45c761,7a907b6976863b026c766201e15662a35074c479b55b339d60c79c597d1ad3f9,be771c4d2df9faeeca122d87686e2e85c8bf78c9e3af7d68f60cbdb23f4637ca,train
/content/section_01_workspace/data/raw/spamassassin/easy_ham/02486.bdf90e871b673fd14f47f3fe36622742,0,c9ea1f3562520b74a1dd9633f3980cc2c8d8123b73ee3c1c2ec741ad7a09df5f,889777a7839aa939434e2c3ba47b79ae23884685143cc9a082d50c4f46868327,7bc45cb40ad5214a3df9f247c292798be68fd3b7c3c8f7e87db5e5856416a2c0,train
/content/section_01_workspace/data/raw/spamassassin/easy_ham/00232.dba1ba74b7372e3b13b0a351e2d45b89,0,e8f0f59c592673c95ff0ff5c55c09b4a0eeecaeb92347002e4202dec579c4ff4,1f6a1049d659a7fae26626c3efa26612d9481093532428beff42f863d2fc688b,f18c9656496f16e5e083ca5ed624e2501057f08c9118ddb175a1c936d08b0ff5,train
/content/section_01_workspace/data/raw/spamassassin/easy_ham/01803.ef4fe207e525dee50b369a7d61b5d9ed,0,033221360b5c504b1cb6b685d635274d67b602cbc2c206143ef3ae47bf930e40,afa70155d132291e53c6309cec5dad1286c1b7f3ea5a458497c6898bd92fd72c,ff00489ba5a583830d06c4d681fe6d74861fae14018d9a3332c4582ddb26343f,train
/content/section_01_workspace/data/raw/spamassassin/easy_ham/01379.fa3f6f5c9a842b4bed1a4578d1f56e37,0,efc3bafddd0b283100f13f610b3520e6f1c138e4261a2764778351eda60dadc4,46dfaa60aa3337cd94f7a7e84ee4b03baf909e2c82db60488301828ddb7700bb,a81b168e5dd94727a0547104856d4fc42fd92525d929c4a8b24ad6689f528200,train
/content/section_01_workspace/data/raw/spamassassin/easy_ham/01812.feffa846675a880e453fd3445af97ee0,0,6d75a5dc28631cd03aebd743cc070d04ce8e4c3bb91eb38f4b7d3f2bde2c1b7b,c5f22fbaf8f5bac99337ad214c6e8294d104da8d14c3aa732ca6db5658769bf9,d586e765f9b2f9e42dbafffd02a4328f6ce295d0040146f3d74e76506752f5ae,train
/content/section_01_workspace/data/raw/spamassassin/easy_ham/01896.516f258e3f8185d4a0e002a7d806bddf,0,772f33c89cd4f788c01daccfb6c209c25279afd4df1baff50dc2f7c2744be421,5d7983b118a4c348d9a791eccefbc385eda77e69f871bb57c9648fc75c4c2c99,2617ca192bd497bbeb704649e7e440309f9cf82eaa4ccada88b8272c8e18fd9f,train
/content/section_01_workspace/data/raw/spamassassin/easy_ham/00339.865b307b144029f04b1fc94110acdb91,0,714fd80e2e69ff517868001459303f46e39ed1cb4511d7451a9658fe585c5a4e,27a3f5c2370264b5955979d69dd240dcb28a3d8b4a2e43d59b63c37222631bb5,f04210884041e74e4b981a346c882cafb5f7259ca60692bf42a1835f904c8bc9,train
/content/section_01_workspace/data/raw/spamassassin/easy_ham/00361.6a215262fed7b15f657b22c65107eafd,0,e10a9ca17e580f4a9a75dce66c59e8adf7555bb581162ac3aaae7da47fc36eed,b27d9f0130c15ffad170861c07e030cd206dd89583ac972aaf8aab8feb9b7e58,13e5e0f3d3653a71f0955f33c4dd8bd20f865619b9aec5f7462143d9abf99290,train
/content/section_01_workspace/data/raw/spamassassin/easy_ham/01827.e9f4e7b5f1fd68f9e800366097c648f2,0,4f8261aee759908fadab6f91f56e051f589ff8a241d34cd01e1f6c9b2ea759c6,aeea2370895e5c64261b7a6b9ddbd5f4138c4565266ba03b4e8ab6291f32b829,97bee57109733a9d683cd290cf08593a4502275bd57f7ad0de07749b460c788a,train
/content/section_01_workspace/data/raw/spamassassin/easy_ham/02007.56f76b49333a3f97e5464dd8dc0cc419,0,7bb5f4299f5642b20d5f015c977ce84d333607f1312f40765e0f882653e785e1,573ae46af917fec20a6f8c3ad453b34eddd121513d1d2294e08188b9b8f20616,4a766bb0de6b9e97bcbe9f2e44eef2e956ea3a560ed096f6a016fb287a2df8b7,train
/content/section_01_workspace/data/raw/spamassassin/easy_ham/00354.2302c4c1801e52a59346a64a5a31ed85,0,cb8cc86b1fb64d740634dea23888802363058d090995135c871f3d58bd01b45f,370ca55d4473055a7aff858d60b0b8a98a4b226434000a51583c8b97cca4783c,50ed67830a7d3dfab8eca62a73b5e7877e9718c2796dae110e69cf45fab02266,train
/content/section_01_workspace/data/raw/spamassassin/easy_ham/00909.777e83e14a0637cb3ffae7b5c8b0e77f,0,0980bc3093ad341c780e317c51e95470e387ff35260734f576e06cfb664c03f4,f7193f858d9d0cbb9b6aeeac65789ce1644a2dfa118f6ee459cb7189f5c666c2,ab89f3d09fab992da578c94069356d0b24731f87df2bfd692e04544ea8b51c16,train
/content/section_01_workspace/data/raw/spamassassin/spam/00432.40ceb2dcb26e292ea6fd8669dfc9b4c5,1,af86e768b8d82afec6444baf7fabbb3ce5b2d85504599a4c4850eeae66bd85d4,d0a4bac7de0614d48d89bcb5f26f3c502acca88edf6de0062f3a244ed076dbe4,cb0b4b76fa4b78c42a70b6d827f8cfdb3947b51d4d6c844bb1affb1dd123d237,train
/content/section_01_workspace/data/raw/spamassassin/easy_ham/00571.8f35c46bee6d7a238eabf207a5696b0c,0,04c866ed5c00fb6939d34fdc37103fcd56407d97b1608433564a51255ca48d35,f1ae0d1877d1b0ba5b584356234bc10022f0d0a823e8dc004d4ca41d7f23118b,67c8e90a959410f3811ba4a3213bbf22880dd34e080b9958f712510fabdebf9c,train
/content/section_01_workspace/data/raw/spamassassin/easy_ham/01178.a90ac824be5cbfe0dbbe8824fa07cdd4,0,2096b2bc007aef3b1fb43306f8823170b5a5609055b726ea42bdc6de33ad4113,740772d1fec5127163fd743a3e244102f8c4c4c83b0d92dfc69a9b4e63e42234,0a4bfc35c576643f38ffbc984a502fa97fee7a4a7f3872a1314cdcf74ba55d1f,train
/content/section_01_workspace/data/raw/spamassassin/easy_ham/02247.3e6230c66e51a61da5401d91d914f466,0,8571632f7bf404cd4547b7876fc05cef9416ad285ee7df1fcec7ca2084e049b1,81ef337118dc27e03958a5cb5b872a1f67fef4c95c5a45d53257b390fd781fd3,63eafddcba9f8f6e3b91cc594639a875487bdd9a50bf75aa75ade14fcd20bce0,train
/content/section_01_workspace/data/raw/spamassassin/easy_ham/01582.251d2e9ec5028a548d6ddfa3dffe86c2,0,daf21da4f4d6ed8e1f95b03d24beae70021035d88eeebe910bed558369988b5d,89fdd13908d01f152bd1ebb022b1610a6e3358177500ad168d6a752ac4bfcaaf,cd6ce093894d42e9ba2a5245799b97e21bd181356de4443f131ec1c2aee28e08,train
/content/section_01_workspace/data/raw/spamassassin/easy_ham/01258.a655740f71f7f330ffd270d20444aac6,0,2f1720fbb7a58fa314f8b788740ecafb289a197a8a9918fded833c3c659ab290,05b3e5a19ac2111dba4cb9663e807c661935601786110bfddf00b9ec135dd870,93d69e2e2d7496a01a7bc919189c1f3aa955edaab207c16b806ad0e3bfd758ce,train
/content/section_01_workspace/data/raw/spamassassin/easy_ham/01649.5bcdd9205f59d95e025a2896a38ee2bb,0,8463d425898be05a1bddbfdf0f4bb87588622f7e88bb1d67f37e9201f37403c6,2c52e5b5e8d2ada9047cb2a0090b10ee0022b03713a4c3a856e2ebfd51d757a6,aab78dbd2d23c9c0a079ae5e5b401448b0f5c7d0c1af7099394a4d18c396307c,train
/content/section_01_workspace/data/raw/spamassassin/easy_ham/01200.fabbc41326c88fd504ae20791dcc3aaf,0,b3009b5a714faa677f7b9bb15604a4bc40c933a03cc98506241d92753a9df043,6feee8835b194ae9f792165c382ce708755948f222d329bdaf79321f0398c85b,57cc29f53f5ab182080658dd05619cd2f307e762552c1a713f767e1e07b5bae7,train
/content/section_01_workspace/data/raw/spamassassin/spam/00119.7bd666ac52f079fb3b5ff0be83b55286,1,7c105c22552704ade23c40458ef64c5c8f5eb56d12b2018b3251f09c7911f840,2318a1c6a61b2d00fe45fda62b8c88857e47349a32b429a270fa76ed767bffcb,69b500c206fee4606c5c5c1210c204ca60b320c231da3212a4f50b4291a38639,train
/content/section_01_workspace/data/raw/spamassassin/easy_ham/01438.3bdd05f78df18d1add2e9a5afd85a6e6,0,e34ebdc73eba7518c4590903d8d7c87a82f2ea72e7091468f26ef2ed5e86dc53,aa88ede11c7f576d1c8e31026071cb282e3b3cd566ff703b3d3b1e4a487bc9e0,e87389fb3edc49d8211a5c290c8871e5b4afb57b288da2958c3d4a578696c245,train
/content/section_01_workspace/data/raw/spamassassin/easy_ham/00712.89e45eecae00da0b8207bc79d2e843f1,0,beaa4bae6789df7b7d37b1a78d25a83c16adea26e38923f5d665669d8698a79c,2fcd7edc1a67e0d3ac1fbd50678756fd163a3e361dec70ce18d49f6068f80f4c,ab4148ec5f71f3bd3a80c8b552c9cb0d2f9ce4a82fa1ad21d97410ed9b4c03e2,train
/content/section_01_workspace/data/raw/spamassassin/easy_ham/01030.c51edb65048a8f86717b049b00ed7356,0,852e2a4a1908ad601e0df61e18310c5be922b3d052054a03b550b65332ff6125,1faf48ab673e741c88defe103568348f2b071d01ef8eaac17987df2d693f180a,da99e44239975eb1c103c4e0276e84cde282ca3e6cc8ca69f68697100b6bb51d,train
/content/section_01_workspace/data/raw/spamassassin/easy_ham/00235.c3a09c057f8fec7d833a8f38062b9a48,0,3a13be13e7ce96b9c60e2372b02d7716fc6cb04211dcb2ee93af7cc4e8dc6858,ae0a393e18321c772964489a1a6ecc67f065e1ec4c02ed35be3de47a81a0946f,3ff32ee8a88560699cc1d2e16e653eb07a1d850bb6b8a00124d48f08e8fcaeeb,train
/content/section_01_workspace/data/raw/spamassassin/easy_ham/02346.2fb10027326d7f45655131a42b2fac69,0,14b824ec603ca42dcee7c7d323325a52e040f2022a736daa0ed4d184ae4cf908,c8430981b343615bb8351a4f8593f916f8ec561f376a86d312874a0aedffcd4f,4dd19646dcbba3da7fbf11a6b7247fb47d3bcdf4a9ddb97eae884011606c1a67,train
/content/section_01_workspace/data/raw/spamassassin/easy_ham/02238.f3ef4b4b526ba634c07afc13952005c6,0,d55fbf403f3ea6aa61b0bed8e30dc985b54d7668a851a8abc33ffca608fe0cf9,899673fada0aec04dba2ebbd602cfa2cd35d7f50552f69c7a82078903bcf890a,829ca1e3182180875e91cb4198778e3a95cd12b01e700ea4270ec1a72acff063,train
/content/section_01_workspace/data/raw/spamassassin/spam/00216.89c1ede0b81fb09f7334f47a5183410a,1,b63357f66167da5853dac9469df2f1707aad67ef1037469c83245a9529d55e7e,1dbdb278b8676dc11fa8b6182bbd8ae8473fb4b9c08c2cd2f89989ac417e5cd2,40c8aad5493633a9d144324a1f4432cbd03d0f0146e57f557b6d241bd1d40703,train
/content/section_01_workspace/data/raw/spamassassin/easy_ham/02411.cb3baadc8219b02864983eef1fc2785e,0,c228e37368e2a5a1212d027fa519c64ede43659f7641f5feb24dfd81c23b55e9,9b9c3686bfe7047d1aa692a612c81cd19eca132b37d32a8f77dbb9e1419223da,516a2cd6b4a3ba45308d10962c4e0778f7e4bfad8e849dcaca64aa57b7177666,train
/content/section_01_workspace/data/raw/spamassassin/easy_ham/00630.d4dad4b8734a30afbf8c80499e652c2c,0,68c48082284b1973f92a7fc7cf57018b317bff98be85202b29c1a6f992637729,d92622fbef82025faf790d1a9406b5dc2b2904da172cfdf76f3e9f15275384fe,178c5a04aca1d3c9a49fd68ad7728193866c6c5fdfb23942ccebbae98dc1721b,train
/content/section_01_workspace/data/raw/spamassassin/easy_ham/01848.0d688cb288a6392e87737952a68961b7,0,a4ef02d1c29fce56359d78000e38ad68fe7c8f281237e2768d280808da679800,2e6d46063ac3ff80477e38fa72909eb9d1115e3e5e1225e03a24ace9f5846309,33bd0847868a6a2e134a6843b800bb81c9574ebc775e38fa4d924dec7a069719,train
/content/section_01_workspace/data/raw/spamassassin/easy_ham/00725.5d2dec63252bb5fc57f3de280129656a,0,eadd26e2e69b4d39b01d1dab677c9e43d9c29cf0c3da831dfded34305a4ce093,91f5cab237d638dcb908d8b30018923073b726645997a5de4f285335a2985f4e,6a6daa396f9a99d73be555ac1563a2827a735bb893974d6c6e8ec3194cc5eef4,train
/content/section_01_workspace/data/raw/spamassassin/easy_ham/01646.6943600e0de67c472ee13c9f14345e0f,0,1457789de845b4066f8023d11dc3f91d7468d5b70c8316304ce247818a4be118,3ba52c98ff85612d93f6b7da1228a2dfc012e72827104ce951bd2323d6299cb9,11f51afb5b896564dc047ab852267737525947b804b36efb032a265f14e5033b,train
/content/section_01_workspace/data/raw/spamassassin/easy_ham/01776.a24065765090b85ec4ddf2959d995685,0,d9b4fb7c43d37888a98b0d55823739e880c6b233e75634450e50007bf12ebdc1,dedd529f58179b92273621fc0cef58308769100cce1c59ed144d395f3b319314,3f33d323acff568fb5bc49b88a3f66f279fcc82b1ba4893c8d7877e559e60ec8,train
/content/section_01_workspace/data/raw/spamassassin/easy_ham/01953.68702f882d7ae19147b1e20ae27fe192,0,7966f7e8af20c0256cf282ebb79e7f238e3389300c57716ddd42f14510a25ec5,8de2d8e6885ede29faa09ea71fde9b160514d5e846bde409bc7e1061eacda9b4,17edfecae82f9722b82d4c6881bc8bc099afff6e9939d8bea2b001e391d18a2d,train
/content/section_01_workspace/data/raw/spamassassin/easy_ham/01640.75e754f7e80ce9c9e26898513069d35f,0,3ea6e4c6e46729f28bcbdcfdaaf845651014521a4a42cc99c8a9f8ee5ad59680,93a3f795688cdd27be6d7a08913dd55b5e7548f3fe1d96b4c969c275913aa1b1,f97438dc803f449dabefe9ae9fc4fd40e36870fa8c19292dd492efa7a36d89e6,train
/content/section_01_workspace/data/raw/spamassassin/easy_ham/00900.04d3fc4b18f2def855155994cd956529,0,4ddd5be6a55aa2e0fcd946ed04061b1ec73b5c54c8e0d04a40cd206e696ff899,d2b9bf7cd13292e904df2299eef5a5c761d6bd3c6ff4e9e42d4ceaf068035b46,d7e9bb504c9cc69402e44ad23cc282d1bf09d84cdd833b7cff3d945d3e1526e3,train
/content/section_01_workspace/data/raw/spamassassin/spam/00419.141092086514a246ff2ff8d4bc523400,1,7e4abea0df9adfbdb00108df5ecb49f6bdb982576151c3d2e5a40bbd09e433dd,489a7ef3f7c71fd4eacc5322db0455da14386e185d8fd58c771750f9228c64ed,7920ce9ec93d6274923321aa50abb9daf7175b0c35896b40efd6bf52ebce9b72,train
/content/section_01_workspace/data/raw/spamassassin/easy_ham/00827.b863d1780c6c6ed248a3e9136bd52b72,0,d9b63893b6c90c4d6ac2ec583c99325dbe95b0b89686fee726ee6ec335879774,a1d0680868d1236dbeb598aaa054c55953a6bc315e5b453a6d1d40931ef2db9b,0bd58e12c78468e865c4af8596cdf4fe4d6c81d12df5279df015113c7eed1ae9,train
/content/section_01_workspace/data/raw/spamassassin/easy_ham/00719.6d73cfb0bea6fe5002fbd3b260d480e6,0,8b44e10db972b191547592e11df3c7590d6f64a277795d5756805fc982a6f6b4,30e5d27b5fa79f42e45c78445278f3ffdbb4ad259d2ab3ba80d69dbaadc93136,104b2e5f6602d7b2d0f96e0fb58530552db0003282b46805eab4e752360234a0,train
/content/section_01_workspace/data/raw/spamassassin/easy_ham/00807.ee4df461634d0e9d9c7ef72046c3fa2c,0,d10d14b0203b0a8c41a38e295eefeebd5b1d636793f14065d21ced92d7bb84d4,df1d53e2257ddb05d887fd3a7f3229b23707d555eb4cb16ea2ebf96ab8980820,be538d195a7353d8b08dfb8a9ea23d00f190ca8cdfed1b33ac4a13428c629137,train
/content/section_01_workspace/data/raw/spamassassin/easy_ham/00447.decc7752d5a6bc685e47b094f76bb2c1,0,c67f318b9f2a47a4ccaf18ebe7acf4d39f6a42b9517d21ae3a07f65cc4962574,c87a2f8b9ae748b3f6009ebce3cf756d877e1458e338f6917a5ad2828036d05d,778260e8fd3e7713effd19f45ac4fedf6f3a7545b712f41a4cf440e888ac12dc,train
/content/section_01_workspace/data/raw/spamassassin/easy_ham/02360.e0e26457785f0c6b622dd5b94996ced9,0,79edfd7f0c2c752685b5ed5e14c0ebe1c942480b57fc44fb53c7774d468d345c,565540c74b43be190931714605b12e489055ff26fd50671234ef8d3cca500dc4,2a7759c81c42fa80e209cb1844898264a0291ab9b945ab046b50282d740bcd57,train
/content/section_01_workspace/data/raw/spamassassin/easy_ham/02129.6b9fb6fade127a4657fb25ec86f96399,0,7bd41f00a608cd65768664165ea2f34e72743a93230394654e4bae92c0b4f742,7bd71a27388807b8df8a5fd31c47dad65db81a9ab2b7a03933de02bcab83149b,cf944c145d713a277ffdf48a30d2b0182b08d67565ed280434471a43fb092ced,train
/content/section_01_workspace/data/raw/spamassassin/spam/00309.d9efb4713f45f4e1237d3f9b757d0916,1,3f5227189dc760338843758b3c92df04f213bcc93784494ef2e9782fe6ad3e4f,4349628f11122f675bfdf52efdfc187e72659dd20f160cb3a7dd4b49d8ed41c8,5bd025bd7bc3871af65dab5e69ddcde943ddcb4dd5fbb8918e2eaf3512bc6380,train
/content/section_01_workspace/data/raw/spamassassin/easy_ham/02087.1d6e87f2e6e97b044d7c4955a1e394a1,0,d900ee04d014e61c2742ca15498bf0d56d5b4e55c6d29efb4ebad475cd4c3a93,94c5758dad6180583eded227c77d087d213a2534a975ae64f9aa5726d8fe190e,27bbb6a30bef32e7a316f475fe45127404b97744a24931edd07e10063ce0f502,train
/content/section_01_workspace/data/raw/spamassassin/easy_ham/01781.37ea8ceefdbde6881efe1460f4a9406a,0,56377f876f53d7904e7e8dce91aafd054b5227bc9169cecc76e83608370737d3,9de61530c2261814ce0dda5346b8cf8d81ae1d0bb192acee760bd29c293fa2b4,bd0d1d2ca3e762443d58b05c63d6218048f48488a9eb253bf9ec60461aa029a8,train
/content/section_01_workspace/data/raw/spamassassin/easy_ham/00507.accde385fd6700b6e66aaeaf9032bfc0,0,92e008d507d0fca2bb37451afee9965a2a10b237e751d38a20ca387f8ee18191,6ac161d28a38b0cf429a0696fbeb8abf66460df567e0e8a0ffc4708037c7a594,776fa7fb3a10ef4b16c2b973cff5f21eb6547b56620bbc15a4c1221f3eec1787,train
/content/section_01_workspace/data/raw/spamassassin/easy_ham/00750.5bf605243948976794d149274a18159b,0,b14dbb5613dabdee3c43645e9ea550ef9cddb7d37ff59ef094bf867c950a665a,f60fa9afe4e6ea5c3ed3ee4ddf0c49b9f120c8b3ee3d6a41d9cb0689e608501f,ad8da46338546c3b2a27b8aaa5a7c187f52c0f0ccc6677f1861bf90b2492d493,train
/content/section_01_workspace/data/raw/spamassassin/easy_ham/01174.6f3f36997e912f8c919ca2d5742b474b,0,f4861d73b93d2ab4f2e543e9e8f610f65d284784ad1b07adb3314eea4f29e7e8,ac965ffb6ed26aa75da292eaa34a5151076d26831b4e15279c7cb64d55a239e0,4f3bad40ac0b7422e346bbfbc5db837937846f8aae14b28a5c05dc740669593f,train
/content/section_01_workspace/data/raw/spamassassin/easy_ham/01573.5f924ad49f0980813de1a9d02dc958d1,0,ddda2d03423d4aa30c71e5859bf2b0a4152f5ed294e77853674752a898053ee2,29bb009b3c45ed9fe4fe77051319ffefa82642f09fbeee198eccc03ef7f1cad8,cf990d109f32de719a1a847e16424b3a1e1e52a387b57c9ed1a4ecdf1564c441,train
/content/section_01_workspace/data/raw/spamassassin/spam/00009.027bf6e0b0c4ab34db3ce0ea4bf2edab,1,10a438810dd133f43f98573ab2f71c991c414a49946e7eafb7afb7978de28eac,b09f54483233ca2a75b1e73ef43540966634b05830f096f5f11d693187abe953,0970c9c1c44bb1a1cad2a385c3a683d4b860c06ded0304bfd08e4f0e1699854e,train
/content/section_01_workspace/data/raw/spamassassin/easy_ham/00430.3fc5dbd2463ea79d094b859e9d7e3465,0,ed4e7f2d18d0dfa0216ebb6374895920edbdab2bcf643530da757dc0fcb7c175,ca73862684cb5ad80be5ae2a695ff624b161537d3a258b042ba664bb23536609,7cfb79a8fabe6f324cdfae2876564422f003c371d2dc2873d945e8023b956fa9,train
/content/section_01_workspace/data/raw/spamassassin/easy_ham/01209.b9169047bffea1b9af14ca41f336eede,0,ef3444225b7e2ba1d9898945185f0be929f14c7fbe51157418daeff13557ab1b,0811516e4f85eea25b36f71a1ae5bd6f2675a1a6a13bde857e526567c61617d1,2269250db6629e4885cd1c77a4fc94463196cd868c08783e23262c1d1742392e,train
/content/section_01_workspace/data/raw/spamassassin/easy_ham/00213.cbab995631e4345875a326d533cf6cd6,0,281998115625867668f574ad113a8f3b0383d6590ef4b50087f53eed403f6c5b,9edef4daa961d756ffb535f642d9bce3e13eff255e83c14b047f15bb5fdf4e54,fd99fa63d97faa977e0d4b6415c287c2fdc3a4df339dc4358f4d92bda00c145f,train
/content/section_01_workspace/data/raw/spamassassin/easy_ham/02241.aaefd69aeb045921a2c82a01c13d225d,0,bb439bada32bd63834ac9358503d1b5eebbad767095f0d80a43d7378d36298d7,17b8e552ced87bcc857dd91b5254c6b7eee331ce9d801943e74835f046378398,bb4b2fe4f7ccd3cb8b7d2ea39ff179a19bfdbe59431cf70f581321870cd35b95,train
/content/section_01_workspace/data/raw/spamassassin/easy_ham/00440.02086b5f064e33a48c34183441934bd3,0,fe8d88ae90380a13705fdd895a899d4385eb9e8854217dc4e50d3f63a860fe7b,89ea0e1bc5305d0c3191d0732f2c277a05377b17841871c8455fa5bba5ce7382,a908fe16c2010c336d2c3a59b31ac01de79c5706e926a90e25414ceef9747d1d,train
/content/section_01_workspace/data/raw/spamassassin/easy_ham/01221.84df71e86c3f6a71a7cd8bb4f6a97741,0,923d0d55a4d4fd3f4227819f05e89483c0ee428604008aa92e622927d88bb8ac,c6f86e62bfe43fa3a17726ab56c2b39d9bb2985b9765de6d8519d33d194d50f8,a2771ff54c91c616dd4b2bcf4376eefcf7339308a8e84132eaee0df41dea8a3b,train
/content/section_01_workspace/data/raw/spamassassin/easy_ham/01106.4a0535d0232e24b9b7107bcd16da1ae0,0,18c72091a1a3cef9a3b813563d6552c3c1bcfaeec34fa56e514fdd3c10f27919,52eb958a7d6e61768d4cb05c6af435825628798268071264b2f3a1a1b066eb4a,817c732ebcc24161e865f9e8f90c65a771811a5c2d4a6fb09ab9af52577aea28,train
/content/section_01_workspace/data/raw/spamassassin/easy_ham/02337.ad6e6743b8b59611fe9a4961c3192dfc,0,b6fff5ef347747d0e64dd0c1086e184a390f2829abfaf4e46802558bed2966c1,73b4c4f7390d28ab52bbca7e59a2e2716f698082e503bf6167a5182445da4665,a44e1b06aa5af9b2cabdac8fbba16a557dd0cb6c8dd0778262ee13510a7445b2,train
/content/section_01_workspace/data/raw/spamassassin/spam/00341.99b463b92346291f5848137f4a253966,1,dede0bb76907d7be68fbecb87dc8e44598208d8b8ebc4fbc320c1c5a98897853,50dd960dc4b7742dd38df5e05144c5593f9d1eaf0227c3c7df3bc72f934d0684,81c2281808f599ba99e04432e90a60949de46e9c2acba0a6442f179a350c2f5a,train
/content/section_01_workspace/data/raw/spamassassin/spam/00302.544366fa4cd0f5d210dd8443a1c2c95a,1,cdacc4057b7b81078941480a6e94e884d36a25ccb5e347c7b486c36ca357b97e,ddbf0d57fb76902906c0c6d95a6cc85211d6a1590c2e9c135a3fc9447051f39c,fc18327ab38caff38a9ff59bc7f0ad487359ed9d724f5acc116fca14830ca01c,train
/content/section_01_workspace/data/raw/spamassassin/spam/00233.a268478ca6f03604012ffff8dd3de396,1,eef10c07d1be5cf522bd289a1c4c2e32d06dd1e531c6b2be42531faa56751e54,37183ceaf12a0674ce04e8135ea218be5453a57cb2cc69f0a377c680d3cc5208,90dced746d5138b7d4d033d2ac246868d79ca1370b8182d0c947c056e507d185,train
/content/section_01_workspace/data/raw/spamassassin/spam/00214.1367039e50dc6b7adb0f2aa8aba83216,1,b39891f4ed06078c0403f91568ce9a50e3ce5cb0fe53b9b98f5871581ab28c60,dd9e621f98e6972a940f5fad448af38dd490ec73d3c49986a6af9c94b13cedce,c71a367575e6b791c2b5b4e2681ccf371fee9925df37fddda2f64d1c27ffd4a2,train
/content/section_01_workspace/data/raw/spamassassin/easy_ham/02374.71b4f1f5c95ebd79a8ce656bb350282b,0,7cb580ef4702cc8693727655dd616fa101d12f405e49b5f3d107c1428df09bd8,81310bdacc238c30e215573d0115175129cc5b09bd811104b41b19423214a23e,076990f51e0f858db273ee143214eb9875a4b9d1c72e4d6709369440a901b38f,train
/content/section_01_workspace/data/raw/spamassassin/easy_ham/02173.e732f964a266e408f2ba0b5ded6f867c,0,a5374214feb1a2b9b215a866974929db89639d43790e6ecc6a7a936e4165ae8b,0c086fb03d8bf055b10ec00e6f081d5f6ef6211255f650638e5b1f59a98de03c,f0c9812d15c7658dee35a8a8ebacebc53518dec58cce5beefcd018e3832195a5,train
/content/section_01_workspace/data/raw/spamassassin/easy_ham/02488.68fed64ff8169f1505b74080bb7b6158,0,29d259edc182f87b9a28a4165f40127e869280b3940aa502998b1344032f4156,b64758650d7d7ef0d260f21737036a63610c4446203ab08ac08a9636d0c5c0d2,83183adcde6833775e3d2caeaff5b038870be7814d4c0cce18957771620c9ee7,train
/content/section_01_workspace/data/raw/spamassassin/easy_ham/01173.30be73e4da024638bfbdf5afc05b438f,0,5a18ca89a4849073de94272a277583f45eed59a0f035ae66a9864ac42b891742,a6f577a1381b830d184d9392022020a420039254f9bf9d86b52f85064492e3f0,06a7f0c48b2bdfa5f061f77cd9b9e634f3bf6ef2857ca43be6164bfbcdb0dd39,train
/content/section_01_workspace/data/raw/spamassassin/spam/00042.3e934ba4075f82283d755174d2642b76,1,6b3720c97ca73646117528292c42b4a079f519194e484b9a04f7f281c04e44b5,a5c6a6394b741cb9a4b8947fea24bc7a23d43b89c20b0d6a6d65bafd155b44d8,077ccc96f11f820e6882c61191dea639f98c6fb71e63efa1d29531fcac7435b6,train
/content/section_01_workspace/data/raw/spamassassin/easy_ham/02235.d38f9dc34f5f3148e20d0405f31b29f7,0,687b1a29c713002638e3ae88d16b006166091f63aae853e2e890a27c603c4b85,59882e8523c1357ea4eb5965d9c6fe7585d64424720b6a45f8ca9ca2180d9028,0d99cb63f3183f8127f9f6654d7204864377689fbdb7936ac605051cc055ff33,train
/content/section_01_workspace/data/raw/spamassassin/spam/00136.faa39d8e816c70f23b4bb8758d8a74f0,1,0bc2e0b5fbe0e2b8ac24362e66257457ce0233cfc2fa2b327ac000fbc173f154,dbd5227cac743dee5028e10eaf701a0ffc13abe74b45fc273aaf4393951bd613,c45528c714b5bae33aaacb92f8c20c57f9184ba6db3326b5238fe7e57510d326,train
/content/section_01_workspace/data/raw/spamassassin/easy_ham/01541.88870557aa0c4375f11749cf5cbc6c05,0,ceb23c318ad33f5984431d08aaa6e02cee55f73a9a49ccd1ca9b2eeb96c1b575,c8d49548aee5d842fb621c59c69eeb4c074a1d6e8930c858ec08ff5f0174e4ae,3d7a3bd5622ac7677e7cadd3d94b5995ff643f74c5d1d8680c890b19fe0ec556,train
/content/section_01_workspace/data/raw/spamassassin/easy_ham/02363.bbded22e51204b9d7cd1a7e2df26efc3,0,cf95896aa400d79421884103d36cb6f7f3a577b017eaf3e2190b1ab695289034,4aae9c75fd384c3024bc0c86e5b605539fbc76eef06e333c78e5a6811601abf6,593841bdcf69ca0564e644baa3ef5b563f2c3a7ae0ccb71c01997b2f61a0c0e9,train
/content/section_01_workspace/data/raw/spamassassin/spam/00053.d88d8b162ca1b7108221fb338cd7d0a5,1,fe1a254adbc6318a7f76d2b590268e15ba6bd9efad0a77eaa88d2c71693a9528,3bbdb9fd67fbd9a38a3de4a50f9c8ca87038833729683518226e1e4959c48598,023fa13918ff946be692178e61c21c6b8504b33b93da07fa9d809a2d6fa13e23,train
/content/section_01_workspace/data/raw/spamassassin/easy_ham/01486.d055246ae702f2eaac34a5ce2719c87e,0,175e13fcdc8487621747374b34538cac856a067a1c8263f75f64c6aae2c4e492,237d3b82f4ef4536fff80045046581398120f1aed5666cf099b693e5df1c8f0a,231db055e43f9c00b0aa6f8240627a3a066cf9248c0967840ced5152227b5524,train
/content/section_01_workspace/data/raw/spamassassin/easy_ham/00095.24caf7db5c45203f312f742f49385618,0,cb0ab781ef95f557ba4d4413de18daf02112bb8271447f239afed04d77c90273,d4ddeeaf242a614fab8f6721d46ce3d31f027c1bf47c55404747379e3591eb4b,40d75f065707dde9278fe2c66793efd77a255a4d30e3e6d313f77ad4e6d28d44,train
/content/section_01_workspace/data/raw/spamassassin/easy_ham/00747.39967f26d6c1cba3713e2b9f318d0531,0,db7b9143b305e013e1880081878e54f675b465b0218f4195e0d4099bacce8ede,8c7f28331a9d87e3265b1c83b3c6f55e4e6732a93accccae274d79aa3f431d5f,cd7e392048534ea8afa50d0e8cf6e469964a829b4d60e5792d2c1147e9b17ce0,train
/content/section_01_workspace/data/raw/spamassassin/easy_ham/00043.d2673a72d215cbdd747dc98cde41fbd2,0,f3f54a8b565ae761f05d789181f21416d76ffcb010f3459761fd0c254b93c8a5,93c3294aacbb2175dcaa3ded076c0166fa208a2cdd44337f302580a855ce41db,f2486977016b3bdc9054179e88c72444d01b6713ad72ab9f229ec2ef76dfae0b,train
/content/section_01_workspace/data/raw/spamassassin/spam/00480.a5931465ca6f5b22eff24943b5c8b17d,1,1d57fe55560522c4989ec5bc0f21e45ebfec1225304beddda82002f3a5a33a13,f9cb4198abcb2a73f764b3f49077e0f0b441a5286cbb48267048ec19f7995da0,45f8e8358721de1028eab0ce2f5f395a2135bd45ea484d80b5a4f46f124dd176,train
/content/section_01_workspace/data/raw/spamassassin/spam/00427.fa1252c91a3b89bb64bc2bc217725e26,1,341e6a196d5fa040f3b646a503a159319b78093c707f818d9326738dc52654b5,4c006cd915148d8f8223e272b52e319d3d06850bd649e186ed137798663d73a3,adf6caa7d5c1edac95d9e13640271d80a384d61356367160a642dde918e863fd,train
/content/section_01_workspace/data/raw/spamassassin/easy_ham/02046.4904dd6df6b17114aa4e41ed891d37a8,0,39acb05567dfde0192ad0b1203bfb7caf1502c41d048d5acdbbda9fe46d07c9f,77b85d2f2caa836a85491dad91782b36f99bbf52105dcac919f10cf37ec8fa5e,deac7a8f2476c70beb79b7d004593d1bddb6fed192b89fb8c867739502e47400,train
/content/section_01_workspace/data/raw/spamassassin/easy_ham/01346.cbc6b23ec727627babef10bb4cb37158,0,ca8e9ae0f288ced2ab25bd5f41bc8d24ea5d93a43ab63246c0160782a1fe00a5,f4b63e50b01e6e5720131a93bf6c3c5c84e664ec4815f754106ce8f0159716e2,6a3f90c3d5eca592430c369a45da782b8b7892b562dd9fcfc0684021015a5111,train
/content/section_01_workspace/data/raw/spamassassin/easy_ham/01932.f8c1d938ebba259e2926cf4400891c86,0,1b4b64f5dc1684fe08403bd964ce3b7ceb82d2972ff8a9f2323cf2c7b8a63e53,14087ddf506f88b6af3d670a40b8509f7afd17fbd26222c25dd2ed1f36256bd7,823feeb2728cc838790a97ed081394e218446f0b5e1394b3b703e18433b391ed,train
/content/section_01_workspace/data/raw/spamassassin/spam/00277.64128ce1653bc4e1bde9ffe2f83db557,1,14a2ee36c5c2742504740fc1d147ae84293fb3ebbcc291ea68f097ed06f1a96e,d14acd52c140431197c27dceb9ccf22f5d059c002a01ed4d135102f923eb9134,7bf0a8ff10730bf68d102fb49fb3a61de56f1437c9e85ba0eee9705863522465,train
/content/section_01_workspace/data/raw/spamassassin/easy_ham/01412.c6d74476958fabc3a2a7572079a6ce8c,0,93325cfe5d1999467a2b6473e7b21c88559356c2b21814a05fbd339a72c6ecdd,bdcb710ddf75a2c7a8bfd10d77fd7aff1fe3a4d01641fd1ba10188ab57f9f9df,97b84d2c84c2c419e3b462ebcb472c4a9839c12d5b008e07db767efb70b84aa5,train
/content/section_01_workspace/data/raw/spamassassin/spam/00318.7ce7e3cbbf4fa9c30a67b7ecdda2342e,1,074538e1228521612ba5063c6a194788e6ddc2f41f64e98dbaa7d6cf2ca86721,efa3b040951109805fe6bd51c4551da12294f5e62c26f53e3ec45a4b4f2663a6,5308f5c49ae2bb3d0d726f47d5d52a5f9b6000c0afc7900c8ec81ccb345cf3b5,train
/content/section_01_workspace/data/raw/spamassassin/easy_ham/00801.0a1ec38cd598d6c2e02323487c74e53c,0,f8c7e9e40f53c33a44b489d61104e07ec3582c2a7d0bad67e415af2a44b0d938,68adc415b0f90f3e6a337b0710b998b7dbcb37b5057ebe50e4b96a8a42027e63,78c8146a411ba93686f5343d2d7292a9a7dc886bbd9d79edf519ff96a79fb11d,train
/content/section_01_workspace/data/raw/spamassassin/easy_ham/01350.a0f7f7dbe59f334cd83793d518e603c5,0,f7fd18568bb0f97324169592585359244b5bf7f46932f667cff2d8a5fe5d7161,50202a6ff67c7939c78430a97bbcc8d3b4290310279ee5e3cff811cd6dae0f12,e44e965be5e5a3180d79b3c37aaed18dba481660918c5bf54abed32dde1e8b66,train
/content/section_01_workspace/data/raw/spamassassin/easy_ham/01808.6c7e63e38f30e266d3fd878049ee4836,0,34b0a92fe7beaa617a7a28dfd82eee937b9bf38c796e1ca3c83f6f850a85af20,7b591c846269787405a946c5126cb804b304bcb836fdb6c3f5c5517072908341,560048536359c72236832d2090a62b85d042b1d242b60af325cffef721ddbda6,train
/content/section_01_workspace/data/raw/spamassassin/easy_ham/01012.27f1267454edd513b56e375205d1cbdd,0,66a5f1f9b39771148a1a9dfafd0ab3b34262f8037b49485bfa9453bd36ac9b37,b688815ea422990d18f699a6ea24673dd0767b241e29c317f901d431c026fcb4,240a5368c189314e672a8ec84263b5f8d89379e4b9440694615aa536354e49f9,train
/content/section_01_workspace/data/raw/spamassassin/easy_ham/02476.de1d459426662492dd1235046b504c3d,0,e748783456971371e37ca861631b807e8d1b0d8b13d03c6790cbb5d6c6c72d06,bb5a27ae2d655dac6c1397552317360e8de7d3d4a897610dd198874a535a5ea5,8d92770b36d6da0e68970cd801e1afcf0134508cdcc7c2a6d94224939a014774,train
/content/section_01_workspace/data/raw/spamassassin/easy_ham/00632.5aaf2a16e34b00ee971d17bd4343e61e,0,a92f19783cc8516b40401cd3d70256afe49faba9c4a5d591623361fea7b0d92d,a165ad2e12ecd163523a94f9e29580815c217e0a5c96bc82ffd3a13ded1addc7,5bf996b5da0428541dc5b6bd354c77491c41a791a965f19c531dae21df1ac0b4,train
/content/section_01_workspace/data/raw/spamassassin/easy_ham/00651.10adacfbcf0526d9aa331dbecc1a9509,0,4d5e36ef3e773692c7e2a038d69cda04b59f4fa39dab1092f51a34c4d20ed0e3,4a5c3ea8f0bc3662f7435d8f34505cddde0e41d4d334b9a9006957e60197c120,7e0104af8e82764e7045b4cd82ef3a33e1125c6d57f4355430d8bd9d024bb19d,train
/content/section_01_workspace/data/raw/spamassassin/easy_ham/00118.f15bf997342540b404a4672c47d57d55,0,f7eab750c9d3088866d6db852854face0c41deb30abe1f35bd1652a078c26880,4fb70b566c395521e85297e232d822c91f86f9f5674ac4ea3b802e4372d69bea,86f72ad8cb311293ae0e88eac52b0c47ae93fe6b06b70faeeeaae34644b77a12,train
/content/section_01_workspace/data/raw/spamassassin/easy_ham/01108.c6ab8ebf1a366d6420b94fbd4d06cb5c,0,ef376b370105ad67cd0518296f821977c79366915888dc4f85890b6299e65682,b5ff1f69c454a81c0dd46ce8c2174329ad69bad761b59359a5d6fdaea0836a8a,058385a5de2d844a9bd32aeeb54a28406ea8e8cbf77c915ae30f2866be42786e,train
/content/section_01_workspace/data/raw/spamassassin/easy_ham/00853.8b209d0398d8c0f76b676097759e24e5,0,620a17e735dd35cddebb7214310a41efe4c2ef51c54584164d538230492436f3,941628b91a2d8165a3c5322526ff1cbcde3fb8c4223276efb98cbd53d53e1146,01f1f1034dcf4367d250086afda3b4d908321aa86baff821b5eba8b4667e82e7,train
/content/section_01_workspace/data/raw/spamassassin/easy_ham/01638.1025c8d81a3ce398f65fb401537214fb,0,7a9776676255730cf3e392ecdcc89e1debc6337b43e25847e5e42da768778fbd,f873ea8bd0be943487fe224aa7e55645f2bbde43bc1c730720907006c1fb78da,87ff8666f5902179431890f8187ebcb9e55fef0a8027bd5481e15a2aff9afb83,train
/content/section_01_workspace/data/raw/spamassassin/easy_ham/01194.222c2f540913589b180c35e7034fa5ee,0,874129424cc5a6b49ec09604cf766df7ff1c3a1b1974c74f839963b7ff7c7560,e53fed47ae414ad39fa1c13625151c385624c94023ea81bd0abfdcc965b627c7,9a6665e6ff8c5aa6c9c04eabc093820c6cd647113b886f46473ee6d63f8172ee,train
/content/section_01_workspace/data/raw/spamassassin/easy_ham/02118.bb124ff787bb569dc9f12eb6c9995ce4,0,cd0afb3d48008d25b78c4e58358cf5835f84a6dd3f24cd98ec1f324771581f96,3d501f98a74f161042ce4a1e97469946ace720182c7e6fc76ea754822f0f27c6,416971181bdd75fd41f66d8e5b470c71f961b617ffdea45c8ea8e82317d402a3,train
/content/section_01_workspace/data/raw/spamassassin/easy_ham/00159.53acdde1c0b5aadf73295f0c58ddb6a7,0,81649e45f7c7dd08ecc053e7b0ef4f72ec8938060daaab1722d3d27b7c992583,e633e1b57d134c0670d3fa4a8fb99d61b0734133abed3f1c4a86cb8eeaa0631c,97d2b1c5f223946b51cc9f8a2f3f1fcacf932fef2de30c51b85cbb9092264591,train
/content/section_01_workspace/data/raw/spamassassin/spam/00152.8ed8aaed94054e507af5b9c760dd7be6,1,e9bea14f7045abfc234a515d3d1a5acf764a248df2f7c32da472f12125815a8e,f885c5c17f73a8997e8d2909e783e12e29090df467cf933753b7249718e1095c,4fe233dfcc7f56207c6ff37baea98743029f6201f4c402b24b73c82dfdf526e3,train
/content/section_01_workspace/data/raw/spamassassin/easy_ham/01494.546fc9949239936419fc8decce22bd7e,0,4127cd3e7ff0ee3114274c8c5fa0bc7cd58e9be92e362f9856e0e2305877bd13,11380191de2d963da12dd67150d8dd07139574d3b7e204bb8a4f729c4861db82,62c61e605cbbf1e1a62f867be60f04b5a414ba4486dcd1c47387ebf94df7858b,train
/content/section_01_workspace/data/raw/spamassassin/spam/00191.9ff80a41f015b7a6c409732e41c0df07,1,9e0fad2a5d6ad9a341f3c7ac1864acf4807260237c0b651f79a44f2e91193b52,6f3300cdd65bcb5d6aee0671b7440d663a116d13e28f9341e2bcecf2c910ba17,e926214e7c491a64f2390dabc924220d4ee69f9e515ffa3804f51492211497a5,train
/content/section_01_workspace/data/raw/spamassassin/easy_ham/00080.ba42e846212f912a63aa36c7a9ded217,0,e6bc4f03c1371a40ecb390db1abbd225a349d8d1a9ad9f42a3cb40f3431b9cfe,687265a80499db405668480aa02368ab7c11607737ba0debc539a417ad2d236e,b7411cc4bcf41231fce8a03a91a17e84a2f6105f2030febf9d68d2d3220b10ff,train
/content/section_01_workspace/data/raw/spamassassin/spam/00239.2f1370f9cba5ab21297eadb2af40b051,1,b9dbc19b779ac4b66d1b97fa99fbd58b664bf538dbd683f2434ea4710febfd36,7a5d12a4c706367200284ec5f656b248d7e2d9f7273f3b99690af45063a83bb5,4e63232e49c4025896cd6844f95679c55815929a63f4c85d78ef7e62df796c53,train
/content/section_01_workspace/data/raw/spamassassin/easy_ham/01968.3e981a6ec4270b2d9c5ff91b412270b7,0,57d524b069198f88bfb145558d17a9ccd9fd8896a27ee60243a3198fe015cadb,662d0f7990a613995100145994425ba2089bfbea58ad1cf214e15ab2d9d08554,5882fd9a67438c9def4486fd080180ad957043472c6950f1865ff8b5490e62f5,train
/content/section_01_workspace/data/raw/spamassassin/easy_ham/00878.23aea042030421f155edaf41a36b3701,0,321f2ea0b94570a5ac8144cc602808af7ffafa5803814015b0b51b6eea54dd26,aea7e3595457bcf4989686a45fa2e764f711fdced7b24dd96f550887269f69ec,fb53bfd5415446af177325fc00b6c8950b0c7a244cd3744aadb233a274b4d913,train
/content/section_01_workspace/data/raw/spamassassin/easy_ham/01139.12d25b7cb030b26d64d0a16cd3462b21,0,1f0836994bce532fc975fc56470c2a8876b47ff3d169aa341a2e3bb47bf97ff4,69216b97ff982dde665683200d1291f6ade929c6c5d0470b399c23f32977c3fc,b907227f021e79305a96c6b69b933567b73bebdb9948faaa2020844b8cfb4ec2,train
/content/section_01_workspace/data/raw/spamassassin/spam/00215.f571ecd203e8d39296419bffc47e4a6a,1,088531b4c7bc9c2f584d79ecf493cd608e50886c0667a8dc33339c8a28cf8649,1d6afb1bf54de1d8f51745b5f2c9c1bc631a4b2760b3d2140c6ca87bd076fd4c,128872523bac09128dd74e4ff48e0207bc2921745822479359bd0e6997016dab,train
/content/section_01_workspace/data/raw/spamassassin/easy_ham/01204.023682c9961ab23115eef87bb1e15e31,0,bd7f1d9e27600eddee3a50cd3f8f1c94ca1302a731fc4c08136eb4986b38f3b4,92c38a2a263bb83649fdfe917c82719c51181350641122cff80fb5f6c487d856,6ac04463bfdc71279a71c8464dd46bc33d36c929c49631bace222f4f70bfad4c,train
/content/section_01_workspace/data/raw/spamassassin/easy_ham/00857.cea46b6fc4077476d49923b4d56621e7,0,5484b9bb3323986602a9c9fb773c5312ee056a3867b4d9ce214611de22376891,b9a5269e002549c3c33e5665c4fb0d769bce88e04922ef4a7e58fc36e0bed021,cc2e0ded0a982cfdf364093856d3a3b3c3e898b9cdb9aa20b030efe4476803e8,train
/content/section_01_workspace/data/raw/spamassassin/easy_ham/01603.d3522fb154c0d7e5fcaf91d7720c3ea5,0,983a8efaba2233bd86f2ebcc633a05004c5700bcfb76fb995c900413fe78e2f4,6174f33467fd476c05a185e9c39d59c2831625944644eb112788501d5b12595b,34a08fa6caefbcfb37d34d08f62a831c0d29b905979fd116011c297182fc80f5,train
/content/section_01_workspace/data/raw/spamassassin/easy_ham/01348.4cfe9c750b06d2062813ea730233e077,0,84b72f25d930078139b0d8d10d98af651ff05cc566d1f06f5b000505b9993eaa,351d1c3d5b43605dcdfbb2190dc0e0308c6c5056f6e305a81d9bdf456f852c66,6c731b6213122ce441fb9c8cbdb980e37baf53de67111aa38d009a1b99ffd1b0,train
/content/section_01_workspace/data/raw/spamassassin/easy_ham/00863.f20cfe969a2e3162ce6ce19fd80188bd,0,0ebddffa71354d8621c66cc332139e08805759b0f4443c3e6aa0e2769b829684,eb63bf7044a02ef65b4cd5f05d2591955c802e374655e3b64bb09398515ea7ff,80a3e7fb9c7ca0d75984402d1cf4d4ced5de52a5b11966d02d81ca14d94599b5,train
/content/section_01_workspace/data/raw/spamassassin/easy_ham/00847.f752ba326e2f6670fb6fecc5fd655d3a,0,984eb118f2e0f58db032a42ad2417855238f287c153a1b7c631151b21d61709d,5877d09734335c97473ddef699839adf4f0a5610ed8bebb754965eb45bbd5621,45860478225031dc90f1c09d205b3110632edfaa8c43c9316a70195f1c8616b2,train
/content/section_01_workspace/data/raw/spamassassin/easy_ham/02261.cb19fd83782c6695c1172e21a4c72826,0,659b14cd86476bb1242393feb1131f9b27b8adf7eb9f38c5a0df94a764060d9f,86b02484420197beefcea5034b38886a6c46de7de39bfb76e91b3092a643bba9,515344f61ed4ad8b0af517f17a3c81e69d19a234b5ed1385672e5e1c1493e3de,train
/content/section_01_workspace/data/raw/spamassassin/easy_ham/01977.ba3a34c315c74fbc8c92ec2802b59deb,0,600c8f41151a01d1a8710ae047516d84ece163f76fda73e0ab6126b092822b40,2a4aad36cc55b9e1d70c9c1ad301edeb50c207a36feda8f422811034cd10cf31,3cdde94c8dd5ae339381802c4f7cebc535374d1a9a22a9d7dd7232f49342152a,train
/content/section_01_workspace/data/raw/spamassassin/easy_ham/00352.986723b3325cd57e893cfcdf992d59b3,0,1752c97d9c5a0f558fe09c1487b18b1d3eef846ae222a3837d75e0bf03668035,f499f941a72869331a47fb270ae65d8edb96b5e550ee40c07fa6f035bd2fdb21,fa4dda21b4be9122eeec3e51e0a199100c98a83dc72ee60545314e952fc9862c,train
/content/section_01_workspace/data/raw/spamassassin/easy_ham/01750.73b4d9ab83de83ae58707c8bdcda0fc5,0,9ae55dafddf86745a710db3b46ece37c82ba60955c8e4cd45c47cd28836b0c00,3636d98da3c7b05941a665071f0585ff9bebbeb43520f555d6daf8f2451a68ee,a648fb382292b23f2f2a4becc5851d3f726dde20548b4666458ba7cb9ee02314,train
/content/section_01_workspace/data/raw/spamassassin/easy_ham/01901.b9c2a64e9531ae9f0f6aedbb42b7c1fb,0,764a13569243b857c3892c9d4e9ce5c2b1ab8f90862402ee39145f36478bbaf4,0f1e6b52f51c8f7d2b0c7a7e4431a393de4594cdccbeb82ccc1e26d2a1c2576e,f3dc814a3a6eeb4170315a5b9477b550b65269ad95f86f28505b6af8e72df806,train
/content/section_01_workspace/data/raw/spamassassin/easy_ham/00465.772004398b9f98bc63ab9c603b10ce08,0,182f649224427f15334dfc1bc2ba843bc70580e6f7751a301679069e48c164fa,ec2620b25b8000bb295f74e27abd1ec8cd924c44b0794900e89f14786282563e,25dfde0fd2110e39e0c3ef2863c9fad4e68ae6a93e6c4de911595642c8ca9c9a,train
/content/section_01_workspace/data/raw/spamassassin/easy_ham/01018.010877fb4fd12c66ec90c2d0dc36af4d,0,1dfc4fc8df825ca3b17897f2715271f1b420e5b61dba4f3a33ff837ec75dfff8,61b489934e0ba604d12e6636dc86c64756e3f12ebfbe0549ea6df4c9a7e9fd6f,1c4ed1ece1907a39d96a3ec82dbf00948cb4a773448ba3763ee7d40770e67b3c,train
/content/section_01_workspace/data/raw/spamassassin/easy_ham/02138.11d7e5296b32d42edecffd41e9ea4405,0,4272acac8acc58d9a13cffe785e992331ae8cac52e0bf79165b02a98c92439ba,38df73223b8a68e0774ad4202b6420358272ab868dfa2abbc6adc9f5bcdec85e,11ff5a82411b830df1664411b6973796b22757bfa76fe1ba6231f63ede75959e,train
/content/section_01_workspace/data/raw/spamassassin/easy_ham/00021.607c41268c5b0d66e81b58713a66d12c,0,b4d606de851002ada714a91ce04b570ff05dffc90a8d3586224cddd90abddfef,a85902e8cb06b9c8eba1d063e5680aacd1e8295a5a5400d56d86978aa48c4fe5,d0175853e4adef159b280a5a84f1af87e4b2da993b36c9c2ae9f0d6c3067da43,train
/content/section_01_workspace/data/raw/spamassassin/easy_ham/01987.5a551d9f6cf04a2c2465f59a64e5c349,0,f98adcff7d31cb389b162d1ef8db070f275e9d891eb543c88b4e4c4100aeb25a,a12b4502714c24dbf3de44fdf1dd9a1a9648b9fbe36a28e1c076dae7076dcd7e,a56efb988d3b79bf61ecb3aa2bcbfd67eef45efcf11f82c8c3cd891c7a5d5436,train
/content/section_01_workspace/data/raw/spamassassin/easy_ham/00576.36892439c0a6bdd5b4231b639b639399,0,91ae51578528bafa7c836f576e080be1a66bf1b826c4e49bd222112636f267d4,8e9aa2e19ab9e9dfebd4dd06270a2f578aaf5836916a343fa0ba53972b341c1d,3f0aa040cfb25236d2c477517a2648e774a4526f9cc976a1613bf8be73906c5b,train
/content/section_01_workspace/data/raw/spamassassin/spam/00206.0c8362d7e86ddcaf39829800ac40e2ca,1,e7206dfd52dfd3ce4a6918ff673898ab2d4450fce5a1eaa80a70667c9f2a5f83,aa7db98b38aa19fc2577054474564378cb07e3ef86c3b6cda4aedc41c8a663dc,3784d3dbffa17278a772fefe643a8de7f3bbef893f4a4acd1745e923485b2f24,train
/content/section_01_workspace/data/raw/spamassassin/easy_ham/00635.b30f8636725812c0d15a96f31c07f8b6,0,76ddb4979c6dbc37b93344968b68a26e20508d0fd3b6ad1649bd4a8042e634c2,b36f7dfb175ae7af127c86d36892aff2611d8f2fb4b4ec15a3221ea4c90e40d1,a7a233c71da1bc9bb2d4943bb9310940f1bca0dbabf9b412a6bf5141e9c35919,train
/content/section_01_workspace/data/raw/spamassassin/easy_ham/01936.f08c29205773f60e0c4960c32d8ca845,0,9cefbaea012d484ff67d93b714152a2abd9257e6b91250d726b43d3d35004348,1412776b17f12fabddcecb4e8b146cb379edf14c4e3a48ffcc299f1b3d5d9b23,214b4b277313041c4c452eebbcf58458f672d1e827feca56d4875ade8f6c4b56,train
/content/section_01_workspace/data/raw/spamassassin/easy_ham/01255.3b6925695108a60022e1557430f4973f,0,05d2526081bee46844835d3c8de29d1f7cfbbe6871088c4da13ca15a452c978a,6d5fd3770b940af782240efe7e25a09d4e2730bfbe7c0b94b8689b8aca163350,397c9dd907d6c4ff984a74d2a02213eee8242e2e872a53617da6f49f74d1dff7,train
/content/section_01_workspace/data/raw/spamassassin/spam/00322.7d39d31fb7aad32c15dff84c14019b8c,1,74eee9299f3e0300f3b51d5b23932e6a68d96d6b68a3a357633ff73680e96fce,3b9ded494d859a498f0490fd6701a0bfb399373136f737934ced8f7bef7c5280,14bc8df0aad5e98448415032f66b8a7c8b7371121083b76b98de66d7129abfe2,train
/content/section_01_workspace/data/raw/spamassassin/spam/00247.4f7c67c9792706fa90fe218d4b092b7a,1,fe23f6b5df2572caf3a93a1fc9e04d8cd70be0bc5374f4b9718665cdd465d591,201b4ba6abfff3177f0b0757a187362999a19ef0b111943e676cf7b57c7f98d3,42392a6cdd1609fa874a79b8c12ea36731fa21051a715a1b4bcbb5ac1d0d5b66,train
/content/section_01_workspace/data/raw/spamassassin/easy_ham/00608.36856bbc19336f3fd57897105b32c720,0,054290dcc34bfbcdc460a0ee45533e56e35291c36108305c3cfa6a25017319bf,8580de1c49002b337216b7fa30f78766b633a9fe84086dd62c4ca44854320095,49a1daec76182d6344095e08e82817901be79451866120893e75d46bd5a71115,train
/content/section_01_workspace/data/raw/spamassassin/easy_ham/01451.b5a50ca35f50e38d37a2eba47399f57d,0,6fbd7a509cfcf674e6aac30cc008a9ccaec82bb6374f7724d849883fe7fcaf39,3de2351703cdc71c919f2e1a6dd739d3d3212e0429cdb667664d8d412663262e,00771993e2dd7964812dcdf5fa257bc82c1371da1f3768e053c4c4b1428ed2a2,train
/content/section_01_workspace/data/raw/spamassassin/easy_ham/00317.62e22febb8eeb1d0a49673ddd92b543d,0,9e9ac1be1c3f645eb37150a90cb162f8725481daa831df9b6a45581061e4fe02,5f247b76aa18bdb7501a364e83993e89074f00a1d79673e230939911bf88931e,dc96a3bc557d8b84d81acabd303ddfb874962566344d3d655aa45616df974513,train
/content/section_01_workspace/data/raw/spamassassin/spam/00134.9f41f4111a33dc1efca04de72e1a105a,1,1fb29b01f638710d5f2487dd4ca3c00bbb8aeefdfff11635e0f1c9d263f308b5,1f87e6425b6ebeeab46e2a2f995b502169d1c7256f51101dc936bfc329fa9d7f,cf20145d69d7b1d51aeddb01611c704c65d0fb8eb1e2cd8241e52760c658ac04,train
/content/section_01_workspace/data/raw/spamassassin/easy_ham/02340.de68a83f900418f6cde87bdf92801f73,0,432cf157f1d696307cb023b11f39d78e1dd64223777ac0498dbce29f9469d163,08e0a5e4ac0b16ce044a06adad0d72a526e07a3196f3b0e6f32a2293cedebe3c,9cefc6951b0eed5c58be59a25dfd013e9dc5fe4255cf03b811746f9b74a24940,train
/content/section_01_workspace/data/raw/spamassassin/easy_ham/00332.5f70a83716da60e6dde2cc0c29d0a0f9,0,cd4c2dc6e55d0657d471d2a063501a8947cc4a2c88967bf0db3c009230d96292,4de2be06d34490040e770c9a5ef8250acfed8aa3df72a20476cff678082d5a94,0f9566e6075d8ef03670818e3e335f9463340ef5169b8a2a69a30975c949acd6,train
/content/section_01_workspace/data/raw/spamassassin/easy_ham/01717.7b6864b6307973a30ec24e69fc4a466a,0,9c8c35b208606c69ab3ee3d578e6bee1e0d4b3ea54ed8deba998b8ef7979f2b8,49e592d15e98b8c9a6d3448d8abc38acad839b7b2ea20f0367cc74b7a958e977,ddbc5a6e24b16a374aaf5471e64fdeee2660cf2749437fba54f6acbcafb89d65,train
/content/section_01_workspace/data/raw/spamassassin/easy_ham/01624.594e8b3d4bb51222991dde7f1db2e5a4,0,c8468f3a7db542f16c5220523a99e1cca3512d0c416f443b022ead867e28d7c7,1c526a86a55a3343f8ca82c8b91e8736302d102d9fb98fc60be90f2682bec862,885f9067ad9b5addbe5b778fa2704ca2cd4e1bef63cedf3e1079da82ec2cfd10,train
/content/section_01_workspace/data/raw/spamassassin/easy_ham/00091.abb1965e279e4365f1ef31e4878c5d14,0,5cd576051d2cbea9423db1064ad4774fe3f87045ed8ffc1a4b1c5f76974f3fd6,fa4a1d6f9cf1bd1b886f1c429e548d5fad89bb374cdd6944474deb37e6a200d2,ed020286da65d21ce164ac62056ce9539616d3905b52bf62dc35b57b7f9bbd79,train
/content/section_01_workspace/data/raw/spamassassin/easy_ham/00377.6adf708637c5f1dac1822d80ad0a5740,0,5669d3046e4abd1f85500713989bcd20ee94f35509811551a90d5e0033586dc1,f57f9f645526aeae77b5099be335324cff28f9966fac5f52b26bccc0560e29fb,bf3225921b7261ff9a98e178fa675c271f76da683ae685a4dbd467f067d31537,train
/content/section_01_workspace/data/raw/spamassassin/spam/00306.729a42414b91e9b2bddf273c514c50d7,1,4cbbcbdfc0a8432797ba4e7cf0da03359f3e3e37da41e8893153589ac69dbb9d,c70f406325dbbea6f6e747bab836a421b1b65bbec5fbc51b24c526e59ffe47bd,511566dd124f81c31693e73e0722df61aa5358bb6836f088abded23889e73949,train
/content/section_01_workspace/data/raw/spamassassin/easy_ham/01621.877e68b6e88c06b95504693c90cef86a,0,0d95eefd07d80fe6a0fbbbda91d6b075fa705609ac90d04bdd2f33481c457107,561e057a45d316f42ca7a5b9190c2cf0a2acca47f54eb2870cea82731515272f,4935fd1d8e80f93e43007841f9839213e95f6bf74f52cbb611ca3b1d4e882e1e,train
/content/section_01_workspace/data/raw/spamassassin/easy_ham/02303.7bc2a5bbe2ab0578f966b85eabb3a35b,0,0589971996998ac44889a6e7fd3946844a213afc6c47fef9549d5ab26e8516c6,e7b02a5ec9313fa037ea6efe96edfc7eaad47fabc7ed4d92884eab251588ddeb,a78475159c938ae7c649e52ab89f3e0271063ecb08668fcd370ee91c73c2a0f9,train
/content/section_01_workspace/data/raw/spamassassin/spam/00386.6074f269f0bd1aec1546f9e654e8fcfe,1,bf312c076547db36da229c579176903c68d157409cdd251bddf3218727bdd594,69c422bf2c8fec1ee4137a41c6ac8bdeb64fd6401ca04ccf98c69cd4f69d1f9b,c80d55453adb235669e6584912c2b8addf8d0a698cc3fe8bf295e8c4f566e096,train
/content/section_01_workspace/data/raw/spamassassin/easy_ham/00950.552f3425d82204ce19d468127085b7d9,0,5244cbbb53567e2ef80b65b2360b8e7009a25c3f211aa8e68bdfe96f351a1fd9,2e02a66505e2ebb375d8b6efacd64fef05e76bb50c7b991cbc5cd9f76533dce5,dc80893b1aa33d7713c4fde8a7ce47caaef18c720300634923d8b51de859bbeb,train
/content/section_01_workspace/data/raw/spamassassin/easy_ham/02130.88ee51a6832ac1e8177adc4421f6d519,0,4a5aced4809b0e08bf77ee9adb0ffa18ab943a16606a6aa3c6595c59c5b700a3,10e21bd88dfe15b084619921b16da5a92dcfdb01e1213c133a1490e3ab005f68,f217bfda32df539917c7c8b494934d5aa785c36a77e87b47c394eae7eaf7c8b6,train
/content/section_01_workspace/data/raw/spamassassin/easy_ham/01349.dfb652931b4c7be5c825220a319e9af5,0,31047d3801a2f1b75b9df34f807f9d8c4c3780b15170d492d2822244a3a40ab2,448d373d4a560639de77df091df5829155ba0457d42b7605a2908860a50ce700,bb2676cbeb97e199a6b4a7a46ec9ecc53405131ccb9f0c1402680030a306d9f1,train
/content/section_01_workspace/data/raw/spamassassin/easy_ham/01127.979ce598c5cb0d3d68705e15040f5799,0,7e02810839afa20f08c28bdc80a4dfe18b647a591ac799766f93febec0616bb0,01639fc421946a8ea4870e6cf565648da6a292783d2e49a01bc43ebe3b46ea95,4519c7aee87450531e7ef18fadbafa7b5376d971a8146d546d708a9bfdcc82c1,train
/content/section_01_workspace/data/raw/spamassassin/easy_ham/01080.b8d12c010e45434e95f67889e26ba456,0,0d3f93be8c8cfccd8fe0541b518e7a0268c41dea377c3a5f116811e9c944f017,add0d023bbc99502c5c5c2b168012c5c18f63135bac117efe57d61bcd24f0dfc,b5c95eaaaf108bf180c513a43e3b4c6056ac48b2a0f1a903e79aa44f05490432,train
/content/section_01_workspace/data/raw/spamassassin/easy_ham/02014.9bd5595bc7eb6aa723a125b1c4597af7,0,d38a5e7f41331e397f51d072c5d7020a74f44a5d4b5bf0816c78b455b6eadb45,0a2fcd003aeb6f11e542fcecb100712008e238fa44a8e856236c56f5dad78866,45149e649b5a33b9aa49f7b5720cbf2b1c5409eca2ef127048df6eb00248bab5,train
/content/section_01_workspace/data/raw/spamassassin/easy_ham/01055.e1fbd6fb316f80e72bd883198f6098c9,0,40961285210d93ecf0be9f901a07f77bcddbbe5bf5ea9c8ed36882a74d3a0bec,b3e3c0874c96c5e6cf9875098e0ce09da10904a8abbbf1c50c917ae2fd022fd9,7bee2a3f36ce05d8ab3be2152068133ae00afd54045c30035d579f829872fe9b,train
/content/section_01_workspace/data/raw/spamassassin/spam/00487.139a2f4e8edbbdd64441536308169d74,1,2d71596a25b81d3b765edfc0a169908f37383bc8548a13379b7dba59676347a3,0714d1c267e8c732834d792e8ce91a7d730582f5489cf5749606b6d0a1fbe366,cc02d3c0be176708487d3313e7b7dd052a89b59c957d58b94a61afd467617c07,train
/content/section_01_workspace/data/raw/spamassassin/easy_ham/00136.c507301e643ec123aa6e487ce2e2e3e2,0,3285f9d435e5a538c1ccbadbebe48f064952ef5aebacb98fbfce708dbc73c926,f60e989e57dccd6ddc0c4f22761b7bca77e00fd66540cea28802218f655289e7,bc5afc78446d5efffd6ddbe0a3ddc58f2573b488502fa9cec397c5debc2300dc,train
/content/section_01_workspace/data/raw/spamassassin/easy_ham/01952.b1c3aefbb256d7b5ed14a7adbfe46cc7,0,84ebd382209f0f3733d9e3da6c4108334117f510485800f54d1b9a037252db31,1cf852253bb2c38137707f0cf944629f882e6e788d69b112bf6c975c13bb602a,c09c8bd5b3331ea4121d644629de5ed4b9bc81906acb73c95ff350b09d639cf0,train
/content/section_01_workspace/data/raw/spamassassin/spam/00377.e30c013b7392bf14f132258aa82b1b25,1,9dab509f223b25130637881b0f426ba12608c05d26049a7d4db956d676cf1b31,2e8018c28829ae57c0bd62da3b7961d5fdb01c014baa14beb644a5eda5e5ad3a,21d2690c92443b8c381d7dfe11670a085f23a88f30779e7364675e58492aa527,train
/content/section_01_workspace/data/raw/spamassassin/easy_ham/00239.849f683f7532fe3ef85d3ae6cf2d7153,0,a09115d041dbaebad3365da369a3f0624ac4898cd357596753affb67fdc5cc8f,f0fb5e8678afac440e87e9ddd069612d820ec65875fa67a0391cefea5b12720a,a9da704518197c0103ef09db9311fb93e5be21912e691e7ade1d55ce36445253,train
/content/section_01_workspace/data/raw/spamassassin/easy_ham/02396.0a7da4e5438d7316dd2fa1cf838dce13,0,a9467f03828835b9b99e141dd646c52f6c1738510599ebb65cb1515f2ef3a8bb,9494a3e68287ad92c7c0736bceb06d746ae5005ff5749a51b5172f624dce8543,071ff98fa7c9ebc0a4cd88cda455bc5b54ed2e9d1cba189ade92f33082e1ca16,train
/content/section_01_workspace/data/raw/spamassassin/spam/00344.17882edad13c2c761e6d8d99eef5a346,1,b8d04cfb9a91ca2a664697d41cc752b9b6cba7bf9246e083ed3ef09da8c2512e,19d95f7ea0ad8c6403c8b431293491e7f64a5d3bd39809717493aa26554b961a,9b47d9299285fb7bbddc938d59f2cc3c15f3ea108d9727cf36a67a777d46e4bf,train
/content/section_01_workspace/data/raw/spamassassin/easy_ham/00523.9fcc28348487963a8ae5f43c3deb4334,0,e1899607f678a80688c80109e648d2baf4fbe665f4e372d650ffafc2e181ebee,879703f5d02881771d93b2fba0eb3aa2ae8d396a363ef03997872d4f2cb81a1f,e019558fbf864d7669c066d54b28e91d46e4ea7562481f66c8624a06052d5446,train
/content/section_01_workspace/data/raw/spamassassin/easy_ham/00828.709e1ec58a2bf04455cdf5c0c83f444c,0,613812710a35a7971f7e6e97ef7550907c615b7cf306934d4c7daa08563d83b4,445e770c758471173c33aabe28adfa5dc92fc3f15e99c9e2032cb97b62de7f9d,8567f747cd3c2c7e99f0ec5c28b007916de396383f09d92b7aeaa653635534cb,train
/content/section_01_workspace/data/raw/spamassassin/easy_ham/01186.84abe104b1ba13a5fece47a170d5dbf1,0,feae00162175770d903f4e808d60dc1f1626fcf58c8e32aa4a7d247212548300,1f84ddc476b81f650a855598a529fa75b9c2b9d92a1b57a37f7c772d61290411,1678551cadc5d52f6d253095f6144784356b83ebce784fb43cce0e967cefae01,train
/content/section_01_workspace/data/raw/spamassassin/spam/00439.6f4246a5e3336b6ecb5624e209e0b59f,1,96039aafc1b784e56e4e911840125f9d9c8d6d5e5667dd1927dc19493c15e912,d34255e2db8ae074b2362f9f7510a63ee575026612d9df175f6e55c92e68ca8b,91d93c9ee3b0dc0dcf07cbcaee1ab974e1f61481a194aa314ed10d5466f95cdb,train
/content/section_01_workspace/data/raw/spamassassin/easy_ham/02324.939312dace3fd8b6b3d2d1116cd83024,0,37a87297f8d9d02ea0cc94c83a7d39ed827ee0f1663a3bae155fdb87dcce8313,7bcd6a9b6438c70667409d3d3134b24ffb692801a34c84c847805c8515d9f966,178f98c961daef4cd8967c431d8f06a86d52b8df7dfe0d059130092fd1d47d87,train
/content/section_01_workspace/data/raw/spamassassin/easy_ham/02357.8bb1da478aac76b57282a9305b11c81a,0,258eaa7288d6d7ee62f2e0fb37a63f644400683ff11f7fea56bc060b540c40b7,fda1c05c0e9c998fe5e6e46448a4c7229f685fb2d16283758aa97167bdcc149e,3633a829ecdee546060eec12c39a03c94ab1fd9980a13dcece20560599394de7,train
/content/section_01_workspace/data/raw/spamassassin/easy_ham/00530.1a07bbd6fe2438ed2b3f11e92449327c,0,92f0233ac81a594bc9bd584864d9bd09fd45feccabbb207a7e4971622aa2c04c,c2b4d65734e51d455f3609943d7c592ae133ce3e49487f46e582467806e61d78,fb4ab04b46e39cce2b213a10eaab2edaed0931d013772bd05c18596f8f0bc05c,train
/content/section_01_workspace/data/raw/spamassassin/easy_ham/01229.ac0aaae3ef49b84eee5d0749fa140f0b,0,29aecdf1a25f62edd19fb3be93f2dbe148c4be9485041b28caabb6eeda7be785,b295a51da798a04fa3951cb7c14e0dc779eb9e04c525eba7dbde06e25bdd7fc8,abd7c9ace6adc7d90764997b530dfdcb2c4c85568dfebaad752c619c920b5f06,train
/content/section_01_workspace/data/raw/spamassassin/easy_ham/01498.e0d9701d1bf2798b86efb602a44d072b,0,15471251abdb5bf3e278a8839da45c1e221bf95d815fc5b2e2505f7994d09476,9a6a25bdedf31993b1c342f6505d3b4d24f96377d0d99c98f4ecb9f2c7a30486,e33413357260f8b840fcdd8d5cefd98f852f810d4a2fc3e8937d2985d8a51ec5,train
/content/section_01_workspace/data/raw/spamassassin/easy_ham/01731.48b91fabd8e14b220898d3daef4ff0b1,0,a29cb0fd53f96f20de080814d6148277fe015fc29d7fb00f0bf04c5ce6aa9482,83258483a68e070a0acfdcf4981f29e69797198bd63167364db51383b52c2764,3a65f360ad4b86706893d014de230dc1368cbab4e6c45001acf3b54443808263,train
/content/section_01_workspace/data/raw/spamassassin/easy_ham/01890.ca549f2cd53f42b6b70717f051f03e08,0,57030f3fc450031d211f0fcf814f9d6afe3f1cf3905245a61e808a202dacac4e,f169d02f9bfdb44aafe921415513e61bd632b890fb7c110f05566ce0738d2700,0dceec61732fd24be7ce7ad6a1919ad71114676d545b454d19123362eecdd8b8,train
/content/section_01_workspace/data/raw/spamassassin/spam/00273.0c7d73771d79e84e2aab8c909c5bb210,1,94ba1a6a841d9650a57a224973ba33d4d8a1d9dc4960ec9bdbcd5ee3288588b5,378baa49b39bcd59da536690a35119c2cdac0f816b42667c83557e32f562b1b7,1d4dd8e876a4a3bc08503e5190c63aa1d7827a61820e9b1ad8e851b2ee0f190f,train
/content/section_01_workspace/data/raw/spamassassin/easy_ham/01481.cf3798a158a9f359fd048b6a2895a878,0,0c2490c7099b46ab8644540c94f0024ddd30156470c18ee670a7e1fcc80419cd,37b54ebe000a047ed93adc5b50171412fbbf67c3292482849cf8df9c02f49f00,48205d6937d3d4c128a9667d0a8e3e82e86be0c5b76d3b67a03865e14861bf20,train
/content/section_01_workspace/data/raw/spamassassin/easy_ham/02193.cf0b191c8de7d71019c017994531b644,0,5976d654e83eccd94d0e535b2def47a818592c4bd1d37d0d9851fd8de53317b0,8a10bd3c855fcabc4c0e0d5a3be90e8651164385e550dc6ad61a793a02ab4390,753ca202dd04848131f5e23543bf7204c8d1ea1679e3b1cb1704eef8bda3e2d3,train
/content/section_01_workspace/data/raw/spamassassin/easy_ham/00305.4d30f302b0e02fed5944d83cf2de08e4,0,b851ff97a19188fab264a2c08a2f1a0d18572f77f90d9a079e56f4dbd0471d6c,625c239e04d716d236f771ee81ef1d07bccf9af2ed0b9433f56ee94d4d02832b,0bf7c78e3f6dc47dfa9c69e3949ad3f7d97eacd0de26e1a11a34e8048e2ee178,train
/content/section_01_workspace/data/raw/spamassassin/easy_ham/00742.1be305d2baafb0b3699c2750ee546787,0,2fb3c25be3bcb9ea047bdfcb805753740f0df028f2373eb0f5b868e9f82c14a7,01bbc6397e47bf6c89ddb71dced8f2f3382463d3240e515fafe96e43ddb3d11a,57d90ed962257f243dfce3cf9da6c0bd6398f5a16cff8d16a6cc0c2ab757f12e,train
/content/section_01_workspace/data/raw/spamassassin/easy_ham/00404.fb2c69f7df37b12bc62737254d0ea36a,0,7f1a78bb11323afdae0cd4998667a2263d8246effb386369c74963095df2a587,fa1c578f896ea046250f4665b5b75d6bf3666b5bdbcf9252b1b627a33714ef6c,b7ebc62f1b3f48f86bdbd2a0b344197f7b47d97f1da7e4501a02ec79ccc56642,train
/content/section_01_workspace/data/raw/spamassassin/easy_ham/01704.7f2b82a41322fa94c43a0dbb75472ff4,0,9b3a410456f48bc8bcec714c045f6052af282ec70e89b7a7593ceb7e3f6cdb87,1f7a63093c74c4c0209023095f027fd07571bbf923dc35d513877728c0d9552a,e4cd970f5fa5f27672983366ce451096a3bd15d89b892066e8007a1a750bd799,train
/content/section_01_workspace/data/raw/spamassassin/easy_ham/00823.187ae0372c96a338a86a19fc3215010d,0,b97546973e104d2ef7b60e68bc004a82725509667233690671e3b17f7b3d9c18,e4f59cd438a0b2f0c62ab076f27291e8edae7529dffe4b57b87ccd9415fecd6d,6c5ba652f72c3707bda46112a5edd88398f7be1e890c1cf71502c55b960b3139,train
/content/section_01_workspace/data/raw/spamassassin/easy_ham/01442.a81b9c1ad6e37314caa3068a26ca203e,0,98d59c0c9fb791580b8cd4db4bdec34daf47dc546c72a24fa81799266a1f0bfe,8418253e0b0cac1243786bc1537529af682f15dad69fc8ae0594e404c8033875,d61f33d5bfbba030020c12376daf6d21c58858063db80b27ee85a56f732365a7,train
/content/section_01_workspace/data/raw/spamassassin/easy_ham/01143.77077715a838bb473dad6a466d2e2403,0,a28c3f27fb8e660cc176f60a443cc0a0ff14951569d8ad4427abc188e20d8fdc,1c6074574c5d6d062beea156699f160966363b00d1700a392e9b2c5a2de41863,104320637e8da097ad70544a3ca2bb67c3eb52cbe4fd156b8a03a2bb10c0b1de,train
/content/section_01_workspace/data/raw/spamassassin/easy_ham/01819.6fa6ec281b4b77dbe5e802748882249f,0,d25b1bac317dfb768a3cb24f37adca25aa8538dab502af9c98d698b53ccb9f5d,636fcd2aea3fc4bc511b7a319e33a8d4c8ba3c670da052905b9a4c74dbc75bb5,e243294ca21ec691fdafaf155f203a1f4f0be22fbaa40615c7e4b26cf3ca4710,train
/content/section_01_workspace/data/raw/spamassassin/easy_ham/00451.939a31fdd3afff7c049dd3224ced6261,0,a6031073731b6481d9868c18ad3fd0f9763636b3b18dee1ab25374255ef07668,7c76932b42e7c8ef05f8b68618b355a806867ff9d74b31eee36fde9240c859a0,161a635d9b11898a55057cae4c9fe7cb6a0b49b7bef71d44aca7b0e9b58ae769,train
/content/section_01_workspace/data/raw/spamassassin/easy_ham/01339.363b1a2eaf356c7b0972c1b81b1db5d5,0,4e2fe8b5243c7620e58fdd6fa70c8a71734375cc8689e624cce57ab09f3155ba,d3aedc96227f7b14c7c6bc618b1571b50bb93912182b1d882941b013c1ef42cb,d03c0b4e1ebacaf3f83d7b6c8d5f714aa0052c8e81d56a7a670c5afa7ecd4727,train
/content/section_01_workspace/data/raw/spamassassin/spam/00241.c28ade5771085a8fddd054a219566b7c,1,ba39af4388ec0d8f7592824e5f22bb61e6c71712a3ab5a7e1e92baa114c812bc,dec3d7382db68d876adca20888ba702924d4c2dd64b95a5f156ed29424422f6c,08380a07ca19f90f00110d8346dfe66f643af6956da1b09d9075ef77668db776,train
/content/section_01_workspace/data/raw/spamassassin/easy_ham/02008.457f36e690db26cbdfcffbc4a97aaa86,0,2dbb53ca4a2bf34c4381c5dcf19ab9a9ad2315492209a7cf8749ec9123c10469,f966538fa89e5d8b081b057b2367c8dc3f1b5dab4e19e4003e4d7cb02c880e40,d4050a48ad239feedd020660f31dba4430dbfd1872dbe5784165b52d89344957,train
/content/section_01_workspace/data/raw/spamassassin/easy_ham/01554.0aed12846b3981a2a13adf793083e4f0,0,d81e1a3629ee73aaa1530667fce83c6942353e1209250bc9cd5f0cfdc2b3cdf8,4dfc627a41371c3ff982690cb4591966966bec20b308d1eb11f010533372d624,2c521cdfcff00ef7a1f64558203bb4edb76ee65a8a3bfe766836f6c30e9745e5,train
/content/section_01_workspace/data/raw/spamassassin/easy_ham/01677.35908078146d2d19fccf8b786aa83cf7,0,36ce38cd2d5135f6ca396ca5ebc19dda935d585d6965aa8c83c58b501640dc0f,668977631db6fbbb0c0de9eddabe6db84d40db9cefd047669afd146745388089,877b01e8c70d367dc5697a5097bd24c6307ada6dc90f55fb17905b7111450548,train
/content/section_01_workspace/data/raw/spamassassin/easy_ham/01417.ce7b07a2114218dbac682b599785820d,0,cde1f307db45d49e16bc307a14e5015d3e9fffa5299aa6f62453d83d44363e39,c1ef5973a30a1a74cdadb13837186cc5263d9676e0d66eda73e084347a598035,6006aa17f31efb03ab96976cc34db9737042499197597ed2912a7211a8b68305,train
/content/section_01_workspace/data/raw/spamassassin/easy_ham/00416.ea1ffcacd8dd84214e745d86a5013115,0,9b3cf7095a3480fda34d43779a94c99a1a11072bca7959f20cbd994ca278262b,c992c055f83d9cf37ad1966d341adfdc3840a908c482e9c1d15ff9f9dd1af0d9,002b1ddb1aac366c9e8348109cfbaa9fddc56ff61fcb47b0849c5151d09d32e4,train
/content/section_01_workspace/data/raw/spamassassin/easy_ham/00622.80ded6eb7b17a2bb45d502b85244dad1,0,64a43111925b9ff4028ff0e4720e002f0e848560cbce843740d17c7273d8c2fc,6360921e9a0268fcfc4c63ac3c00611bbec181c10619121e98b00154a7c04600,c9850238f6f1dd864f14ad8fee77bd7428c1fcf7f948346ea98cdd82e210e0bc,train
/content/section_01_workspace/data/raw/spamassassin/easy_ham/00656.7d0db073b656ae5ecd234e0c59e97623,0,073e4d327baebad72ea94ac0e14a0b37aeab9b8ee5d9569c0afa4b6be8e20780,eb40d06880464002d153c5d2a5177d79f7b738001b2e1a9f85a5f7a285ffd609,8d884d92f21445ad6f46ea0c26be9e1d5ecba5b7d2d65f3527dcfdfa9a52ae8f,train
/content/section_01_workspace/data/raw/spamassassin/easy_ham/01130.616ad0cc28de13b6deabe9dd13d0dfe0,0,6e66b2b376ed94e582f551bd7dc28821515f6957b3d9748d29d5812094d8cffe,0f7998bdd0eb8f8e38eec76fc992dbb4e02adabbcdd62601cb12fec22e572681,71d0b8b25a3bb755ee509e408a1d442173982e7d19da0e600899696749228002,train
/content/section_01_workspace/data/raw/spamassassin/easy_ham/00218.17547ce08d682678c539484cf094982d,0,a88b5dd18bc4d5c30676eb2aae3e56184a11da506c552e60e709ee0cd67a459c,bf925f094189a84e9cf084d49614b960b2704f9d2704e74fc862306b523f0a09,6d9fbb99eaff2a46e1ac483b639dbee50be65d8b2c9e5dd2ccab708bd238c07c,train
/content/section_01_workspace/data/raw/spamassassin/easy_ham/00150.a4c5a8aaccd6b54f1000e9fa02f53114,0,5e72357bd3ae8eeb1534f4c225491b2c4ebaee1eb1cd638d215862acfd5b0495,6dedcb5ad26d1b7366e8729979c44090a98b0a1479ff51ae7d520083da373446,49ab773a0ab7e1b250665e1f09520edf1410cfdeee11b28547fd7670f8e70d53,train
/content/section_01_workspace/data/raw/spamassassin/easy_ham/01733.7b8c9da065dd15894b0c6f851ac461e8,0,6b9d6e18ff4682cc08dc0fee4c96180e344cde20fa6c075694a2f4a4c7efb95f,8c1a88179da4f7b1583387d84b1b6ecd592da950a9336f0f0c5477572ec7b59c,2d0ee05a5081c13a862aff3b33794b041ced26e91eb07eba4e06736d3de448e2,train
/content/section_01_workspace/data/raw/spamassassin/spam/00070.ab34b6c044a55bef3d6c1f64b7521773,1,81bdcbe9c3695722a33ea8a1b8fe4a10e2179018a8eb1ce598db11c1d846daaf,6ad8c517b27ac212675415087e8ef3971c193b773276deee8d923a2951b02b71,e988f9c8e689d7f583b4216cfc84d615b9657d982c575a90538d45eb8d488e4d,train
/content/section_01_workspace/data/raw/spamassassin/easy_ham/00144.a6f12b97adc08a63ce541daaba0b0825,0,4a893935452266a2075dfbf3613d8af6c1e68b03ee9977c2ad1ba14535115bb4,51d8f520fdc484db81f479297961f40c2ffbba72bad07a6ac752ca2e8f5d07c4,2b92925b2ddcba003f9c95acf47ba510e8e1c2c6e4d3bec93de2714519137110,train
/content/section_01_workspace/data/raw/spamassassin/easy_ham/00456.6932df857bc1b0c8766e5a9794d167ba,0,55ceeefe140fcde28449a6daaa2f4f7a09d6d1fbd0890fd6af4db1f319edf868,43984131bdf994fc948ec24e0e2eb33d9ad4dabaade65be224227aecb3944b7a,1fdf06a48c588d6dade3660ca1d730154564ebfa654aaaec02d7180199434e9b,train
/content/section_01_workspace/data/raw/spamassassin/easy_ham/01882.2d19f172c5d4beb01b16e4106ea6fed5,0,6fe7c6f78f7296e29c1fbd79e37999ac6d8754602952c46e31402e32f3aa112b,1a3793142f1180cd31e79cbd60889e8977cf3f22fe8a74daccf33bd236787967,068197e1bb5cecb17ec743d833d27157312afddac4fdf939441d4de81acbc35c,train
/content/section_01_workspace/data/raw/spamassassin/spam/00420.e208f7d65551c01efaa3b4ee4bc4df3c,1,dbe789072980afff094e7a9d567f18ce8c5bd3174a5031472064a082ad78ab40,52601b44195c30b1eaa2e86e71c36ea15394a1247df5cb29b196430858805d14,567408fef9b56e10e5f5d5978baf36a9c41687dc659ed9cabece39328b4745d2,train
/content/section_01_workspace/data/raw/spamassassin/easy_ham/02064.8479a2ccea9f9f503098cd53601ca0c2,0,3c444916bc6d02d72225a85fef76f76067064b6b33e530cc2ec65756850ce27d,a8a9896ff74bc5c8276361e3ce80999172cbab80d48a3c09f99ec4db7388c422,9a5be4618a9c59f7e450351a15945a0f2dc289e49b90ac1961039fa3ff6a85a2,train
/content/section_01_workspace/data/raw/spamassassin/easy_ham/00761.b4bbbb76fb1fa8407236f5cb167c33d8,0,83f98b22d76f6cd240edeb2846f4a4927c5009fefe1c8681c0aebeabceb00be5,324aeaa60a1cee917059d2ee2e84ae56f767693e4de5913bf94a7330b5f28342,99a37be318ad4bb37217bb84457c38c07f8952e85de0feffdf643251e2f632e3,train
/content/section_01_workspace/data/raw/spamassassin/easy_ham/01726.1c598ff775a4de81c391eb9bb738d0c9,0,f2841b07f50aa76c133c258311b8c0611376f78c460f09b88dcbbd69156a2dd3,282f88a08156fc3b2f76df76f8345b1690da7e625bac178fc61d9c2b57f39294,4f1ec0c72ead3c96bbd56ab126901af455b30fa1121d2dd285478e8dacfba879,train
/content/section_01_workspace/data/raw/spamassassin/easy_ham/01610.b932de9054af897c91eb2296e8be689c,0,40db723ed6cd47d137f7314ba2cea0fa6b2c6dbad2e2be1f875c28dbeba7a71b,9f1e5aca0d42ba6eca7437b7bc797494a0106a84c9d30b3079b53f754642f4b5,a5367592feca184f49ca6c4804d2727e539907e0edd31da61ff8c22ea855a7a6,train
/content/section_01_workspace/data/raw/spamassassin/easy_ham/02146.08b5ca9cb17ad30a0295e17560307aeb,0,6912115fdb4a85a810f176d083579e858f6d746e0d96b405d48085704b8cc8ab,a1d04f54037dc052a3fe075925567a88dbe7b4a8ab20173b84535857228a3f5a,59d0c7fd995298c0cbbdc906b7ab67a20bae313d741f52a40bbf56d438473380,train
/content/section_01_workspace/data/raw/spamassassin/easy_ham/01586.9f27ed39ecac8ed15e18dc166e930005,0,962934e35a6618c8981de2deaa0961228fe6c6b3fb042b77cbc93f2e4f4e69b9,24780ab73254153d36397326e07208b86e77bd252636ff9a7fb9f921f15ea9a5,dff4dbe0b00dbf3fec3925e7df4bf2610bcb14b3611b1fe0a752b4e359dd074b,train
/content/section_01_workspace/data/raw/spamassassin/easy_ham/02376.413750be8a48807a2f7235dd48867fe9,0,b7735c9aa518f0ca8e43347c8f224d6f6d002697b0eb40af9a37f493c8ee8799,49dda1a9cf572ef19e089fc823258550d7680c0e8b872af2906d5699671ca0e5,f507e8cf56f3ad763da4b90bde0062c9036aaa613266c9ad8b86251fa05ec8ad,train
/content/section_01_workspace/data/raw/spamassassin/easy_ham/01699.235f7aea351e2aa201447c134468f723,0,8201947903441392aef3c7b2707836e75e0cd4b96f76378d2d3bc41c0d23409a,6978240949a16346e9570a9596016ed9791df349692a1ac32738bf72ba7efe7e,3552263d441ee89b7aa0ed3c87b3dd644eec16a3babe9f875e392d7fe4d704bd,train
/content/section_01_workspace/data/raw/spamassassin/spam/00196.dd21040c7757d477c967ae71b537810e,1,79c971d7e8e4e251020f43db2f09f91267dc3ddf58621b2bae0ae73aec1320fe,6cdd3c1fcafd843b239cfd7a472cfc4a413f55773acabdd065d596064031dc4c,9fe1a75c9699854589bcf2f22f2d290901ae4d1824644c0930af80e0b558b794,train
/content/section_01_workspace/data/raw/spamassassin/easy_ham/01777.847e32367275b88c4d83c54288486c14,0,745acb5438230bab7a68ee6ed1bcbd23c1eabc9dfca8d6f93e40e4c03bb3b404,2d1a24df63f05d08deb025625f7b97aaeaf31076931cf338182fc7576f86361c,cfa8a97ae261da620237f8ffbafb6d1e4cd5b69d02c99c3b6b82e31b003a473e,train
/content/section_01_workspace/data/raw/spamassassin/easy_ham/02370.7d8fb2144e17272cb6984c42af313d9c,0,4adbd640aad026f012658d413d47f572d0319d26257874c2972f313dd689bebe,285affba5e7fe2b3031f2858d36c97199a2690b5365c61b942c10ba3baac22b6,674280450caa621ff62e31618609018e223982c03e9d70681619223d0b3d4f43,train
/content/section_01_workspace/data/raw/spamassassin/easy_ham/01326.d8a709dac6b1c32aa355f0556350b4ab,0,574ae5fa4c7903ab380c9061e9620876b2eafbdf6d7b72bc7dbb874481a2e1b6,8fc0874d467c785c7249cbeb175814b1ff1b978929853362955c8f105d728a31,6beff085c8cc2de882c6008ed65d72748e53e588f3abf31141d66b6110dd3083,train
/content/section_01_workspace/data/raw/spamassassin/spam/00102.fb09d2f978a271fba5a3ffc172003ed9,1,3d510681714a5bcfa2a0bb25955eaea4a585260bccc9c06ae2061ba150923b8a,119ad409d5247470f5bbe6a36d6dcf1aa4aa163017fec950927c54fe2252bc90,7306a0f045372827a754bfea2711343c2629f6a8c2f892ef3fe6645fdab85763,train
/content/section_01_workspace/data/raw/spamassassin/easy_ham/02459.e4b0d8c4b8389ac7b907935718f694c9,0,27cf689439ad50386c77acfc493bd6c394616e4620921850897308d01b6bb2c6,7df3e93acfa8611ae8d5f5330cb0e33ec7168b99db95589243599a554f1ce2bc,34968fd660ea7a340eef990ad617f4a690840488fab0572149abf2f09d1b6d82,train
/content/section_01_workspace/data/raw/spamassassin/easy_ham/01232.2f44f5a2186e97cf4d65cf191d98e646,0,db88dd9128074da63a0dde2fd91eb76f4c570e3ed4b73486df3eed58ab1407c4,29d20eb08fa0088ff0a0225b0401663c01f27fd81c6d5012c395f03374639bd0,bedc8965d9393bb53cb30d3544a2e4926a6f6101b90e8c48264fdb4c4d9eb694,train
/content/section_01_workspace/data/raw/spamassassin/easy_ham/00383.5b3e8da8353f48bae364fa900109c027,0,8b2d388c5fb8b5c48d9b54d6b4cdd7fac4c9c42c7b5f6583848eef843424d10b,2c7dd9680174cfc543d8b748394cf9ff66bf8906b275cf700a8da2ceebb6f217,18f852d712a5e4bc3f82825fb5ddfcae1c7e5294699b471aafd52024775ccc64,train
/content/section_01_workspace/data/raw/spamassassin/easy_ham/01318.db11c5ecba49aba4fb12fbead712f815,0,b185b5cbc8ddeb6e0a5de48e98a4457a0e6730360272df075681f0c99ad3fb6a,fa28549ae4d9b0eed8abc6f098d4fa1e1445e2b39207f73e7d7f4b37e215e3bc,a987d713cc390e8dc39150efa5e901ce6a2f81392fb01d88afa80c3411c8307c,train
/content/section_01_workspace/data/raw/spamassassin/easy_ham/00176.69b5e43c0fb4a313ba18a91c291b3bbc,0,865f3467d27aa1fbae6c1c97d5834e8e0e3f6e518a104222434ae5ce5c50e306,ce8efcd32f6b6958a5615eac7a6e87309f4e308b38f09da291485d07754df93d,b5fdbdc598ccb8efcbb5cc7dea33c54ce3c95c63d656aec1305a41352057f877,train
/content/section_01_workspace/data/raw/spamassassin/easy_ham/00990.ee34876c3873d8e6197432ad9c558429,0,ab269c92dde9d09023e9e2f5a1648da51d73112dde19cec616d6679d436c9d81,56835fab20aeef4f60338ea09eb54402ee498fef03b9ba7be6efd86dcf1f18dc,2d65b73c52700ef6241437892f897f1effac2323d2a84374b15f344792477b3e,train
/content/section_01_workspace/data/raw/spamassassin/easy_ham/02394.be97a45948bd954bae8fe8489de926f0,0,515e4275acf612f7a94cd31f5f7f20995504d4aa5247b0c1c15933f9103f2162,0ea07546e8a5338b5d582aa5631a56342aab3febb340cde9aa4c87f792a52dba,2e99b9eecf7a5b5d974d67fb8f2fd9da49cd562d07e4fbc950a8e8888fcffd2c,train
/content/section_01_workspace/data/raw/spamassassin/easy_ham/01491.870d988a32a3c80dd577625de0f2b708,0,ce01fa1c6f20cbb36d4e14c885b51400186758f223b4e5c6881ae6c9b6487119,7c6a749df8ac4ac2fcd0740a17aaad7441dd58dbb7509e8e0e287dec5c49fc67,68184b22ec629d1680a63b94f5627a6d8b0a760a0fc7a926bc13e23298ef36e4,train
/content/section_01_workspace/data/raw/spamassassin/spam/00052.edb775ef7470f35cd593d07e5a0466a8,1,de7a6a7fee398d01d4ece1bad852a00b0667f1f37d57f849d611f0c42442a813,be40877941961d067efb5d09fbdacfa3053fa62c7ba27e76313fa007c3bcad6a,f479e64daae3dab5fa742f1011626fd781678b06c4b6ce4a2cf47afa1dc57b06,train
/content/section_01_workspace/data/raw/spamassassin/spam/00145.0ec326fee0570953d684e40edd3fa7b8,1,6fffecfd934db99a6f63d785abd284c7964ef16f2759da4073efcad1260132a2,2ac3f375322f30e1c791989062ce6b5af8369f11d9710490bb7068fe1672bf78,d1d0e8455738a16055d36641c85b85fe9a02cfee627b1fb16a134ddcb2a600c9,train
/content/section_01_workspace/data/raw/spamassassin/easy_ham/01069.a94a9df489c4da9bf8cf3cbca70b3e53,0,970dfcf1b4bf1e52fa5ba53135355841859db837fe6084e74e7f93d878e127ef,e444096ed6fd409e3ed82aecda4ffe0a62cce81341ff51a6fce30c534a383fd9,4dc0544207a3147fdfa50c974d8e01acbaefc35102a01c4084f6884281b48bf2,train
/content/section_01_workspace/data/raw/spamassassin/spam/00412.700e6d74e5f886eb75017714a6aeb735,1,6a8867dfa8a9012452ced0baab5814e478cfa19c998013b269fbffdfd9c98ff7,75d6b29e3e0f9ef4190b47cbd2433da0d3aac20caa1c59552d92acaec27fea3c,8cd74a4251d6acf85cf9efc9c4a0d56417aeca791d8501e17c8d8187a2ca3ac0,train
/content/section_01_workspace/data/raw/spamassassin/spam/00411.fae7b15cc1f966d92c2cedc872893268,1,fdf38a01c99414b62c1424280cc9c6187d3ba984318bc98ad6417241a164cdc1,98b0fcce6a949e506ccc883971d2305f902b318bb4891a91f61db2e774f0e391,6e38cc0561ded7ab364b45c34d88132631b377f2a80f5d55a5a16c58a0cbe2c9,train
/content/section_01_workspace/data/raw/spamassassin/easy_ham/01783.8eb2bfc28026b79260080a288a8a468c,0,4453577eec48ce8989c2cadedcaef163105ef93e40b1611ff2d19db7fc821ed3,1baa840a8abc6de0f347e090295717d1a9875a87d860322900b106e5523bb90b,e50dbd6b78851b51b6e570a00cbfc9d6f3ad12fdd084cc13358e711397a990d8,train
/content/section_01_workspace/data/raw/spamassassin/easy_ham/00025.d685245bdc4444f44fa091e6620b20b3,0,92b5d82422efc4ecfced8279d53eef6fae7a056ffbbfd0980b42bd5f79714a5f,d8112b7c885ac839911d86d00e2c456eb75021d85fbde8bdeb4b12d5223bc827,e2c429b8818688d0615b17dc4f29283b435546a0130dfe1c0bb01e185f0e8de6,train
/content/section_01_workspace/data/raw/spamassassin/easy_ham/00818.02224a14a25dd7014fd4f48518f48e5b,0,66bc1c813667c1a59a80076ebcf551a3c53c62f41843041a5cc3159a3c7b6871,e013019c2714be68a5e41271e846575be51b527d3ceb5d7de4193c023aa15f2a,138c1348e7dd2d029d0aa972c883e1390af594000bfd51cf8d2668cfa339288a,train
/content/section_01_workspace/data/raw/spamassassin/easy_ham/00310.66b26e342f980a716f81bb66e9b28c92,0,613aa1d640ed0ebf44df48b01575122a05c31eb405d6a89a43661993d96318ca,0ca50adc9598f6b75ac5bb10e3dcaec55fec26c4705e95341c506353726b4c2b,7c6b932b6c6114835062a6984f042ba654b8c3876cbdc4e1fdc26eafe51adc4c,train
/content/section_01_workspace/data/raw/spamassassin/easy_ham/01175.1cc3a3de60d72ceacc94ecd526d8bf7c,0,7b9a70d0888eb1c13413c09a5b3edc6c2a3c14513b51425bd2c5cd9fd6dde360,440e1cebb444c73aa856db79bcdb5af750d478a07070dd52517358081a13b30f,3fd9ee587cd3d09fa26e30a3012f0b46d589a350e9e1b39796fb03e78a47af63,train
/content/section_01_workspace/data/raw/spamassassin/easy_ham/00565.4ef76da45577ee17827cec345ac543b0,0,36836bc04c7363fb8329a15ec6fe14416ffef13f36aa01d32d6bf74840ddc63e,553955f70d7db98b5ecb9bcbb9c3032baa2de51384640bc8eef8ef44762e8e4c,9086f219238c7d7c960d3561ccdc53cf4a61799d48a2eeb1fb89acefda3a43d6,train
/content/section_01_workspace/data/raw/spamassassin/easy_ham/01162.526ce617b7abacafecf4fc1729c49516,0,4859d5a87809a3ebb57899c95ba8e9cd090d1160914522f492e3c9c20cdfe1bf,53d5fea978bed1ffb936b936aba7be11a4fd9b189aacd8d6336da2a23380e846,8fc3d98908b017d5fc1993fbfdf4bbc16884a637f0cd9fae7fcc336aa3cec9d5,train
/content/section_01_workspace/data/raw/spamassassin/easy_ham/01112.bedeb8c24b16a1351dc11e6d16233f9a,0,d4726963db7fc5f18a54a08a23a3d19011becdccb52d54267969d4d56f48b942,75f00a4b7d77e861fdab1c0bdf7a9fef68149392cb1610a1199edf575bcc586f,1d68c710b1573e60beab99e7fdb89f703a0d1bbc5a5fe02e9809762675cd52dd,train
/content/section_01_workspace/data/raw/spamassassin/easy_ham/00907.647447c8ce096234074b65ea25655a10,0,ae70daa36d30bd2dc44029cd30d6bbdac9922110e73c73e778ec08a367928fe7,fd9e4dde8d36ba15c9eb21a42a2fab9072662ee6fd17e362e950b67a50b6ab07,1d95a76ac0e07671aaba37a789396c7fedbcd55220e2ff3b47ddebfb078a554c,train
/content/section_01_workspace/data/raw/spamassassin/easy_ham/00648.d3808dc202cff72d0326d74d23eaad17,0,738b02fe2317149c890b29bb366aca8e565939a32779b8f306a17cd32d6cad19,d5af20a36e2ba645f0c81f51282e86c8409b27ab1cd7e6d11b286a815a1db97f,eea853bcf8fc4feb6265401774ea841c05781730144df7fa61b44ebe8d325fca,train
/content/section_01_workspace/data/raw/spamassassin/easy_ham/01213.25bf48d2ed386aa84360862062fc9c54,0,7abf03315a703dcf93e47760f67cbbc7be9469a5ae34af026cb7de7cf7631a4e,37722cacbb01c41cbce0bad5e296b6a20a9855ba8c6a9649c0d9d222aa25eee3,aefe069d639bf83e8ec77871391400c97a76ac9bee0800ef56bb1334a68ba8b3,train
/content/section_01_workspace/data/raw/spamassassin/easy_ham/01844.291384ad2b36270505f0923d501a0c1a,0,21cc327f6d4a585fdfe978452448cded3101156d4a98bed39ec68c1f3573b0ae,e9469befab67d407f03693e9eec344db8aac33d4156d036f70f36a6eda93f528,a5b6b47260513393e56fc4a11412e2b280325b0786650f131de25878d367ceb3,train
/content/section_01_workspace/data/raw/spamassassin/easy_ham/01916.927341170e7ab60892b8ad1294be7454,0,ccbad0ba454f2bbde3ba83878b74a9d82c2034eef7eb78fa65429023eeab7f31,8c64bf2f5a9fa4d2a30dba5d560872d95c40ef1eae7261f7052a570621f249d5,c1caa9094b34b4eacf51eec40f74ca927c1b8365e703ee5e3299f4244d8be90b,train
/content/section_01_workspace/data/raw/spamassassin/easy_ham/02031.b9ff23aa908548b80f2a19f81b9fa700,0,1fce20c0821bcf339f57568ead872ae061c978c4f1cfbcba140fc80939cf0fb2,db686f14fdba88d6b3892359a8a9fd0bc4547144de4d060ed3553baa1e257124,acec8fe27fffc99513ff8016e532e5fe775976d44901afc0b00d569cf4f53189,train
/content/section_01_workspace/data/raw/spamassassin/easy_ham/01407.5388b24c7941469cb0164922cf67d111,0,2f21cabff7602f17afabd0b4c24d35aa54676294132f32472d714f8224437257,ea48bfbffe7dc7c0511d1909161651b845a39df8641b4a2b99ad8d02f29f6a0c,72e526afd73a5af4c0139ddb559a6c65cd49d5b1c9d92a38629f0370f454340c,train
/content/section_01_workspace/data/raw/spamassassin/easy_ham/02439.e0ab144da5d5f95e6accf8d8a84f5fd1,0,c2622b67b8e9e45bae8a60e2c955de8c08ae79486b3715d51dafb0cb4d06d74c,8e1233d7a32b7afb5ce90e06bdbbaee18847755d3c78d5b80d43eac9399214fd,21999275a8c6e4ceca8ffaddea0863e490c98108230c3899a34748afb617ed75,train
/content/section_01_workspace/data/raw/spamassassin/easy_ham/01244.b9cb6115cc7d56d7cba71051834a4d06,0,03154725539d807c85ca724ba735c11fed77d631e66d0b8b53b5479d757a671d,5600f014cb7382894d80d7d66c3881252d42bc0ece3b2fcd2646715a4467dded,4308c2828481e7e937aeb66a8fa095d363d40fa77841f2fd028dfada5fb9ee5e,train
/content/section_01_workspace/data/raw/spamassassin/easy_ham/00219.642f44312e1eaf0fbecf90d6b39876d9,0,f92f08d38b2ac22a63209816de8f9caad79e3f53c20d47f601f87103dffbb798,78fcf31e6295c84b94b0c3aedaebf9321c460ddc22701b4731f00aebdf6aca72,7d887cba8ebb08168e450bc63ca079a57572aa0d88c2ca3450d1e718421f3e37,train
/content/section_01_workspace/data/raw/spamassassin/easy_ham/02248.63dc24958fcab409ff3ea0484ee44c4c,0,5870129c19ed41ab3c0c16e39f9037fd718b0d47617656cdf709203b8cc79165,1d45165614f9406b89f02d7fe5bf636f0d67031cf41da7a90cbdb409d7828f0c,bf81c3001d7bf130df978a6619131280a8c8e3f10f10eb8be0a1162ffe8db82b,train
/content/section_01_workspace/data/raw/spamassassin/easy_ham/02453.ca217660d72de334fd254a8ef39ff7d2,0,e33a3b13ce8d9dcc3b955727fe9a9266467868cc5a8ce69ef0e0f3db6a05ab8d,50dcdd5e8965cc6bfdd1a4cfedf2fe0a0e4fc4c0a9f430d5ec5938118fb1905f,82cc5c8d4b6e13bbf2fe80b4196b7f5ff346ddb365cf922ff65138289c5c6352,train
/content/section_01_workspace/data/raw/spamassassin/spam/00058.64bb1902c4e561fb3e521a6dbf8625be,1,b8eb3f9b9c13bb24d261a6d54734dd9483811ba0ec9ed659d8950860966a4c72,d5b7ffbad5c74cf3df0cf0a3ca7cef43eff4ad2e4b1322ad0fd8c5d56c71dcf7,2968e2a33d703ff6f348886f8468842547262fb11927672dd0c30f8dfc6b1c94,train
/content/section_01_workspace/data/raw/spamassassin/easy_ham/01316.41c15382cdd5ff4fe78ae3484ff1dc6d,0,abc1bde0001d8d8a44b9ef5816c728c371ea778ae79620bd0578653938c00ddd,ca0d8899e77fb53a357dd717621d96703e3594f6648632a9fdb7a000bcf3a778,30618df13b51ff27210a504df3fe69ec46a567fe9fbf2947acd01d7417456e2b,train
/content/section_01_workspace/data/raw/spamassassin/easy_ham/00561.4fb75fe802e36488a6acbbcccbcde3c1,0,c5a10430e55e0c33eeab3d9f3634267d5d6effb8747e7a64f045226cee0059da,331e4a7dbe36eb10431f7719b8de8eeb4d8c1d7ca982d6ff5f43516e8f28cbd3,9a42b1367106e494d0d41f30662bced78d9d54e59742efc8520c37e93d47c449,train
/content/section_01_workspace/data/raw/spamassassin/spam/00056.c56d61cadd81b4ade0030c8dee384704,1,fd88ed38f0e624ac6320117d4fee8ca4ce2003662a0e126921cc86bc0c96acf2,9ebacad0cd371040c84defb390e2447f1266db6978b8214104ec1ff7eb3a92a6,a8f9e7c5b38cd4a8556209ad49e5814eb0cffc96190bfe1b853a1f6d435b2e99,train
/content/section_01_workspace/data/raw/spamassassin/spam/00245.f129d5e7df2eebd03948bb4f33fa7107,1,207c6a729a528d63331ddd7d4d4112f1de5223a6a099c63683549738db1eb38c,9680a233d6639a7f42237b2b57bb223eae8812b08e39ff6b3b8af1a644a94fab,ad781960a30f6c8fe35fc9ec06e58012eb957265a769be6fcf15b8aca1e53de9,train
/content/section_01_workspace/data/raw/spamassassin/easy_ham/01885.55d0ff99f3f0300f151c636966a077e2,0,3cc5d818528d222d3d7eaf3dbe0a39cb8041c4cabcdf2928d84eebc1f13548a6,184a4868b1f32ccca349d9f0d418eb8d2ad82c7a2287f42e2bcee6e4aa1acfd7,c9a4ae5eaeccb1de9a637b1fe9906f9855b243efd6c14c8eeef6673ab4446aae,train
/content/section_01_workspace/data/raw/spamassassin/easy_ham/00146.a6d4ba98c7866de55109077d2960d245,0,3772886996287d82f389e06b1b1ba0f9b1e03404e113c98fa7f4a7d1fff9b6fd,cf08de5d922bde7302d41b1acc030167f53a196f33df99ee2a62402a8acb5c8c,4fe58fd463b7429476572c099c22f83db3d06b73cd0e41512413551afc8440a7,train
/content/section_01_workspace/data/raw/spamassassin/spam/00063.2334fb4e465fc61e8406c75918ff72ed,1,e65301025bd2fd9d3e4a5c8e30cee5cda5a56e852f26029570155270e7ce0506,2ab9253742067c0ebf8268f22e864649d7f4d74d790f92c8b796acba8eb1fdf6,1ba35614ceaca1cddcbd123be88b01f8bf63a1fd64f30ce4c3d32e33c6337e07,train
/content/section_01_workspace/data/raw/spamassassin/easy_ham/00717.041b5d95813b24c07616f52509bb9fd9,0,2a5e68372ba5d0aa3f927575aef2af9f5455a1710484968605b9c76bbfc17a08,73d3adae2bd88b2fe543c1f9249f9ebcba2b4a7074b2af5983a78113c90cf1c9,6fabc50a9f91d1977629170e6fb30b5140198eb8ee2df2decbfc519b75551dbb,train
/content/section_01_workspace/data/raw/spamassassin/easy_ham/01140.71d7100b58f00faaf258b49150c6f54a,0,8615eccddaf93c119ff68ed9080295f7c33e09dfb308a29f7ba692311142aa4e,5a19e584ca73ecd33fb6cae3f56cc98248042d03649db507f02a34e31e018f4e,ea02331a21571a3aae8a920fad9d5283c9e3f9cd7ae62407ef0fbc30f4f1e6bb,train
/content/section_01_workspace/data/raw/spamassassin/easy_ham/00790.226ce4b62d85d7ca13f3f837b731b082,0,9386edf683ea134d23886a49bf80cc68d49041267a3ae472e3e8eb6eb8c13da8,4a12b262471bab6b6bf5c0083be62da85c65666e8c00b63145b5f56cba9bfb11,43ac211c4380a19455a080d8b47b8f2a94159b0383e1183521be7f089ae45763,train
/content/section_01_workspace/data/raw/spamassassin/easy_ham/00030.cc78e84cd398ff4a2e9e287263de928f,0,7fd7b6d36f99f5d89a2871eaca87fddc88734a4deb210c0dbfd33d644426a783,59111272f8e3f6b690c71ecffedf2444e7ed410be0ea155fa2e78047b8cb16ad,c03ec275536f06b4f56d2161908239c29572825548f75a7796bf691d517278f7,train
/content/section_01_workspace/data/raw/spamassassin/easy_ham/01051.a739ef0dcd31c40cfeddcdcc017edd15,0,a5d877b549007e076bf42875c86a4eb6a93ae0f2785409682d195ee1bd8bac3b,853a28f34d3b321d9727698826751fbe50e206f2107dd4a9ea8679f347d8293e,9636fa8ff57abd3c1fd0a815423f50a72936f3585fdaaae575c006a7be809a17,train
/content/section_01_workspace/data/raw/spamassassin/spam/00338.a595ffbb6cbcf3a5058293051ebaabf4,1,9a1515d1c9198f2539214e4bcc96475301adbe85fa036cbcccffb47389b619a5,d0752a4560d37b441908e0e198689316790201c6e0dd8de6ddf4117fece05ed9,6bb878eb8678213097bbacedbdc24a7c3bf161e7aa43b75a0511e067d819f5ec,train
/content/section_01_workspace/data/raw/spamassassin/easy_ham/00850.9435ce0e094b16d0f2c9c458f2900706,0,562cefd935277437c7eddbc2b80b9e11d8878d9d36ad40580582e0336bca0b0d,5b2f0e1f3717322442231351ee6e7e02432b28093c48da7aa6f4cc46043a0046,8e64de3792b8ac4ed1df05a1773f32e8f32faa556cc0ac038b9c90a3f8addb75,train
/content/section_01_workspace/data/raw/spamassassin/easy_ham/01927.813aaa504987571f43b3eb0f264a1191,0,9a1a0245e91b76ec68350501180c5f04fdc86d6bd8bd0191ac800679a5355c07,f009ce66f74144afbb69687c1295d6678dbb3f9eff96e0827394ce9ea3833695,0764c8e86e135cb80b2575502a055aba51b85ac1c7e7630f89bda73db4c3e762,train
/content/section_01_workspace/data/raw/spamassassin/easy_ham/01583.588f335629805c17aaa6b880c2f586c7,0,dd52c747af1180ec4ab37db15e2c6cfa717e7223c673ba97ebc5e599cb51f984,945fe2d5cda5412bb2d7170b82d467dddfc3e102e08558d07be178e53ad811d2,8a4359a26a3b88383cd78a5d961af670969618a4eba0bdf7c0a888cabe8735df,train
/content/section_01_workspace/data/raw/spamassassin/easy_ham/01991.27c828be78e15dbf223bb3f3944508d6,0,4d584bd23d472f62e38470a1fd14e122255e81d4713a6bce27397d27ac4d4afb,b43b039b2ec27450b4eefa67f477a98d6ff74704e75979727d93c2ed447188f4,5cac0fcea5a94096553cfca8f3b9acadbb3c7b9241273e78366a60dc1fca5ba7,train
/content/section_01_workspace/data/raw/spamassassin/spam/00096.a791864be5f1205bf2cea0adf241b25a,1,bec877c43a0308146a7223c107bdefec71d5b02a00aeeafd3e2273883adae3ce,ca023024f176a3c432c680e726adcabbe7e68ffdc87f05fa3bf0af54874b866d,1a98030b5c0efa35deaccd470caa0b216c445dd2e68ea4b0092b74cc580df140,train
/content/section_01_workspace/data/raw/spamassassin/easy_ham/01288.f426e00bfbba33dcca835e93097497bb,0,f40d221c8d16936242105fc720fbf99826c69141bd3b02a239269f8bf91039dc,640db24228e66e9c8de18356dabfa1558970622e9b26e4f4898f238fec4bf539,70018f822d5c0e60c97792cfdbde58a9aef728ae50338b264681c455f1595a70,train
/content/section_01_workspace/data/raw/spamassassin/easy_ham/02443.867bca40d0f04d5d12b1866ce890c6cd,0,c6c2ba8167e894c4f30285c5149c55b8c73082a8275fa719cc14e4c5d9946c93,a0adc2ac9b7b74dbc6a49806d8390046ba506e4f5cc1af46b573c0b241d74233,5ef1e0517d7a530a06b5b6ab210494bfc7d95ff225f8ed14672d03a51643b1ce,train
/content/section_01_workspace/data/raw/spamassassin/easy_ham/02212.87cbd6ee3c8396df8af3e85edbc62a43,0,9a226224c6885bc33de769ebb910fabdd863124a65c8e606660d85bd2ffb249f,0ef9c0ed74dd0382eda68d33ae8d1e2402b16b0d83fc63bcb9d6754517fcd379,a55a50b4896754423597ed4ef46b84eddb7f209c55b1caea326fba0e57ed8055,train
/content/section_01_workspace/data/raw/spamassassin/easy_ham/01110.852a6d27fe8dabfba9b811d8016faa1a,0,3fef4d09467439e25ca8e2b0d4ce0ef5b9c7b217bd247ed5a51c17657fcb1ee8,70c7690754fffd67f204160ad02383cd4254737afc289f3699a0a08999134252,fc9fe0417774aa1805763213af81f072609b20e22d8939ba35c5aca96fc672db,train
/content/section_01_workspace/data/raw/spamassassin/easy_ham/01971.9ad3a97c1c02d6d43eb6d36d6554187f,0,975d9354fc90a335dc9274c1e5e65365419e900a150fd643fd13ce0fa4f7a9ba,32e9a8cdd1ddd9c742efaf247b65825d24d3a59246fcc73d096f105cedf08cee,152297faf615a825c1691e1e6ca69070a18af02e47eef584f80541c593f13d22,train
/content/section_01_workspace/data/raw/spamassassin/easy_ham/02293.2ae2c667486323afb16d109b406b8783,0,3d22047587c433260b7ab7c6294835e41d0cb156dd031a878ef8140a47ff8a58,a0da8dceff9e39e4ba6a84638b64345b7ddf431c371a48cf47b1169a1fbe445e,74aaa42fcb3be41a790fcfa8b495cbd3232d0398361fca61691e0ec4d49d32c9,train
/content/section_01_workspace/data/raw/spamassassin/spam/00354.dca4b8984863a76ffd01a33888498288,1,dd1a9d4a8ab7afdbd6eda2c90cc196cd7e3c97958fbe14edb8670f23c733f03b,86f714f33c343f32f1a17d5c7c077c7f7a48fd4711a628f623672d04a672a92b,6f693936a39ace0590076ca228a75e6749c45ef311c8fa227ae5d6553ffd6418,train
/content/section_01_workspace/data/raw/spamassassin/easy_ham/01114.ec145f9bdff18c1f07cdcc734fc554f6,0,05f6d10c3466502dfd9b073933ffd82a89c37f57289549934a9fb06d683289c5,b3085d4803d79d7b2f2e2f99f710280d658dbc13e9595961cf2fa3d7924ae8b5,cd34dd9eb51259f6950e4e0e46862f82c85fc2d7707a2d22d65043714a1e4246,train
/content/section_01_workspace/data/raw/spamassassin/spam/00400.cc74b7994a7282f32ee2a3b7e3634d31,1,58477e66451118292d6b4f8f38fbe5abef22c2d0abb4e2131888a9b854a87652,baf63bb6c03958c1ac57f165cc27b4d525b303738c4051b0b83badc046316187,30c27cfa64eb278de5b1cf1140fe1d344a99b9201ddcbc555f9ffdb7eed4ac69,train
/content/section_01_workspace/data/raw/spamassassin/easy_ham/00058.ecfc3a7f406355a82abe9d16d3d5733a,0,0fbced5229da8bf945be890bfe10ae1e734de28cac1489a60271325845e57f96,263d98345106f0097ad605a45a611aa06147daaa0f3adf5afd7111de9ddcf44f,ae4efbfc7294b9b854361586f627fc3d3fb5a34730f2781caab1b4d2919c3870,train
/content/section_01_workspace/data/raw/spamassassin/easy_ham/00829.7c74d7c59a6a5f0d0e54562ef671d14b,0,0677ffc930a1ccd2ea4a96f0f5a2c1e0d8272e09e073413f138017eb4cd1c088,c1dbe71191e56847b0e30ffdbe6f986db0b3f8dea9c9bd3b520129bbb2d63b7c,32716bb8243180cf689a980b4e8ec49efa31be9d92e50c6c95393fd47bc7790c,train
/content/section_01_workspace/data/raw/spamassassin/easy_ham/01264.a6ae16864e0d116132a7d3850e33e9a6,0,20db4bbff95291c1391846a96486805082bc952743199d8ec24920893214d3e3,5ab0f030b7f4f340fd58fb6717644d99ecb3e57dd901beaec8723c80b722bf5c,8ff94438274d93bc2c208646dce31ca0d42c9d324b5917a49742e5e47ac7d8ff,train
/content/section_01_workspace/data/raw/spamassassin/easy_ham/02239.ec845653f8827026a27cb4f5f1c6fb91,0,ac802ff13a3a66e75312b08d25b49b00db9a6cd077aea5235c06c1d6568df163,cb46a83af973960fc59dc32ed5ded8b8d07cb07b9ee6bbe63289197a4f62fa33,ed8d8a695e5e942e5e9b01a9dea60391114a130145d22cdbd4f23bd72973d9d4,train
/content/section_01_workspace/data/raw/spamassassin/easy_ham/01853.0898df4ab8739dd95d821cb6cf834083,0,9af5518aa99e8f5fbc11f794e04ff8c31c2fc41c89552115ffeba611bbed134d,400069d80a23485ef79e7cafd03e7e91dbc6118c41c51255c17e91b1be9e4b17,5d7d8421d5f1ce7a406d258edf1e3a98717a8d4c1c93d2b2e2ef5d6157c06419,train
/content/section_01_workspace/data/raw/spamassassin/spam/00219.eaf6c0ff67706c784f67f5c1225028a1,1,9c81b0121faa3d47cc94dd6f7aff78c123d792a6c2ed15b5f3bc120efc358b8f,e4c81ff2c85cbbe2bfeafa9682b7cb61e85e545960439228c183b5ace57c582b,abfa3ee7cdd49a7f4e23cda32b48e58552ec852bab74427f9992092f3368ed4b,train
/content/section_01_workspace/data/raw/spamassassin/easy_ham/01142.c86c585292af26a7c1b09ed6345982a4,0,cb9a03916f3014f3b7e6b87e6d70e092f0fa38611b948f02c583c40e1e143c74,f2cf334f62fcdbff62aca1b158016e484c87ec29f0fec536be67e883fe438422,12c78a423c380264ba20256aa297e41f9191c92ab64d1d44693c6fdb2da7c2cd,train
/content/section_01_workspace/data/raw/spamassassin/easy_ham/02288.bea4bfd2ffe3c40c427cd9c579ea4252,0,b5712021a632fa44392727bb526b4e013a35cd13bd6337465c058cb5bb0a1582,836111b67c5d9e4fea068fb0a1c8504befb3b6138d5c0ff9176c94d2ff77b222,02c46bc72ad87ec7fff0ec5051b179246fafd6603f75e4990980cf3f0f887e75,train
/content/section_01_workspace/data/raw/spamassassin/easy_ham/01295.c440ea598ea18fee4cf3d2a1a9cd6864,0,cbec83e4dd4bb8c5fc9d24a0810805091666ad6b543b0ea322bdcc6f8ff4a4b3,369f80afc90f4f355f7bf29a460be654edee0d43a597d13ddbeaf9e3ea973d48,d584148db2ff626167c0b1ecd39616b49130adeea6a5c4f96f03b9ca121b1c75,train
/content/section_01_workspace/data/raw/spamassassin/easy_ham/02304.90b0a5f1bd3ab6a9dde682a954ec1734,0,4088130922fd3358603f88ac06923fda3507661e4f7b014f5da1b4a406ac0d66,ca2f1b3483f5daf8e94374f0368edfb89442990b34354d596bc41da67b959536,e594d049b275aa0ba3586caea32e1c85521ee5d3a5b07fe9eb77a2765a198bb9,train
/content/section_01_workspace/data/raw/spamassassin/spam/00120.58579af867ff9a702cff23e7b8818a59,1,b7539eeae9c8253e884a48241ca5095701f10270402a18d64f48ff2aae99b1f1,1565a76871db95e63eb8d29074e3f5e9480f9f1431a2f2b424f882f0ac687801,8900a8d65faaa453fdb388df056997f150302bb4dd556fae1dc10c2e96f20ef5,train
/content/section_01_workspace/data/raw/spamassassin/easy_ham/00278.143effa95043688280ced372741d3862,0,8f283f60f749921b0d58f8df5ae9b18fef2cd734535b7018a87acb24f2173b39,5c436df8261a7a5013da704b3709751b82b4bf3f5afdf064cd019b81a4ed1f5b,1ced7fbb390a68dd1bc76e4eb3bc8cc74b85b9d921a7d7ade8caab388b72b365,train
/content/section_01_workspace/data/raw/spamassassin/easy_ham/00856.b71f98991ee068f642498810ba0c5383,0,97a8a9609104e31a889b9351eda727dc41c8360bad385374838b2730a6e429f8,453e120e39176c64ecdb8d15569f1fcb8e688ee5a84691ffc325369b1cb6d4c4,4763c0a925af99b3105277df421336a78a5d4328304e177044b010402667143b,train
/content/section_01_workspace/data/raw/spamassassin/easy_ham/01068.09401b10e30f84e5cb9c8c5579296f04,0,2390c487719a561f86bde5800756b0142c936a4a3110846e582ce6bdc7594f60,1173c9b5d6ab20a96eb3962c103ad57eb3380be7df2ff3e8bf77ce596bd2ee96,1588d3b9cef6b48765be45980aadf70e20fff2c0eb5914c5582e278910e7bfd7,train
/content/section_01_workspace/data/raw/spamassassin/easy_ham/01679.e027f2af78c05f8498f09d7979cd127d,0,09c7394432b70f3ff4cbd023410eb2a995285305a79b0fda5dc380cc8f34affe,4d3e9ffd85dd60cb495ef5cb3def6a88f7093a00c75dbc4f96b553a01f172a47,9ed1be0f3090612556669927a214f7799c291b208042f9683e10c00183926b88,train
/content/section_01_workspace/data/raw/spamassassin/spam/00250.32279787338af8a5de4cfbc0b837718e,1,acaa248fa67ff6dd96f0e691f8212a7f8e0ea108a7355c153c0b4547f6e03b4b,269c1178db0f9063f3da14b21c8ed2f35b72d4960c96bb912ec9308f81b5ab38,85c1279a85d567d4ea8ef462603151ec736e138abefc876cb9eab2fe8831207e,train
/content/section_01_workspace/data/raw/spamassassin/easy_ham/00114.240461056916c0cdd555ba9d2bc9e63e,0,e5c8ff3990523cab1ff873416e1a1c3ac7676455b01634d0766d133862bfc4b0,c5eb6e411f252e7266aa6f80d7d0b6f3859473e903d28f4d62b2f9d43bd4b65a,36bc931778a89c477195f7d47d3a44b657b7b1aa4a54ec7831b259b1806fd127,train
/content/section_01_workspace/data/raw/spamassassin/spam/00314.8f7993db02bde4d724e1eff9d2d35db1,1,b7c4f725fe928064fc1f5d77079b47bff38fcb8452288f4f8c7b1bde5febe317,d8c6c7d71a08f1ec029477f33594f961db21f48880e43c12986a781c4f523e05,516f098a6e826fbedb9615aaeaaf36f6db89e047b96dbfb485eccbdb9e4d9578,train
/content/section_01_workspace/data/raw/spamassassin/spam/00173.e10eb62e2c7808674c43d6a5e9e08a1c,1,d4b33f775b07e1df3eded4229171d3d14a50392775193c10dca659209ea8c1f8,1baa3e73b86b340ccfb995822d93b778054cfd35785243805a33d6eff6ffec59,a6c00ba67e79bf3a3ce86728dd5eb1010ff26473545f435cdee4c29e8a165941,train
/content/section_01_workspace/data/raw/spamassassin/easy_ham/02495.5064946e77b3046873da91fc47656465,0,18d05640f91868b5d5acf14fd2130aebfbc8c69c86cf0ca96219a288db8ed178,fe6d5ced7e5f9a7c068e7b4a7afb919976e4f8fe41aac7da7d557418c9a9ed63,af962e13c046330ef72805296ad033104b21194007247f89cbfc6a3fb4cf2825,train
/content/section_01_workspace/data/raw/spamassassin/easy_ham/01385.2bd848b0b7319c71ebe0fb9282a0a814,0,ea014b8c49f051f1067223aaa68b4a96b5750a9d4694cd3d1939ce060527644c,d265b50f9fc4947a00755344b85c219b60889b9a11fa1991282c15e3dabc82f1,ae6836db5d7b013523cb6aafa52f439c3b3977308455000650ca110fd41a8524,train
/content/section_01_workspace/data/raw/spamassassin/spam/00046.e0fd04360622dbe9250380447f6465cc,1,b65407c2ad46c6b3381c15f31ddd13a708523ed4df069cf5778e19e6978c0ac7,bd427b62f5aaf134d65eafef7f3f548cf78dfb11b6bae8b1025141816b30a67a,f6b075acb48ece9826ee6e611d6fabc97ab28865a2a0df7460c43cf1239eece6,train
/content/section_01_workspace/data/raw/spamassassin/easy_ham/01271.519b987eddc0633ac3a5908c33a1fa2c,0,700e00da758012d5b3d506f90d9d5a9fe1410abead249cae9cdb799f24c25bc4,0a6bdbb391f44d8d2f3d4b42086cd1ebae0513fb44f0a8586333b7cb16623089,299c3e1810bfaac7ceccf2bbc47bc3e6d409b179e61937b53164cd6cd65df861,train
/content/section_01_workspace/data/raw/spamassassin/spam/00416.bff1badad869f205fdb54f311f060734,1,44a544793d86735daa9cd8b58d77542eafbbd44a531d77b48cc078dba088b9e0,083d0faaf415e51e9ae704a6e430a9d087761ffd34197e7946d1a2c45e209a22,1b2aeb8510fdd162b806291da1169c36247d166e52892af19f4c1f0083702d03,train
/content/section_01_workspace/data/raw/spamassassin/easy_ham/00197.811a3c4022f3c7c548fcc7df7782e1d8,0,51dc2f3ae29a3bd1df0e86c02c4c9093bdf32db76ab3f8af2a6ceab3b6363ac0,98e4c81638d5384c6a7658fd33dbe893948fc59d023e0bc193679bf86107a693,aa091c1f7755f02e5743e82d6f560ddcd6fe026ab57ae65c09ee94ddee2b4fe4,train
/content/section_01_workspace/data/raw/spamassassin/easy_ham/01469.c15d5afb7a49819feadf6c4f3f40c224,0,9ec9e49d441d02d5ed58a23029448a9da279a4d0bc0725f91750e9773b299bad,559660301a16d74368aabb974dc6a1c459bb3929ad5c9d41f303177b3f37a231,2947b8c4e460d3e2aaab410d3620bfad1e38cddd87193658168929b379d1688a,train
/content/section_01_workspace/data/raw/spamassassin/easy_ham/00556.eea9a26e128c1b4b676b4180adbd547a,0,cca7f769705dfc21b3b0475e29636473f7697fd3e58094a172a5cf4a3fa5ed75,ca670cd50fac7bc2f35ab4b1eaebe913c73449d5f933f1aaede00f17fa779e75,2261e4bdb4145cdc5314e08b94ccaf8052a56fc90c24c99180f5744fbac49f16,train
/content/section_01_workspace/data/raw/spamassassin/easy_ham/00659.1217006d88c29f2f900a9406c51feb64,0,d1826a92eea60443261629fe943f853acd97874baea8fbbeb09b914b2ce86e44,f5dad48e72a2281db708526194458b48ed692f146e7e66f34419ad9036fbde58,7f0747e8164ca426fe1fc599294deb1b5cd195a412250346ab72efb639c69272,train
/content/section_01_workspace/data/raw/spamassassin/easy_ham/01748.69dcabe5a5fe6ffc5e20522e4c5477e4,0,46786384ce6ceab17f2a13c97c069665ee7d416db2f6481066581cab8f85131d,ae90f609c35710feb37614f43c82c8b00817dcc630cd9f0df742d415adf5a9f2,2855a420710242b78d2b98ee4c73de5a9f6084649e8632413f91871b24687bf4,train
/content/section_01_workspace/data/raw/spamassassin/easy_ham/00723.e72e8e80f67f30983c089943e184f5e6,0,77054a70658303a058dff85dfbceda7f62ddbeaeb6dc257e5bb6b51895426f33,56079aba3c19d9d92df9e65ce242d04920b2c213ae1bb2e75caeba623811f519,d596e545ff1accb8e21f5009d3a452731a0d36177d485a8b0c487358b2355225,train
/content/section_01_workspace/data/raw/spamassassin/easy_ham/00617.5433c6be9644f6d773afef39392cb24c,0,a651f5fb86ae9c1df44e6ef5636afaa86adf0a624a1d73ad4ec8ec67f8fc9658,b865156d56a44459a27434b4fe48b04fa4562fec1907422b7d191a27828f46bf,27ab5a52940596db94d5fd98a8a43b2daa0821e64093789629f81a808d97b718,train
/content/section_01_workspace/data/raw/spamassassin/easy_ham/00436.90165e25df2411e4bef93391f57d2257,0,8cbcc847fe69a9af6fe7c46be3734c572d1ade912923fc51986fe10199dd2723,e0deb7ca7b073f4c27f7a29afdaa5f73ff6fc2d15dd4265c3f799ca698ce0676,b3ba9d48d1701ef1366ea54d53d8d594b5af146bdd82e07beb1f6dc174768ba2,train
/content/section_01_workspace/data/raw/spamassassin/spam/00465.ca5d79d0e5dadee322c117789196ebb4,1,ba8f654030ff350258cb0c47b2558ba745ccd1af788008da06cc6f2de5ac083a,77d1e018aa9d1da8c7a284e77d7223b8a73b6566f9d56b842796ed18f52339a6,45565d99dbaf8af44a630ee358b59f02152445066f41ea6f67c2960d9d34c149,train
/content/section_01_workspace/data/raw/spamassassin/spam/00282.0e230e05877f40a522bfb93aa3e314f3,1,09f60abf810d6b4ac6c5ea17bad031417a76b73b518b3d5352c89365dcdaa2e8,be78f6cd9a6a0b4648b2508c6c87e2d4ae705ad7aeb3e4f2ca837846cab8409f,3a1aff3743282648e551afbc8b7262f067f72eb7b3722feeaf7f4a322f0639bb,train
/content/section_01_workspace/data/raw/spamassassin/easy_ham/00555.4139b207075574b3774942a3a42013d8,0,3fea06f01c39ace4ae381002fe3f9df29bc788de691b0d0ad7789d61d44c4d83,8ccf6493db25e56e6012f44c8b8b41a79335c708353e8aab2d031baea10a8b64,2f70e75e254fcc8dfdebede3002249a8c394020fe87e285b90f61f987077459f,train
/content/section_01_workspace/data/raw/spamassassin/easy_ham/02115.ec06cd38c70f03bea7521625fbb3a370,0,da0f0c56a8cf8c313f156cf7bfb67aa5d28fb33960f760c698cf80a3387d6fca,8eef2e27083a6136b242d9a4fa6e2482146b7ca4a1fe8671be0cf5116e21ea83,08b8f77ed751e506469ba16539c12f490683a3aa32c283d225624424d42e2a5a,train
/content/section_01_workspace/data/raw/spamassassin/easy_ham/01263.40cec40ea12c55f2ac9a98dc07c55d1c,0,c102551193445315e8aaf61d7c410952cb1350f88229c168b7965e69e467ae0e,621bcb4585410af8c409f095dd2a6ec826ba58fa29ef689ad7ac4617f3f90598,20efbeb372038349ef4a50c6886fcc47ed90e5fab17d3c0f2bcd477df76d804c,train
/content/section_01_workspace/data/raw/spamassassin/easy_ham/00366.e6bc462793d21f588e2368dc089399fc,0,e74415c76a0fc51d95d359cf34b856576bcdcefc05639ce75c43a45da64d400e,fdd3f57697b0074ef23558da75ecf5f871fc7b4954e54f30c8d1972656e5e8fa,ad710a35128c97dc7a2c4fc30d66337f37c10e6be27306911bc62e333fc489fd,train
/content/section_01_workspace/data/raw/spamassassin/easy_ham/01387.cd289cbef7f9cb842982e78e49575ca0,0,771f6a8d4b8dce7f478f05f7bff9fdab0b102420d7bf45ecbdb6370ead3abd4f,9125396cf783befa7478c857572b208a2b2f72210d933d25966848878ed1737b,c18e509f24ee3bbfff0142a9d74e9e7a923bcdf3d33f4b7989b91321d35c848c,train
/content/section_01_workspace/data/raw/spamassassin/easy_ham/00078.2ea8ca29bc2ed373a6c8270b488def60,0,4a761149235daef0e6c0535a786ed39e9b27eda7069202091ccf2f370f83bb3e,b6c985a931eb9f2117099a6f5e6b1538ce78523b0ec9c6478abd18ea7d78725b,bb909d64d627ed2899f84d6f5cb0a6fe44696db54d2c9f2e3f113f6e40c372cd,train
/content/section_01_workspace/data/raw/spamassassin/easy_ham/01661.1393ea887720c777d1429b07fce98ab4,0,7a026135764216683455cb596f412756d9dbc9b394184aadc3a965f9e3bcddea,2e68501259e43be25ac3a6ab5f338a0d4aaf2b26407fa28e36fa025f90c22e0b,5ed2ef475bacb32d2e2e69fb3daf537a30622d881d413ffaf74446f0f2134c12,train
/content/section_01_workspace/data/raw/spamassassin/easy_ham/00831.dfa70bbdaef79d5863917ba90097ba7a,0,4de2eb8c335d1d33b40e811e7c7702cb195291335bfabdd9181280b603261daa,07df2be405458c2124b0aaf16d50baff677ec07278353d93ca7903ec502cf371,30d1762137ee1a513d1716f02753df8d126b99a52847459c391ed2d11543decf,train
/content/section_01_workspace/data/raw/spamassassin/easy_ham/02257.1a05802599dcab3a54d36deb369f8b37,0,1335c51a146c6fa2abc6f31d0ceb24126d0d174c5c49d9f5874c5d44a0be8379,b45f4c03dfbeda9a8986806d7d88241dac016d51ac33faae1e8561260fdd3501,9adf33d37314c97ac9a4532fbfcf581a67a1bae94ecbff5dc78fe452deaa24e7,train
/content/section_01_workspace/data/raw/spamassassin/spam/00414.b2312673ca5358901c801eb44c00e310,1,e98b0d75ace36ac9a4fb8efa57f0cf2778c93627f90794cd3e075b5b89829fc7,c80db8827ca6e4fe4883bd804923b1b2dc36a90b5f0e766f8b7ebc60755667e0,4c26d95e40dba6f604a1ebdb95afd8c3ebd722bcb9173c51a6791932c3512e21,train
/content/section_01_workspace/data/raw/spamassassin/easy_ham/02201.1eb2f7b1a998eb4e08c50f05312b48bd,0,a5da3c5a29860ed8798db9932e6ab64c62cc7396d4478f3ae8f11414f4b00f13,7ea3953acbee5a79779f5c92e0503f4e37ee5af6838aeed8dba13434cf20f8ae,e411fd2acb9b50870b7c42e92bbb0c757aa06c139d7500c0e7c022821b8ee2e6,train
/content/section_01_workspace/data/raw/spamassassin/easy_ham/00552.2a17c933697e682b93c2f32b66230a3b,0,825d859565d88a38e3d16a8babc0672038706f2bd22f1d3ea244a0f2144b23a8,ff28a24c12188b1448c3a470d05a4d4228475b98e27860f16870f248c53b3304,bb348daaa40ae3e3f9be30e83b6f310a997593fe1bfcf2b6dbe6f292f2953462,train
/content/section_01_workspace/data/raw/spamassassin/easy_ham/01911.4b2610df15a17c72bde555e33ec43784,0,f9505e05371ec8652275e44c700b9858798355f23478d7fd835cb3cfe5b60c0f,8e20f3f87da49fd72ed9d2f2cd51c3c82f1891e6c34bd1f7bf168889509731e3,b7655c068b86d163b2c497e78d2f4c0662a74e204e1a3a4a0ef4398f7d9f3733,train
/content/section_01_workspace/data/raw/spamassassin/easy_ham/00681.fd01c0551b4b72201697bfbd55bccd25,0,041ba7219a7a1e5cc985cb8ea1d0f817c304429f269098f5ca5ca9c6b2c22f98,3a4107ed17d16249db0e628cbce3c727b2da5502ecc350723be15b9fc3687670,214de80f302c9d036d49f7e39b19b9393b5ed47d0efa562f142cf2cb2d4e9608,train
/content/section_01_workspace/data/raw/spamassassin/easy_ham/00122.b4b9733750e203d0215d49043d29c173,0,3c2fa6afe799530d1837e498fa0ef3acfc355295e579ea93ddcb51c4666ef77d,a7a8669ffd76cecc1d349763de01b52237132e3b3c5cf72e146ff5ffd357f7c2,825c2dd54e85b35046f50423a1a09576df93948abde0dab9aea9533a9beeaf91,train
/content/section_01_workspace/data/raw/spamassassin/easy_ham/01963.8e6f21d04d443ff9c7ee96c9afda33fd,0,c981a8e82c9329be984e050fddc5423d9815107a77c647f5d2eca33678faf8da,bd1f39c758a8db9d2de523416ee81ccf265d37b302f5b0a6501568e7fcac9868,ed27706131d22f9033801a8e0877dcd9237137f82ae9f999d623267e2c9f167c,train
/content/section_01_workspace/data/raw/spamassassin/easy_ham/00107.787086c3c593b9e2335199019b130158,0,7fb70088ae45bfffb9873fd6ab06974b973e4a7afb31a7dc0bf3828cf07db0e1,e27c210703b635d0bbfa95131658cc0d8f3693fb12f830428dd315ca0832776e,ebbb71110cdebb1d5f07e8a27d81aa0256db79f41be95e1283562eb7d0d1be97,train
/content/section_01_workspace/data/raw/spamassassin/easy_ham/01329.19b80c37a933da3531c62ce091e7447c,0,bd95410f53d1c9d822d55f807cfe81aa9a7a665960871e7fe8c30c69b28c1af0,cf3a7aa260558c3e2bec39904bed7f5c2888c5b4d722b7fd1e10f13268b987d8,ffdc7ac9b1871b43f384b4773b95353a52dc1f9542a654119ea8a8c75e16c12b,train
/content/section_01_workspace/data/raw/spamassassin/easy_ham/02334.742721e46b366730e9669b47f77a7f8e,0,ca670bc2c4f1f67ed051d9ab0aa05fc647d7fac12658854a20a13c2192a05ebe,05e71049d09c010519454c7037ba32b5f0fbfb7ff2b5cb4d9e5af43a72d525a6,38b303b8ffeb424a831e5c0ac247f93a657886b8e2857d9b7814bf1f17ba50ee,train
/content/section_01_workspace/data/raw/spamassassin/spam/00043.548c447db5d9ba3f5546de96baa9b0e6,1,c2bcdfedb0639763fd390d5ad6ae9b9f009bcb94b5c8ea883479828f11b18611,124b43eefd3e2bc2f5832957559dd3525a46495012be3b1a607a5b6e76e2ee24,cf36d032d5b9682c9a50fa078c2d5c72538f40d94d00b74418ec4ff2943a48ad,train
/content/section_01_workspace/data/raw/spamassassin/easy_ham/01869.1eb8e1093d75d3694e00857f680fd768,0,5f4efc2b82e612a3621442d12a35bc741dfe257e4a3a14c6cb3a75c3102fcb63,99bf5f4a217eca73b0001602fab04602557218f7d6b01b5b26dce1f56d924d52,40cc66b61187872e9885a9a418daf964a401828093340bc02013996e26f0af2e,train
/content/section_01_workspace/data/raw/spamassassin/easy_ham/01011.026a9a3bdab758181c61e6d828a4e212,0,30bf1d45a9d62da3ee17262f14fffbdad33e6db747e0c241b253cc4c8c6a1b28,aa9e8bf7b34bfae87b8f9bff29c31897d8784f509867efc9d15497d8c4694753,492a30bb5a4283cfd4207b1509a47b781668f466d9d9a2cf125dd4a58cefd8a8,train
/content/section_01_workspace/data/raw/spamassassin/spam/00236.2772a068fff32e2f8d7f8a94bd9280cd,1,6c95b20ac24fd89dfe08f260c626fc3afe48e528b0ca983a7583661782fde030,95cf0b7dcfe6f6fa70d4c67e37e7cb44e72c1b85306ca57a1b633aacbd930de1,9497b8644ae60b94f5feefee4e1d85aa1cd868cf5ef5f520e912fe3879509cee,train
/content/section_01_workspace/data/raw/spamassassin/spam/00025.619ab8051359048795e3cd09e82ad1a0,1,54edf63702438ae28e7e2901d69e09836c010345316296083b1381684086dbc5,e34341fa0958c7b811a8e3becb0f8226add8d35ba1db6c03442223ce3a9525e7,fc99186c6e31d69bd3dcc7382253ede04e8ab2577c07ca6956277b96cbfde591,train
/content/section_01_workspace/data/raw/spamassassin/easy_ham/00347.f133df7e59af41ba1c596e60dde9dc48,0,528aab2a027de1ba247bcdb5043a9315ebbb2917ddeb13d055890e9ebff7e5d4,2c1d2a5f754b78f73bb3cac3e8129fdc6c07a84ddfded469eb04aea29446ef2c,f6704420b5cb2308a2b02f096f39e898e929a1ce631a1efdc26cea1c32578ceb,train
/content/section_01_workspace/data/raw/spamassassin/easy_ham/00295.00390d9365839897c097b0db0d0a567b,0,6da21dca291cfce22fd5ced9b3413c13229ecbc99d1e9c8071386528712d2ce2,74f20b299357f745b500bee1cee9574d52b96ab61da2d4988f25f2fa8b50b9f2,5f257df1d3999ed31fac1a2ee325b7fcba62061e2805474029c275a6522e30c8,train
/content/section_01_workspace/data/raw/spamassassin/easy_ham/02345.52eedf6f431a61908c62a4d561e655fe,0,34c276f7a8d7903f405a3acd4bbb2cc2af3a75fb4f0f68306da84b69a1ea6b42,b31f4405d659c3cea5d65596db830ecd144d32fc4a02f2c0f57b49c5fa4e1e31,083228bce268395aa944a0f670762506b1988848c56f78b6a82e9aaab63bfb18,train
/content/section_01_workspace/data/raw/spamassassin/easy_ham/00886.6d792e0aa2cd6975ef5e050f7b0173b5,0,81fb76e174af8cad497cb9395993c1134b53a0f4ffa7962ecbeed9818defc81c,4e597ef1aab6b74129c2d4341678b6f229db3c55ebd8191d478d2097471a07f4,4696f7eaba94e1c1c75e43090dedb09a58ae275b132d1036cf71d79fd7549690,train
/content/section_01_workspace/data/raw/spamassassin/easy_ham/00894.5b21597d342d44631ebc33acf460883c,0,4c536b7ab6eb23dd0e54fe3a7954afce51ddea9b928cf8e0090afec5a0ee498a,6cec95c01754c76a4913ef7f8c42f6d6ec97ec029043c34b166a7d544c19fe99,e7c8bbc58948cba6791c28893be18e92758f92c0db85c8adecae8f4036e1c913,train
/content/section_01_workspace/data/raw/spamassassin/spam/00244.5cac9708afd7f9f00e9bf64eeb127f0a,1,ec10459a00d47fc59a6d3f37c276e8a93b84631cb42bbd66da119415aabc4342,baaaa27fec638fb3dab38bf7db93af1808b8875f93d0720f5df39558c67c9847,8edc1183909925f45dbb0d9346ebec3a1badcfafcb6a72ed80a652f808049507,train
/content/section_01_workspace/data/raw/spamassassin/easy_ham/00973.42545038686536033b1032380502ae09,0,c8bd26cde77be7848bdb0f574251992b1e2daeefe73b672d4fca42be5e528e39,20290f0de5345ee5420a9b08c746688ea5cb68c0f9d2f8c50939692e8d1636a4,f2c19b960bad71239f5647a48d12adebd086d7760ad72b6cb550aa3b15c51c53,train
/content/section_01_workspace/data/raw/spamassassin/easy_ham/01978.f18e3f39d0279942276343a9fd0b5858,0,baa0cb5b1762af1baefff1e524b58d522eca3cb96684e593c1f18eef752f6d5e,404c39c9a062190ee5b9a40bf523b3232e6059487473242e47f260b6602aad17,b12c9c9f29a6b57171c9b4964db6d559c186d10c6fa9773a25879b7f05d0eec2,train
/content/section_01_workspace/data/raw/spamassassin/easy_ham/00004.864220c5b6930b209cc287c361c99af1,0,57ce4e7971392e99e10429ba41a99035e9e169db7ca263d568d4567c98f7e7eb,5d7ad3d64637ad1c4a625d0f9966956aea8ec4a128e2f5d505e8e836bc3f8599,ad7a3d317965f57ff6f6f4bfa5deb25c96b824b102e082beec35a3b47f1ae3c1,train
/content/section_01_workspace/data/raw/spamassassin/easy_ham/00074.71045f0bdb236b814e4729d318bd6509,0,fbac84daa494fd7f01e4bfd9350e6671a4022a4cca3dd497dc129a9d65d8506a,e9bc07603103c3131ada3cb03693ff3e3c117f3c6231ba3165910308eb069efa,62c89c163ffbc2abe2311d23ad10c4d470f12d6f098fa0dd015374f41177e1a9,train
/content/section_01_workspace/data/raw/spamassassin/easy_ham/00482.6967f5ac2b3b99a8c940773658f4c406,0,4e1a7f8915703e3bc81cbd74d3220a499cb2a2f86600744e61157e1f65a4f9e9,d2c2cfd9305acacb0ea8ada169529c526c1122ef765150c8146e54a47caf7e15,d936e374b390832b292102c0de3d44142d67bf1b03da21257f05192b8a1c0eee,train
/content/section_01_workspace/data/raw/spamassassin/easy_ham/01702.3a7add5306fcbf4ac7eb42c57c125e85,0,997015fcb6cdec39cef1793eeaa9f0d69c57cdc6ede903ceee71d6bd5a1a89b2,b8c01102da2f64f3b8218d5b164742a7b448ce23cbb7eaa226ce8ccab5e9a1d5,287534380aec3bb17541c8f8141b7622bf1aa12d5c0c120e1dbc4a7cb2c03320,train
/content/section_01_workspace/data/raw/spamassassin/easy_ham/00287.175dfcaba6a69ffe40222e3937308e2f,0,6c97efaef1d20cccf71d931003ec45772a03f9380ea6a474711f314c6e6a7d77,2c4786636ed734b4a0ece2583bf446b233137483a8487896a3d9e7cef8e05c9c,46a28e5472a20ff5b15ed4772e5b2959b3a338d7bfd1ee2d0b4d11e3a118e31a,train
/content/section_01_workspace/data/raw/spamassassin/easy_ham/01260.00507d8794730b35f686ed06471e12ce,0,dfd1e166d9158244e4ff12a5d8bb5806200f97903d0bf2738862dfb166b7a517,08220ded168363ffba741c4c899102587dc11e5463d9101259470d4737a64b0b,fcdf238ed039b7fe1e4a7a4a807c2924a371eff7f68971d1277f52f2e74a9e5c,train
/content/section_01_workspace/data/raw/spamassassin/easy_ham/00192.9ab41d05f7b9bad7f7eccf7d393293dc,0,aad2c439a1b208d94abe1b33a66c0d50d6ab6b36c3baa6f18ed432efd3ff83d9,78f9e4c03de6aeab8338f0fbc098208c1aa8d7741c6d45986e95644109389b79,1649e3166a54f9efc4817f4fda9dd240390502011af1aed68a96e4bc42809db9,train
/content/section_01_workspace/data/raw/spamassassin/easy_ham/01430.a13c07ca5673aad2384d380041305054,0,3cbd6c1daf6c1bd111683b2e9da708b724e8cad67e3fb5e6238b98c47a2c603b,d7b00736a6333d25779fbd3b73a739dc1cfc83f274427b8d9198405cb3e30984,323d59bb530d3ee3c298d628ea0b0ca749ad41157a5e968215a4a07a0f552f10,train
/content/section_01_workspace/data/raw/spamassassin/easy_ham/00793.6da29475fba399c38bb0a93efabcae5c,0,247d6bd2f528119723fa2301b6cdeb0e935a84f20c2e50975abc132bca26cb3c,94b4b79465ec989866965c3d2117637c36eb1aedcccf77901aaf192bbb507bc4,3ca4dd66c584232a3c9450a984c8c0c6147f4006156dcac136de88b207822ad8,train
/content/section_01_workspace/data/raw/spamassassin/easy_ham/01145.4280ea0a58b56c22eb21583a3b3db290,0,dfb0d4172062369ba6b405b48fada645734ef2e76e3de817313ac987b3953f12,5ac521d07adffa7a0ed9a3cff7d2fea57c4eb3eea90c705b115408d791f6357a,61bcc87a1906623d2f8249f7edd7dbaf57fefee93b517e923802140b38f8aad5,train
/content/section_01_workspace/data/raw/spamassassin/easy_ham/02278.5681f9fd02e38391b917d4623ff9d198,0,82da27f6926a9d1c2079ce931a2bd91d1f6979d7f434394155f2748bc87560ca,acaebb4883c3294220b2aff6ac9220bb53a0171e0ed5f44fdeb15cd68a34932d,34a6aaf6c74f1f781c3ccd72a21d36f6b8db835be706d9c1a07cf1364f67a69f,train
/content/section_01_workspace/data/raw/spamassassin/easy_ham/00540.c9e660864381381e6a16c599c8f2e1fe,0,3603b493196770398a97a44dbdce2279390c36ca1738882202f4241ee1208275,50ac5bc36ee7f910a3ca706f7b925fd57297ed709f4e85027c43b6165735022c,0da360efe79adf4044dc982d1d616ccf91b06d29ee11e7f7aecf021d839fb264,train
/content/section_01_workspace/data/raw/spamassassin/easy_ham/01211.6f83def18349bc93808cbd6b0642b173,0,0571178c968cb6c2e29f7fa0a2dad7aa834a36d399d0e302b8b039cab42857e8,cb7977db0df8c8bfe3855290ffbeb31bf966f721650087d9681a61259a317375,03f6316468e66ca28726f09c45a02b524e4870c95e1658e9391db605568bd1bd,train
/content/section_01_workspace/data/raw/spamassassin/easy_ham/00897.116b99f81aa0d54498bca28abf4c29ab,0,66f8e0ddf849c60700c7d589906d6a875e4722ced4f2d5e10ff5f449194ba01c,34a4f43b87ffbd1a4bd34f5dcf9dc44e043537cfc91c4e020e4d29f608d652a8,edc14fdce3d1fa36d0480f3cf58a75b6528c26ffde32b241bd36539a6613be85,train
/content/section_01_workspace/data/raw/spamassassin/easy_ham/00166.8feace9f17d092d9532e62c35c37ce95,0,f9a32dff64bf3c0a60b3fa9d3d399790a3e89c1c448f71dac0635abbfdb5b0b5,07bf70b42549d1ec6b3d665f32d056ced4874540cbb9970a1b57fb6698ffd884,0471bd07f6e3e79791d6135f3c5676891e428b667bb3c9b65e9bade1478a49a8,train
/content/section_01_workspace/data/raw/spamassassin/easy_ham/02156.74c1dcd4f27d57b0ffe636326f652c5b,0,65b545e9f0cbfa5ee4eddafd5290f57382a65be3ec3f433347f1ee93fdd135d1,4717ed9e9a187bd640da4251a66d88d8654b49537635e31f17649c21ac387f15,5c3a04b24952df08365c2d8bfa2f70d47c17624502749431613083f0be44a8a7,train
/content/section_01_workspace/data/raw/spamassassin/easy_ham/00640.bd6aaf961fe455813d6cd9448c29f312,0,7863e53e05e6798134f5fc236ee60e328cb5b7fcbf32b9c63e9461e66012e6c7,071c48ef5804d5477a8d74fccdaf16e32afea09dc5dcc1859bb516fb5c85a2ff,3358d595f8598647739ea61406147342b3d8002faa752147a0d83018ed61e340,train
/content/section_01_workspace/data/raw/spamassassin/spam/00172.7fe063c5f90c46934dc79a83d9fdabfe,1,66af7f7458c340253bdc1b7b1e0ed33d06cfe69b07a1b011df5e90f9623b7c02,81b77b818422bbd848070e532025432cd0d98dd3b5c2aee50e1e1ea3dc16dd4b,6c10d04aaf8ced1302b77591e5634d21cccc82a3b4d9d6f5f5e7ea72c84a55c5,train
/content/section_01_workspace/data/raw/spamassassin/easy_ham/01148.a8dd7b8896c5c7966bbc52e4f4b0a164,0,42c8de10da0bc591bfddfe687e5f160231092f6c5820605b099e7c48ce3b5e31,d2e6062fbd970df3bbbc84224fd9b1c42201ec67dd202aa5835096660508072c,415b4b7520c4229917e83747b4472c390c1147a42ddf12ff0ec0874dcc9d86cb,train
/content/section_01_workspace/data/raw/spamassassin/easy_ham/00041.002af69a10eb9b6683a7cff5f3ac14b4,0,3caa65c7002791a2d584a7281c6b82cb25bf44215475a581364585ff1095c4c1,fdf25c67bfd5d6f9a798012be83c2dae1f0c73d3c42a7b38d1902a27c0a98ae7,dd38cc2dff4c315a5c284c9eb69d5dbfe1eaf792a20e14e67a0cc157a1f15dd9,train
/content/section_01_workspace/data/raw/spamassassin/easy_ham/01214.7c4b7b61391c72f324a17a04b680c30c,0,9c4c9c387a96541f0b73f592825590de84c5cc8b55cbf8b0c90be8173bfa4c54,1baf8b88ebae110eced5e9f855a3d9d608b9f20603337ff962318006a7ebd4e7,ee40268e132f7a5f23e436a98be6ce06afadf2cfd3645075e23701af3297f0e6,train
/content/section_01_workspace/data/raw/spamassassin/easy_ham/00736.ca47a5a3b86318e4f1ae4d6bcaa7fc80,0,e62c7c6cbf0e2d66c881f7f96dcf3c8f61223948745ddd343843f2a9479ce2ee,1ba53d7610d2ba2fa15990734e7973bd0108b4692f2b95277dc301723d2c6eb5,b2d413f96cd6c6d601145c8567a48c15b4259cbbe033cea21a8ee968db973695,train
/content/section_01_workspace/data/raw/spamassassin/easy_ham/00497.d1de10013dcdc07beee6507aa0d274c9,0,a72cff69b2a323c69186155ca6c85a8a2996ee0adff70da0b0844cbbf6f73543,b0b2e69e866e6aeeb85b577acb3c6263e8ecf753be578d17ffb1bf79953be92d,79c52c97cf000bbaa3515a89fc6a3350af14060804fae3f4c5225f1dfb13eb5e,train
/content/section_01_workspace/data/raw/spamassassin/easy_ham/00059.34a8067a36762120b9292004a4d68558,0,fb61c45bed2e03a6416bc341195424493f2c50510ae9bcb371529808c21239c8,86bd6d8a4cafdb79f2424efa61027b0a0d08601759473f6bce0f62ee19c557d8,faae3f4d9c759373a07d6bb13d7a0f0714e83970110fcc0de0f7d163e3090033,train
/content/section_01_workspace/data/raw/spamassassin/easy_ham/00814.6095f126eed33df37a63e3a37b2728fb,0,c94fff090343499ef926e57fbe1199d911c195eee3bf252186c616f678742281,2be1013d451721674133e9a1670d5267e4f17214156c1d0c1e49f261e46afdaa,ee215636ecdf024f17b44b30828b8acfdb467250b76e95634cb0f6bbb3f21091,train
/content/section_01_workspace/data/raw/spamassassin/spam/00345.613b3c2aeac033eebb379c91b8ce9fba,1,a595711954bc93748aca84c9a5c7ac2f48fb91014b83c01deda7f4dce320d135,ad079700f7d8edbddf1e929af505a9983ac06c0b7385af3391c20a906e3e28e6,ab6ab33c2a431db66457324ae53de4211f0328ec120a1ea3042d456235a60bd9,train
/content/section_01_workspace/data/raw/spamassassin/easy_ham/01433.4392b7c4884f0f218e74a0b86cc5b8c3,0,9b459f993cb7f68d2082a42b5d17ad9eab80a07a13fdd79059f51e7c071b569b,21c2d6612586bc8e2eb1e9bc111ce40a42e20a77af00e47e3074e7aaad87e23a,39861fb2d0d8e468ee31cb1ab3e52c959f0c76d4a451d726ff7029dd5c77c567,train
/content/section_01_workspace/data/raw/spamassassin/spam/00107.e6cd2d9f49514710dc85db0fef5b8726,1,fd0bf0d1a64fe28467c71a36c2b5893627b9bf156476dfaba00f9e76e521c9ba,7e47c8871ecebe087a1d9207306a09d1dce84e06fa8b857a3d7eca1f64cec4d7,1566ea08929d0d16cbcb126ef86a938535647d3a40c67194e71c78de1e58c3ac,train
/content/section_01_workspace/data/raw/spamassassin/easy_ham/00127.c1981aeb12ebd22536f12f0a044efe56,0,30036f0b59592f5c356ffe85deabc61c6c0d0fbec96bfc99c9b0830a75a9543f,de61038475d1764053715253e51cefd26e1780c67d5fa21a0740bac45c35b0df,d6db2d11bf18b2de2b870052dee7942abded81d1af4fe2526e082182512ec7d4,train
/content/section_01_workspace/data/raw/spamassassin/easy_ham/01098.f1aee47bcb53f9e9810bc45602904ecb,0,828d912f59955adea6cc82ecbde41ff00e7b4e1fdc17d4969cf7abcbd1a46f8b,97bab39a509a51c5fc1565d2b7b356bc2439844a54649b942a0aa27deca13675,39515295e21be7ad97655367cccd3c2a94d7c60d1001d44d200b06ae1c875d11,train
/content/section_01_workspace/data/raw/spamassassin/easy_ham/01722.d77de28865080535c4e108eada26ed24,0,45c79d9638ffb852a37c69a6733558348ddaa4b8eb81217d23aa24b9b725a12d,5b0efd5f444e333760e970a91c525baa378c960f1d647ffe970b95304c7e2b24,d9b6fa22d12c721351ae87c184413ae708bf3acdf71c136058d878aefb65ac17,train
/content/section_01_workspace/data/raw/spamassassin/easy_ham/01914.4d0a9a472c29ba4b5fa18e479881f627,0,a2958551eea6c5c4394ff66f3a276bc1efa528d8e0694979bfc6ed9bc36d8a72,c0e7c4d09f82425ac15aba118b235c502d439aa74cff9b7b606e0941f86eb3eb,4642f08d7bedfb5255cfbed29a394f12ab212d03ca08167cf546aa997e3a8ecf,train
/content/section_01_workspace/data/raw/spamassassin/easy_ham/02104.aecac880ad87b5a3e10b11414fe66746,0,06867547449a0e74d50d4dc64bf4d0afa454e76d4980856608ec0852c9155e58,8c93f17313c41eee0cab66fdba3bc3daadb12109d7806c8e3baf2844bace0386,966c2f2e965988ee4ccb054612452fa618b8ee5f593188f001033d642f9d8ce8,train
/content/section_01_workspace/data/raw/spamassassin/easy_ham/00741.03396e9c6182ba4f821ba2cd3740d1e4,0,106e35b035243b197ab88c1bb6d20db6e0679ece64e4059003475bec6b5f3db8,bee757f8f502b0e7ff82b69393724433c534109f6869a12e14fccd2919bbf841,a43c68d50c3c42186154aa45e0a3ce363f66e3f3c67e25d6ce7d49fc65f00d0e,train
/content/section_01_workspace/data/raw/spamassassin/easy_ham/00762.c95ecbfb41e18e9ae4b9aceb4a7de176,0,34ac2fa96a3af3534ac1df4b20963ce843f8b7bc2a56c69794f4ac8a303df2e4,277bbcec6dde1a8075e9e0841967ba5e61dad22360cdeb3ed95798ca0def7d5c,cc3d08defc70a27700023b17f6b113616ad0f879057b97e14ec651629946830c,train
/content/section_01_workspace/data/raw/spamassassin/spam/00177.56ed33af0cb1d0f700cc2d26a866870b,1,45bf041434eb63099342e6f48be1f8ac3b44386c419365bd3f023c3d9469fff6,efd9c05deb51c1ab9cc7b2593f1bfb5e1b9efe54cc9bf412f197f06e4cdaab58,2fbec740aad12ea3e019135ca3de62865d80953997ab11ffe0a7988702a6616c,train
/content/section_01_workspace/data/raw/spamassassin/easy_ham/01470.7c7fe4fbf02ec4ec0361bac300830e9d,0,a1cb86a3abba28db4f639a9e2255568403a4465be9f8e83cc3bb03aeb29902d0,2ae94ceeb09f0dcc42ecb992e2438aa6145cb99de23bdcc0d2f4ec63a0e7c783,c5cb90af46ed243efb6db479b96ab0c74d3f0487ca6aed1a500a6a70a4120109,train
/content/section_01_workspace/data/raw/spamassassin/easy_ham/01338.d83fecb2046120fc72d0bb23c150ec4f,0,3ba0f93932e68bc768f45babc7c9b9e5d042d5de0167d96099d64896590057be,0ef6dcbe193634a2e33643a2153a73fcbe884223ee3f49085e2aa6e647f44777,f47ccde8a4e2267257313ef7c18f7ba18914f8a6497631ff96ce0e808dac1871,train
/content/section_01_workspace/data/raw/spamassassin/easy_ham/02027.60b6c65b051a3172d1277cae222638c7,0,1132a0e456e29d338dc82bc6ad68de9ff47a0a58cbe3475e83e29dbf31246368,7594b9c9927c5ef33b020719f76c5b5c1c54a64b3f121e8b331644f58122ff3b,fb9d13af92c7a2bdf1762fb847ca10a254f2f094f4f4c24834d2023ccf73ebd1,train
/content/section_01_workspace/data/raw/spamassassin/easy_ham/01061.6610124afa2a5844d41951439d1c1068,0,9fbdf0473193b3f962d37eb64e72a56dfc71d811444573334a750362a853f894,34c72ea187d096482c4217c77fd5598af02be1b422f3952340af19af831f986c,5619a8ff656c6f3a08b89c443845b033baea71c0d0eaaa4a0d904a56fce15cdd,train
/content/section_01_workspace/data/raw/spamassassin/easy_ham/00514.d44bd760b7ea720b9d1e1a7ba105e696,0,4cb4e37cc4f4f1f71c2aa36c678c39b5614f5e8669e21209649d790149952820,f235ac56462670c43e2533c5a1a40d5167f81139df155223e23cf1c95f580fe2,856f9691f70317a7d42d6b22b6f68ef4dd180fbcedf92de18562a6d261edd648,train
/content/section_01_workspace/data/raw/spamassassin/easy_ham/00351.edc235781cd0e2e3b562d868d3a8df62,0,86cba9a71e52be56df8aa4d97d2e0e0403c2685a9fd9c73784f6ba6a51a364b4,7306d10bdc76dc505964d32f17c363fef564999aceef546ded25428cda6542f4,54aa964ae989339b5ea7d24afa563df9bd5b4015ced51ad48cd6a8057e2642bc,train
/content/section_01_workspace/data/raw/spamassassin/easy_ham/01986.50558fe132d11c723dd80f7b17944d0a,0,18a61cb70f9cc04cf12669b34c12dc32fc881c112cc1ae0d8b3e88393bf79b8c,063854aa6910fdaf314f5b4c45d497813b680e9d6323c3804b316cabcc581ae4,3b754563cd7c4fd4235501ddbf0228b3b20f54a2744b70e46ae8395f60635b17,train
/content/section_01_workspace/data/raw/spamassassin/easy_ham/00543.0641e755767b41b404070e155708cee6,0,eb60406235aab6d936817024db86866bddc7759a8d70dc09850251843a9a1b89,41f1f24853d408abab1dde418444b39045aa38632d5eff73d0ff73c9d2e443fa,59c37be22e927fe012d7aa7a59a552b89fb2aebf68c7999194bbb837527f4f8c,train
/content/section_01_workspace/data/raw/spamassassin/easy_ham/01150.8cf9e9429b48ec70e4912a0acacf6a99,0,3bb527ac14d0b8e34f813ba7167eee709dade2858f91a4519b07bf64688fd3d8,968b1ebc1a8ea51af4d4acb0a2cde6789d2aacc9c80b4d760bddf927805df165,9fbdf990613d3256573bbee825e6592690b9c5c262214929d8d3849aecf1a1d8,train
/content/section_01_workspace/data/raw/spamassassin/spam/00083.c1891c507954e5b75b72b16712e799bf,1,f7525aeebc9cfafb2442ebf4b2c2f3789ad9a5c4248639dab3e33cba86a6f3f9,c712eefa4e55545e5a31dedefd2610b618f85e8f11c8b8413a10011db6661741,0e0d756a6cf43d7d35e5c89ace9361a6338dda55e886030b8b381d2c1656220c,train
/content/section_01_workspace/data/raw/spamassassin/easy_ham/00763.509a13b8ff69430aacaa8b786b322939,0,fd9c35161359990fa5ea8ef7f834403acd61dbfb9f16a0a688be901e9eee2c76,ab6be9158e05a5fb3b22739bd29629f89341076f7ba63ad8ce7034bd77f034a4,5340b6d2615bbe7efd4ba213bc5c9095f1376a4ccf0120531d3a90058f8289df,train
/content/section_01_workspace/data/raw/spamassassin/easy_ham/00670.be029e37187b8615a231865e3663dcf9,0,f4c8e1ba255bd5a6a3573518662645102df58ab9681423a0a4b8c81a9317f31a,5cf1d1438edc943f485b91bc4134653b543237451d31d7501fd60a080a7b787f,3a7175763d4001c1c162c9c5a56fb5734baf99ca70c47e11da9ad1abd581cf26,train
/content/section_01_workspace/data/raw/spamassassin/easy_ham/01070.6e34c1053a1840779780a315fb083057,0,e032863f2cf651b610e581bc3fce899445447f6e8355c13cd24dfb0884df4ea6,dcea1b6b4e4d87bc1be1bdeb5da57986b3adf5edaac4479d0ab2cfb55b990d25,a0b17c9226d0a0afa115919f105997d77de6e170f98164e917c4b80dbd36570d,train
/content/section_01_workspace/data/raw/spamassassin/easy_ham/02111.b9e939730374567a02cc9163ad2bdae9,0,71438aea073c8ca344c13a31838be108b16deed78897afb1e1cd9569e61ca526,0a13f28a8c98430365f88a2bf61cc3403b6caca285b1fa67155e49d215e60cca,88d34d0075455ceb2cff0e0910f9e2be1cd36c2345440b25cc474e2e62b13fe4,train
/content/section_01_workspace/data/raw/spamassassin/easy_ham/02285.55daa852c99a6745283e6917b27e4600,0,4912cb9118e39489b58d2685eb2e6843f76f7a2fc94b50690b7f2c7bbe94e393,bfd9c8f36b95adf8907132386c3378ff7352e6a54045d0a85995c6406771e420,6764c8a4b5769ed895f38921c6eb7d681233704ec4ec1978c8dc615276b2e595,train
/content/section_01_workspace/data/raw/spamassassin/easy_ham/00467.db0549489738f320732f286f74986743,0,b8cf5e69ebc934d5fa7cd39430ce27cf03f2a04ba1c330b1a23778ee1ab85b71,774790c7a681b954d79947660eae14028cdcd92663640faa15fbe692abadf545,e5d794e24dce86700cbfda8a926cfb26e091f136fd0385ebed48a5a6eb976d7e,train
/content/section_01_workspace/data/raw/spamassassin/spam/00124.db848e36f1b4c2705cbc16ef33a302d4,1,7ccacbfa9842c0317d1809ed896301aedbeb5d99d3c17eeb3e0546b9a4dd2ad8,d785fbbb35ba2607913e475fc9007f92de008390bf58ee68a3bebb29e4f82b56,a740a449272c9007e972334ad52aeea0dc86fca4ac52b856dbf261f62ff420ec,train
/content/section_01_workspace/data/raw/spamassassin/easy_ham/01419.97da4f8a986b55cbe1f81bb22836ac58,0,cbee36dfa9f422edae2f4c3aced7475ef4283d21a709b79b0cf9096d48e51657,7b5295e890f5d1fe0aa7d2cbdb16eb71967397d4144422f2c77b91aefb475806,ef974de56365a227f9f020602e84cf44e41d7b42e9fd4fe51cd5f9882697add2,train
/content/section_01_workspace/data/raw/spamassassin/easy_ham/00225.13c1eaece69dd93afacadb48189e65fc,0,363c5cd0f0791fda3b29bfb160324031fcf89b18ad0ca34da021b8cc3e545240,91538157b5f6a44b0480d9b9dcd65fc0918468c1827aa91aaf134b117da7dc0f,9b39cc1a321775b2877f1380fd5c1b9607a84cd8c685f450a4c83dd39acd1302,train
/content/section_01_workspace/data/raw/spamassassin/easy_ham/02256.85f12e332ce4720e3ee4b91ee62c5298,0,ecdee243f3ed2168d67dd5660b74ddcc16d7b3f14d23cd806e4333525723d899,ead2772d44044d5e41b4d50be645aa742c071ddf756a1018f292adbae2d2a2b5,93c2e162c85d55bfb2f278cca6092e630d892ba0a19ac271a3414b1efc68b127,train
/content/section_01_workspace/data/raw/spamassassin/easy_ham/01935.ee107676efc24029cdbae10a0d2fdcb9,0,d556ac6b1e2542ede040df029d82b60a602843e94ae4adfab778bd73f07fdfe2,b7f2b61e7c8c0268a7bb0f16cfd3a6fd9da1ba8b0824fe83d6f48fc4f93ec1b4,eb4c16bcef7737ede5a516f392cbc932d79e717879be39c8f75c6bc3f1d3ebe1,train
/content/section_01_workspace/data/raw/spamassassin/easy_ham/02183.37c8e1fc380f9d2db2421ac4c1bdbe4a,0,398af5052d002001ae86e8fad61b8c63da3e03fe6dee2fea5a8246f31b94c3e5,dfd9929e14e6bd0ede7d58f7bdedb4553f487e65a9f506faa34b9ce2facc320d,dbb30ab245798bca8631a5245a41eb527ff2ba0864c8f50f3ebbb1c6ed5e769a,train
/content/section_01_workspace/data/raw/spamassassin/spam/00436.4ef1bd17d9202e4229485da7a47afd6c,1,c676244706f1e553a9a67017bbf38d154480ceef099ffac691179a177c70112b,125b53f2f7da06e30a87f2d2e6a32e6bc02920a022df854bce7702467ba3a517,e5b3105c9f4e4c843a4c252a32f6b6bfc8413096c0d3bf160bfef6bf9e985a9a,train
/content/section_01_workspace/data/raw/spamassassin/easy_ham/01984.d4decf46e66a4fce3fe8fb718de0345a,0,5504eb3ab08aba11c0a6e127cd8fd1295971c24d59be2913e366858a1fb0165d,1ea1cc2b99b2cb171d47d106dff6751eb64bdcd24ccf5ea73bf5371ba441db7b,8390f04c2cfe1f26f059e68cd6284f7113e670d7565f9c400fb1cd66a8dd1a30,train
/content/section_01_workspace/data/raw/spamassassin/easy_ham/00105.00d508c7c037170e597798385b380a80,0,3be9447aa946cb0c531fe6268d5cb65c15a0305fc030a3bf8ac66c95db43e70b,b2a50a55f3aa095133e9caf55b7bf1b062483bf24ad808ffa70d47c8e2b9808f,7ef994af93b32c12351168af2882a7ff4d559f4850bde9c53c6fcbe9a55f91eb,train
/content/section_01_workspace/data/raw/spamassassin/spam/00148.21c30154aa358d903c10c5d8a3ef6ffd,1,54edded01d6f97d4cd78a347f2e35ec21ccf08ecf81e981882a2774380df14ec,b9cd212fb3f39e5117c52097b943feaba059d4dc896f2497380b63d3f324d540,6b1c0eedabbb4ca2214882eaeaa3b605771df65c9edecb4cc51edf47f79ddf8d,train
/content/section_01_workspace/data/raw/spamassassin/spam/00324.6f320a8c6b5f8e4bc47d475b3d4e86ef,1,7bd7f42234a5d23142bd2e3b2888d522932e2b1dddb0439e0e42de8369fc5dcd,cc21a0ff0da98b9c84223f374b4c5df1b7927ca6dad0fc90562523f27c3913c5,9880ee1018a80a0112ee1fcf80c6bddec07aa9fdfdd484a6925a2597d3d56426,train
/content/section_01_workspace/data/raw/spamassassin/easy_ham/01228.8d68492f313838ba1c667c04e0886f86,0,3e2a8e0766c3ab2551ba17d0f63536cca635e324c80b802ac3df6587370d2717,5d16b98e3a5b1c63d052f5100ddb868f18c6efcd33e89bd5de9de95a4bb78ae4,3041e8dd4e82758634da4eaf2204948353cae91995bc771fd93272a2a22162d9,train
/content/section_01_workspace/data/raw/spamassassin/easy_ham/00799.160a04b5935b5a9610b4dc15951b5d30,0,a6248b254e384c2ff97bd555e3d99418961c11d0dcba63d9618c7d6952780636,2699b5072d5dc97cce20b11ce03b5ef55969eb7bb168f5c195fe17ee7e44d20e,fbe1412eef94dd554d9a2f183989714c9737043557a2537e259ac404f6b94f80,train
/content/section_01_workspace/data/raw/spamassassin/easy_ham/00524.8635e65e0ff007a8d5cc29de21c04cfc,0,199d4f5b752ee7e703ec009fd9150a52f7504863704758194273ff6ac198c756,e0086d74e7d0e4580270f028cf342498e24ff507d390617a4df5302dd0ba92e6,d7fe8e30c476b77bed4fdeff777b35ef760073e44dc60038247e048e352a05a6,train
/content/section_01_workspace/data/raw/spamassassin/easy_ham/00899.d7f9c80cf9bbd1355322a75886903b65,0,19e0ad6c651760e1dece823e09776075fad72ffc5b23b9b6be75dcb28a3a837b,460492c3a828442bc018c47330e9ff41084857e21fd6e287c653bb4978150891,131d66419862a0c5091adc114ddde070ecde72547853c374132346df43fdf094,train
/content/section_01_workspace/data/raw/spamassassin/spam/00061.bec763248306fb3228141491856ed216,1,4d822bf8bde580d0a9e8d4f40312b0bb7d73f623c3f8f3d6809f28a88aa29b23,369d024dcaccb1b59d42d630ddc09b9be014551e7e85d4930cd4cf6188a76753,dea8f744e4e42f605e4f9fe7eb0d4e84f479d20e3b0bfcad73064b3baf3033fc,train
/content/section_01_workspace/data/raw/spamassassin/easy_ham/00730.b2c9b979063d66d1a14f8d834a1c6dfa,0,1b1357ebcf8685ae89ff084b92b67849f632b88853689b90595130fb7ce2c79c,0036ec569cc541f33c92e88d0f04f1557b2a1e605cfb18c2d8e1406d1f8ce57b,b0052ab39252c7c4cc9b585107cdb5a6a49c36a2884a507ba3d31a894da119f0,train
/content/section_01_workspace/data/raw/spamassassin/easy_ham/02039.e857d7be701dfbf786040367b1a7c4ab,0,453639088457e037e4814c6ff76a3cb2f66622c8668b058a940399e9c6ba94a5,c24af72c7c5f2c50cbc94e5555df0e1759f41e7040d03b9d7fd91fc7f9eb3b30,0bb9ad97116c6c284c1190c19b8ab3ea5edf1796305fc6f37d56bc79dd88c6bc,train
/content/section_01_workspace/data/raw/spamassassin/easy_ham/01969.cf0d52e9e3e36aad1531882f263d2c16,0,f63248073f11f2196865d1e631c548dfd40a4791a0ab8cba5592059c57512618,d04600004c42056d605dd8bd91b39854186f7fff12b5b1ab471a021180c06d34,913d249e8e1619db9aea516fbf1e41612b72b7bc2c608794d5644e7326711ce1,train
/content/section_01_workspace/data/raw/spamassassin/easy_ham/00343.81675074f7fcb53fd83ebabd4d158cb7,0,46293af30eb5221e72d618920f7aa871a8f53bf90ee37e4049eb81251954233c,5f4a0f00d09e0bd389b827976fc9b1f1bf2e69f95f59e38265eff83da4660edd,40942eeff24c4cf827984170df00fdcbd181f24d432be009f7760adfc0b75fff,train
/content/section_01_workspace/data/raw/spamassassin/easy_ham/02455.8cc0169c74f4414a3be8a09dd7417450,0,3fe77b6d4c9c2875c7e3a8904dcb61d2bfd26273a0d0803a0a17f5e00bac768c,f42ec21bc69f679969ca31fc8d44e254ef6a573b8b3a8de52a1f6ea3b466ae83,c176f34f4f3b95b41e36b62e292df03d3cfbb6e33ace216852789eab8117ac83,train
/content/section_01_workspace/data/raw/spamassassin/easy_ham/01459.47dae1d7997a3d599a8e8f92e53485f4,0,f4d3b297f988e1e6a77856abf64c78485cf1be4d3994cac60fbf84b90561dbc3,ac5b6da4a94393a73609e9e37aebf24e3674b2bcb66d3e206b840c64a7adde20,79913cc2112d63d5d3e5dadc5d0fc4b53ba80b4aeddb5d7408574551f57604d7,train
/content/section_01_workspace/data/raw/spamassassin/spam/00359.4ab70de20a198b736ed01940c9745384,1,4f0fb8843596b24a5e5dfde6c6435c0277358e64ad1e7a5a59f6004a21e7f194,ab1b738c420dfaf5c7f3fa91c9ce77ec0ea3aa67977687575121857b2ce4e06e,ce1feea0b9cce9661e467412c3ce751e75f8602cdaa1d9a889dc398874dc2808,train
/content/section_01_workspace/data/raw/spamassassin/easy_ham/02102.1c6772318e1a478b7363393023e8615d,0,116e16ec09bbcdf43e593d0b4cd68f2ae897e0f094de3d7bdb063b81d5c082e5,586871f1df145b6ec9fac59e9f381f3f64ca2b2c79ee4383658d91b02c5fb44e,6a6bb2ccdb471c557dddc3fd7d9d394437a4d524c8fda2feb2bf983dca68404c,train
/content/section_01_workspace/data/raw/spamassassin/easy_ham/00570.d98ca90ac201b5d881f2397c95838eb2,0,46d9f850d562531c03149ca98f59cfab9f62e61b7eb3fcac2d102a65e3e8a2a1,3dfaec5aa9a132bb6e6c53c1c82be6e67e35b326caf08bff1ebf20c3c340583f,90ffd443565506941b7eb08d2e574004c58e24ab9acc134afed684d7c41cd7e5,train
/content/section_01_workspace/data/raw/spamassassin/easy_ham/00769.25bf9a767b5db0ed93f03c1637281663,0,6673af9ec573528f17fbb0faba8d47334694736fd2e1e832379e8061ff018c16,97c180cb05eaf2e849188fb3ed5e515ebe769938faa357bf7293a0b8554c3d87,0cd8c57bfdd5eacc0c970601c8bf7c5c619050afb2a55819ebf4d27f1228c42e,train
/content/section_01_workspace/data/raw/spamassassin/easy_ham/01975.cf8723fe55a068c4cc86a29ba3d7a96a,0,54f057f40dd543743531bbed9c9f01b87d9b0029c104823568e9bc259fc028ae,890e951d7e463a2f1527d563b40433bf28e8129062b8d7b32750c99f69eaede8,c5785c90eb705a59a4c93411edc17aa8cac2b0af7c9ed54b8e2525b1ab081096,train
/content/section_01_workspace/data/raw/spamassassin/spam/00380.a262abe251ca7cc3026e4e146d9cf817,1,46aea5e4b45cf6545f655e717cafbead7d9c56dcdaeecbc80465f14c998b781b,0b3094eb369008cfd99b4a9afdbfdad084f80c6f3b39a46e4de34e3241f9ccf1,f0a229070543d7731fd909f1cefd86d7c3ec3542427638aa801a1c0ee7fcf621,train
/content/section_01_workspace/data/raw/spamassassin/spam/00472.713268dfca421e165c1ac59bab045e00,1,e2285ef4afee3a84332dca3bedb0db7ed7d5eaaee03c9956ec3d3e36e830be02,46e3c912b84600bc49a48168e10ec58637332c5f84c27c5b4bf5b6aac5d19d87,87e6b8d7e358bd7747bd8d36408d41808edd801a84b5977efac77a886f12b522,train
/content/section_01_workspace/data/raw/spamassassin/easy_ham/01342.ed7748538ffe5695ead0f2135d88d9da,0,7a9c9ccc536605e6ff49d249b4514ce0fd547ff9ac3be7aa9c758f448b376a97,5ebdca8de1e4300108c00a9cd0f4f114ed0de1988f05fba490148c7e03b648c0,f766f6301de2581b4adcb43a4fd66f0138658a11f2d10b6c4655116a84063d15,train
/content/section_01_workspace/data/raw/spamassassin/easy_ham/00008.5891548d921601906337dcf1ed8543cb,0,41da39894b6821063396d285d0fc42c35715740b5d09e4ee91767fb68c8133a8,5257f7d5aac750a465d7f828e5da8a274c5ee509bfb849b32bb2475c884abfa1,f1ae9b1d85a88d44d0e841f8b3f6a361c9f33f201f365fddc890c1b54c16baf7,train
/content/section_01_workspace/data/raw/spamassassin/easy_ham/00267.332a04bf60ba54e3a303ee253fb977ee,0,75047a7461e05bc57701e5fcc4a8a716c580a22a4f23154d1c84a0d9e199b5bd,972f8c63378943e38d0600e422ce3e7fc64ce027596f0c408850a72e6f39850a,7f50421e472b91177758a1837c8d7ecd46edfa38285439daf409c56edb28987a,train
/content/section_01_workspace/data/raw/spamassassin/easy_ham/00709.ab6879788945a66541ed05b4f23edbed,0,705a8e7bf10d7b105166778d5d575182d1e2178689c3dc853899bb8778a99550,a0536279a4ef161937f545f54d6e6cb4d0724dd5253693f0e0e15db3a3b1c844,d2133122d85a3338a7e63a0b1275ae526f9f0cfa8a7b77886976b3f2e04f1f4f,train
/content/section_01_workspace/data/raw/spamassassin/easy_ham/00532.81180d4d1d632bb50c189b51f83921e0,0,6e5094ef5dbde20cf27f23f75a9f77f1c4f745a93b3eb1b28c2c8f6d7d7f53cb,ecf1182536fa1046e597ce7859b471203656d7ffacf35d5b665aa6d968f0bb8e,2eb6a32c3442d188c8019df5bdf9aa553747bcde5ef2f60aab64c1669d157c0a,train
/content/section_01_workspace/data/raw/spamassassin/easy_ham/02132.e928b9a7c9ef61c237c9c4436c915883,0,4706f85df5e1702d23f30aa63577b8922e81538e1980ef06a07a8861a1b188a7,488be405ac5d11d909d30675db0a372d4859603d1156db1a75a9160d32d7950f,dabd266e74dff88630bafc3535e4af64fb58ccf9ff50dfcde251333fa9a9a902,train
/content/section_01_workspace/data/raw/spamassassin/easy_ham/01354.8a0699778c705d4f2fbc6f611c11bd05,0,ca4df9b82b3fcc0fc70209351051cfbcd758a21bb3051d246229b8bab8127f83,bcabb6f5650a485718bb175a5056df8e9ef5b141fc1f0cc961edc973e1fcf960,ba13453a0147efcdf5764f7e0b2f0e8563e1e9d57eacb53f4523ea18d742fa26,train
/content/section_01_workspace/data/raw/spamassassin/easy_ham/01434.91fb1f11e7d4feae12121239c4c19d9c,0,0b8d3fb23cbb8c2c51b837e46d832c823d379aa6b8984c03aaceff7dfa920b39,21cfb2de8751eeaa7f183b4018f74afb6c7a196718ffe474bd87fbaafde8c7a4,9b9cd6b217f0dbf6aa2d961fd41007e94b05e4ffda1c516c8fc0b813157a52f2,train
/content/section_01_workspace/data/raw/spamassassin/easy_ham/01874.e7532bf3a643c2eba1d2ff1dda98aa25,0,e3dc27f7ed9c24f95ce0151ee0d6ffc26d65b577137fb62c8871450e670a26bf,e3d7d7a8b0576ebdf05c267c58221cbccec636873a8b562ed13da4e97d88a2cd,d45119e03d67c9d2d58353398dc923d9b936307954b3ae0fd9d5adcd0838ba17,train
/content/section_01_workspace/data/raw/spamassassin/spam/00180.13a95a2542a0fd01ff24303561cca949,1,b60dabe808a5affb56a39c1ea56dc8a315d7afab97d5a3f893b39b652b16c5e0,cd26d509ea6c16b654193b0075e195cc4cec8ab6a564ebe05cfd45e41d4e2336,81d39849120c72c54aa7e0a33eb8fe74895afc13deab86e27e9edcd763d29f02,train
/content/section_01_workspace/data/raw/spamassassin/easy_ham/01476.63631b2e613c4c2cafa59a581e2f620b,0,6c873f5c0b3a46333c9a574d358ae73cd5d0342cb2700e22dd447158032cbd20,e1777e74a465d48228934e0cb58b963dbce11b32d4f1fcd363a8005421432455,986caa07415abd7b82f958ce95258ba93aab5149e8c1a8c5d0f3e3da7e81fca7,train
/content/section_01_workspace/data/raw/spamassassin/easy_ham/01769.c9114afaa3ce4beff694dc5cfcfed322,0,3d8eedbb45e6efa94db169011bb37c5b3d799c5b629fcce39d63a3279586e60f,a3935eb826f2843ed5f5ca343a087b7c879c5f4e86467c264527609f5c93c535,96f16a7d4e43c3f04512d5dfefe2579444bc696faad256b85bb033caa08eeb15,train
/content/section_01_workspace/data/raw/spamassassin/spam/00425.1434e0ab4e5235b64825b4c2a0999d76,1,c3d1b4a9a4668dabee2d4f36295be7578c28baed586a0c6bc313a5d94bcfd487,a3c54bd0ec2e0f44294851ce386b1d49ffdfc38546563be6af9cbca66c77ee01,1c5128bbdba7c696075a3f56e6939fdc9123979fd1531bf0179a82b86de2fdc7,train
/content/section_01_workspace/data/raw/spamassassin/easy_ham/00081.c16e4d631ac7941fd25ffb1cd316e100,0,fa1343a99172ccfbf2a79874a8f6d1102e7c0e22a20e628ff1e094da27146e5c,12b6eada1668b5afea6f747f49ccdbe63690fe2aa3cac1ee70f2e8f3364d1f89,0e2b7389dca38d3ff0c843afded02f764ecdc7e08b9d975f7e540b1e3095fc27,train
/content/section_01_workspace/data/raw/spamassassin/easy_ham/01979.d734b8873a97f8bdd28ff533c2a57bd9,0,d5e7ceff49764458b35929d9b57749734ef1d81f0fcfcef2f937668a69884c8e,eb327d15773573b8375c156a8584780e4a09e8fb07cb276cb9b67eb0ebb7594e,427a640e36cdbb8c3d10d1816fac6dccaa5b6071c581611f1de9e06a99c72006,train
/content/section_01_workspace/data/raw/spamassassin/easy_ham/00073.30ffa73f8021a40ac03218af092d0dc7,0,61bbc0a59e70e8c28a572a897d9145b7d8c99b5eb8be385ab16ce9f48f3a16b7,9afc7810b9338f7987d4e03ef1aacb1bbc800dbe58fe3c2a8b7830b95d7c12e8,b22c3d7c50715ab8bc08ccabe77e43a6f7aaa9d11d544856c523ce3e2f1d7b5f,train
/content/section_01_workspace/data/raw/spamassassin/easy_ham/01813.2711af4b8a31e4ff0c38fe92f2fa79d7,0,cb073bfffce929e2b57cbd66e528f664f04774ebf30f6e0452520f6f34e3d770,3662f8699b7086e2e65a8cdbdc141418385bde434e9e3bff8f7d45e3cce8cef7,9cd0ede0766529a755486029318e8333dd849c56611f29066218fe01483b5118,train
/content/section_01_workspace/data/raw/spamassassin/spam/00062.3019eac14dfe3c503c03e25e70e63091,1,8dddefb85b45950c853195cc71eca76f3d08a41e603ca05cf15c233515aa9aa1,0b4d809b0ae0ea5edb2153ff13006c820fc1649228e47e08246c8ad0ed2b7d5c,8e6aafe7019c0bd4096f2a162c379cda194e8c94a951c39c68aabaa0daca3392,train
/content/section_01_workspace/data/raw/spamassassin/spam/00337.813498483bc80a24c002e6e7e8e0f2cb,1,2647c6c7579299cd290c1e6d5fbfb943a82baa412787098097ce7842fb2e3133,a81f981c936e90ffc758a7c913878f81804e6e7bb87b6325561183d96d5d9a6b,7ab843fc6e3f7f6871b802f918a90e0b788dd17c69f7131583df93c2de045835,train
/content/section_01_workspace/data/raw/spamassassin/easy_ham/02427.ee2da8686c5acea975b56ce32314b622,0,3d2048f10568bfaa07a4776811389bee9913530e5ce6c9f1688f73082dd4e813,12f049cfeeaabb0f25721234fd96256cbe557f73191290ec9051540908f927f1,1077346d93ab303181ddf99e74f052d76e790dd407e1da32d000d77e79e7a5c8,train
/content/section_01_workspace/data/raw/spamassassin/easy_ham/01265.a6a6ab5606db30f275ee08d3a54b24a9,0,556742975dce805d6b226c70c38f7cee6a6c02ed5c9d26699564c8e6bf6a754d,87e94f36db8876189e435b626d73bfbe1b77ae366f93e5b50fbe2d1d773a752f,0e1803c859c091ad64a328852199bd62e81b9057e93ad5a712fdcdabcb31db17,train
/content/section_01_workspace/data/raw/spamassassin/easy_ham/00969.2d5fb4b3c8c376b12157cc8e0a2e7111,0,13b780d3f98ae3e28098b1e95221ce021cf621a436145d1356920c773c0c3eff,f6dbd9c6b67c542d6da5055cf7f9be7ca9aa90d5482aaa1d22b6f335b3e2759d,48441f721d6ce03506e2c729638c6e4dd56bc5969d3b40b80f2e43fc8e0c6349,train
/content/section_01_workspace/data/raw/spamassassin/spam/00274.ecb5ce751d8768ef609c171b84ca07a9,1,988db190eb6112b94e3986428b50828946ba54ab47e87c2a00b4394f3f272c94,42bec98b78eb84ffa3137099c7ff1fafe30847babbccb680cb3a89a4bd375f2b,7eeedf1e9e299c53eca18fca368378f62f7dfa7b9143c608ac0564d7bb755eb2,train
/content/section_01_workspace/data/raw/spamassassin/spam/00440.647d9eb44fd0cb069ea92be204966a8e,1,9f10920ccf4a2cef099f23a7827f3a6d57502465e2c017f9f70d1c038d76bbbf,d23b093499f393818b493e681647ed3a0cb8a8d409c7d6e0c2f364f14c6c6121,d38864f22759b5b5b62494229cdc4cf20c108aef5f96d01bdd63a3708f374a20,train
/content/section_01_workspace/data/raw/spamassassin/easy_ham/02028.8bbeba8b0c9494fd378235a5ab6e0c34,0,5419409dc6f7def9f43eeac6f3c91d3c949d7ff8afd98e0319bb785fbfdc667d,33b8010a997fb949ca2860f50c67a1ad3abc8b7ca70073bd0be50547399a3396,30bb40aa6d4347d4bc7de5ec104331ba258ee45ebc4dedb9f6344c900df08701,train
/content/section_01_workspace/data/raw/spamassassin/easy_ham/01628.ec313c39ed14b11c19c8621f679fe2cd,0,464580359acd5d49f100f95159d1bb5abd54f1ef8bc8a327cf8217d5ac64f32b,2f403a99e8af33521c0fe2127d40d51555cf1eb8a8bb2f50c681674bc946761d,60d9741d16d1e4ae844a06d8c664833de615f0dd74dc3e7f79c43afa37f8310d,train
/content/section_01_workspace/data/raw/spamassassin/easy_ham/00510.850dcc2f8864451743299b60cbd4dd5b,0,db47f1ea60906ebb3722b57c6a2463479d69fc230daf5a506aec69dc6452bf18,72176bfb4b51f6124fca07ca746056274cb0e7ef9118bb064cac95cf67d61ab9,5ae8c6c3b62c6bf36132208fabf90bd7eb8c471d0dac40e89e847b304b203bc4,train
/content/section_01_workspace/data/raw/spamassassin/easy_ham/01737.0adb46c649c37f8f26c46c6d1b0d8d93,0,9dbad1d541a58e3619036ca6e7137474994d1668415e3d1c1e4b29f6e68f084a,03c6a7634f9e6e65feee3b3c430abf646b69f7fbaa895c3f0da0983ab0e09054,5af055e48f341a9d2a81d8aa548d2cd2b7a2a670efe39231b8bf156b1b107a54,train
/content/section_01_workspace/data/raw/spamassassin/spam/00016.67fb281761ca1051a22ec3f21917e7c0,1,99b2f848bbd9be72004fdde31f8bc9c3b34938b0a6215b802027b39e67967e14,830a0139da0f890a6c0a413544096e37967a0bb657a4c83602ac74323d9b6e37,03f2258dde1b3c9c4262c458032a95189d83ec2840e993163807a4dbb75bd114,train
/content/section_01_workspace/data/raw/spamassassin/easy_ham/01202.9fe368b4f333335b31d0d5ede2db37ee,0,27ed0e7baee80da5b0c51dded05b5e951c525dce379d63bb998b8b66c1fe117d,4d6e7472c028dc4314eba1aa212486018950cf50db5eebe99942253a6db33fba,98a4365147c44c46e219832e5a86be3b03748530ea775f225aa4de8eeae1d934,train
/content/section_01_workspace/data/raw/spamassassin/easy_ham/00765.ea01c46568902b1338c9685b55d77f6c,0,620aa52eb0a4b5805ef9fa20637895320cec25d7439abb0c6a16ca62c8976d0a,ecbf4f5b8463f8fd1eb374f96dd14298668bec75eb9d33ea60ef397d5ae9c1c4,da4708bd206129e1f404d49f9a2fe25dcb7c04ab797eaa6f5c284e9c5081a3fd,train
/content/section_01_workspace/data/raw/spamassassin/easy_ham/00312.2909c5a1114ade0b2aa7c3da6960a3f7,0,d7723aa92ffb2bb114878d508d338f5b19a38321033983be0ac54ae7b76c8829,66591903c4c2f9ac4cf18298e8c6ef1b0da52d138b43c6c6e0e547c0baa198a0,7cda8b93487f69a225ab01a61210d5e731d5861466f97a8235b1ec3c7c48e80b,train
/content/section_01_workspace/data/raw/spamassassin/easy_ham/02309.cb91e69b3d4d562c5f7f1402fa84f108,0,d8f894a6cfb9aa12ff626dc76b587232a3d1a07bf1174138721981fec8f526dd,8cfb8235c0b515ab2a010a7f297e8aff4a5216d23ce7b219f7676e5e17308b8d,cb25897e2a9d7047c2a25bddc626959e38a5c1b30ac38058d5e0f80e50fc28c0,train
/content/section_01_workspace/data/raw/spamassassin/easy_ham/01917.5d9c51a24c9b60a4ac76d2f55364acd4,0,ac81fe4964d49ebdb160603e54c5ee09fab113eaeb0ad945c41134dcb0586d08,e2891c75b414b5113be1ce526685a05816aa5aaa5f34ee6f648c87954de16333,da84f43319039a72ff896f240053cea63ee306d0d31787768cc6df24e4314ea9,train
/content/section_01_workspace/data/raw/spamassassin/easy_ham/02448.1daa1a47414fb57c4456af88204d029f,0,38f052b4c49902f050051bbe27b43313ec3a4eb23e81a3425ab5b564317d404f,50a75a48410de8e23b5bb5aff5da752966cd0aa5108f1ca32670e2eeaa834176,254c72e03c7746160a7d3059191c31f5ec246bef1df5ee18f317eb293d9ec139,train
/content/section_01_workspace/data/raw/spamassassin/easy_ham/01951.2705d634a1fbf2b8f592c5904fb3c3e1,0,eee4697bde4f07a1d32933d4fda24a2f0ad9522688dad5ec3f3e37c2fd659e63,fefcde535f95965ffa4df5bb7ec458f3f267c657d48ba52791e466dd0e751c47,7a5228a2ad6cf5e1f51c6e9332577d9c0a98bef07e92fbf5d9f2d7cab00979a0,train
/content/section_01_workspace/data/raw/spamassassin/easy_ham/01126.d930bf33cb3a9468623c15fb4cc24542,0,f9a2b2d5747d8ecb5adf7feb99984a341a6ceaa7369a2a1d2dada3b7694f4b57,e8336cfd81b2d48461406569d8079aba892bc363744cff5037330bf535edc58e,aa06b55a3a95616f1ce745fcfdd409c4fdcacbc4d73968857caa987eff18f360,train
/content/section_01_workspace/data/raw/spamassassin/easy_ham/00619.b2a33ba25583113a3d435bcbc8759244,0,76b1392f31cbce2ccda11b80dd26cee43d62dbc07c4e0498b7f18a30c85cc040,b7832c7b3966270b3e140e61e798c3cb689f0407e39f9a631b033ffcd464ca92,45cfc17f12fa2f5de94c63bd16bdba88ebb88feb7fcd47099f5a301cdbf69c1e,train
/content/section_01_workspace/data/raw/spamassassin/easy_ham/00620.8d1ccac5b4a36e47f5f168c19e6ac573,0,f91ebfc18197dcb3144da9c17ce21442848ee923be2faad388321b58a76daa7a,cbae37e9f67c8a47e877ca6b514b6699aff6c326f658846ebb334e684216144f,311a2512318cdb521e8b014644f46b4c0a571300f1ddec0938f96636a279e78a,train
/content/section_01_workspace/data/raw/spamassassin/spam/00137.09969121c8540730f1020b5a700b4c42,1,22e1783eea37119fbdc07bc1f05e3e387e641b1862b19113531ea5f54f1d6c6b,6aa014b93daec4e2d5ec7df4ee1f29a76268da6de7de6dc86351f68641d06f06,425d8d6f113b724bfbd5fbafdb723a14f7a1616fbebc09948dcf97df24a81525,train
/content/section_01_workspace/data/raw/spamassassin/easy_ham/00574.6c736036ab8317e753dae53ef19123e9,0,fbc7822309517f179d83d6460260a6613535148c5ca9d45a244066a3009a84bf,d175f6ea781f43f9434a3fc3703a8042108658611812a5e9c65162147f1d45da,f8447e582b1c3bd572c93c2c379ab0eeacf1f7e89267cc9a456d8a568cd5ac47,train
/content/section_01_workspace/data/raw/spamassassin/easy_ham/00792.f321af7901fa6c9e85362d921eadf2ae,0,bf00a3e875da35669f305671378ae2cba73ca08df0fc1f541c7e795b6113ef26,b1821846a5d96bf39b7f27027134203b818a72a1736ff09ae5b7e49a7e1ec318,9517a888a4339116c76f6b7099f43d63b53bb5b1619436a473c5ebf28e1ad29c,train
/content/section_01_workspace/data/raw/spamassassin/easy_ham/01994.6adf7b49957166bcd6d6bbd3715b44ca,0,5755c9109bf9dbe8fd06ea2e0553681facb8a55bb71a18435542a50b308481b4,3e17b5c68551a0a395837ba2e46b31620125285f8bb21cea64fce8e31aadd777,05cfa54ad05404bf0c7cea30b1a1b9880bcc7a637793b71377cba42cce293cef,train
/content/section_01_workspace/data/raw/spamassassin/easy_ham/02237.eb8f3fdf220396347b7d8a454fb9c330,0,af6e8417260ffe872e14ad055ff01e298615356e277eb910614f26d8a1646630,c1ad88d215989aac9ea222ac843c8d3fab82b4e624e65d7683628df7d21a03cc,a629b353aab0e3a9f76de7490b032b8b5826aa48534008d80d93961c15381918,train
/content/section_01_workspace/data/raw/spamassassin/easy_ham/00282.865809c7b627e9c6f0d5b32b5a80b02c,0,0d44ddc59cb3eef41a0f4fad347dbfde3224c6f40187c805484d5c58fb2c1f1e,a04011da1ebbe881fe58e10be88c6340201bf351ae4736f2b957305ae5a9d2ff,651c66700f7aafafe9adf8ddb0015e88abd85918f36b891e4ed1897e2ff493b3,train
/content/section_01_workspace/data/raw/spamassassin/easy_ham/02096.6666e73fdf554a7c90fe9713625939f5,0,afc78679814c2e05db2f32b77d6c2bfa6b996d694320aa0cc7aeed8f874cb4a5,6812bbc66f4fb17f751424992ad7055ec6145b4cae16051c359f7de7771f8608,9876c421615198afd8bbfd4aa07d224e9b8c781db2d370f1cf1002d65d141727,train
/content/section_01_workspace/data/raw/spamassassin/easy_ham/01109.871741426740bcfa32cdde600ea0805d,0,ad324be4bf928db30d1d4a103cceb1a0adea1e286ccb46f8a1fc9b80cf8b6a52,8eb1e7771df6397e1ea2ffaf9b1b797151ed13828663e88a5cdadf3cf55abdd8,927db5f20729d8d41b3a7cae3e19c4674861debe6b4d14bcc78d2e9d39493ea9,train
/content/section_01_workspace/data/raw/spamassassin/easy_ham/00606.9733a34d34069bbc9671b0292068449d,0,d4aa80fdaa1f184e958e0e5fa66d3595678e173cfedb77143f12b6739de0c730,4a79dc98cdce4e27114594cc28d0ecf4daa8939068b695fdcbec3e2c648fe019,cfccae9c30a7e2f2dfc80ac606a518d1bed8b0eb8a0ee93961c8293a2ad9df87,train
/content/section_01_workspace/data/raw/spamassassin/spam/00406.05e2214fea602970426862295f9b4a2e,1,4b2a4222aea278476688968a6b120c22e303be499f42f2a08123f041f3376f36,c1174b0326029ab11f7404d045c2969951f7b77b9a484880cf3e9390d29cde83,52e730ffb4cd79a975c7604642267aa6f803ac802dd42a6a44138bdd41561d89,train
/content/section_01_workspace/data/raw/spamassassin/easy_ham/00647.7d9cd4058b01e8b7f5f788e7fc159aae,0,adb557be6a7159221cbb989c6a1b3c4fb24a7ade29fe39d81e403c866bedae95,189318e586fa0ef7b47b2c2b45f4c79f5aefb40565d8c4a4ed32c3ed8aaf13f0,79d9bc8fd6154862403d58e78b3ce21df25b4078f425a6642ef7b0a4f57cfc66,train
/content/section_01_workspace/data/raw/spamassassin/easy_ham/02216.ca589f9f9e1aed8d827e21bacfc5f86c,0,65f258775c5094a70f30f061a36fdfb75f58ea091806b6f24356829e5f23c78c,1720da59e452180456208d851f6644a02f15b992d9698954efbe83e3dead4b48,3e83c55cb73717db6d6bd3507952313085f3e50a5731643e5379c27158241c4f,train
/content/section_01_workspace/data/raw/spamassassin/easy_ham/01620.444bae1904c633c8de3f890cf9e5a5b3,0,5803b93dfbb516350ddd42d95ea7b6bc551fe03e2bf580d26b5091c6658e4dc3,ecb316e02e914173af3c73efe8e3211e955418beee79184f5f9456d41a93bfac,839c817b344328d19efe15646c63c1716d0f457c4ee2d8180fa25dfb5d7b0a90,train
/content/section_01_workspace/data/raw/spamassassin/easy_ham/00605.63a8dd42dd6ce5499718d03acfeb0746,0,aca3498cbd0805d4ec8e840e055ad536fb7b51f1dca68d2b9791c276c06bafb0,1defca025391e7726e378065c73c545f376539b200bfe78978b436b8f748cc64,a9ea0467706a0e3cf7614423ed7265052853108667206feba35e048b63169960,train
/content/section_01_workspace/data/raw/spamassassin/easy_ham/02419.ade095af23802012668f4ec856bf7e63,0,6d11edec5fcda7051c5f690c3fefe4fb886af5ee4a1498f909f0440d7f9f2ed9,f32c357e359be9d94f6f29447c079358fcedf7f14ba05f3348a0b8b5c31da0ab,4142552c856fa14169994fa8e4b8262b5b5fe4377f0968846a664705d472a368,train
/content/section_01_workspace/data/raw/spamassassin/easy_ham/01854.b9d034bad2e2cae90a94cf369eb37673,0,f8cfff053768c07025bf88bd81f1111d535f2614f33521566f744d526e7b6f6e,8256b835431f7124ebd19d819597bb34bfbbeaf3cf117d03ccbd54c14fa48363,b446ff5fa11d910f07523170a02f978cceca954c0c7fd3d8bc2a7c10a5d56595,train
/content/section_01_workspace/data/raw/spamassassin/easy_ham/02056.7bc7703e40a24dda665d4ce7b0cba710,0,fc41dc202abcc7d0a4386226ddfb780905bea949094fa5b5bbb4419a559b9654,f3d3352f95e49a1914aafb1d3717411d4d5c1bf897b3ec968ec358ac1d6a0a74,64b5633b85a2a26129521caa5ff8a1cdd6fb9f63aad03ad9351418cb6673adf1,train
/content/section_01_workspace/data/raw/spamassassin/spam/00407.7a447442b07fa08de0b69e907ce3ca53,1,ef313b984a38830f4144e7ae87309971596e22429d1238840bdc418569ac03db,942f55f79dc4e621144b572c73b4449a07aee4d86f0594cf9185d3bdbb1e0362,e09c9280ce22bb982b717ae8c22f1e28f61a7e7a3612ca0308641a3af7c14fe6,train
/content/section_01_workspace/data/raw/spamassassin/easy_ham/00952.61bd88dce9acd2fd68dfd2c2e2d9b675,0,c56a988579ed623b47afc1ff57643167a940e2775b72b30b8ae84a1ef0b355ac,0a7027914f29587893d0f37c0394ac52205aa1e9038e550be30140e89f23e023,40137740e7e1e58706abffbb3a23b7be3408607d6a383f64d9abaf36902ae0d4,train
/content/section_01_workspace/data/raw/spamassassin/easy_ham/02089.66f20c124425295959478a681acebb98,0,2c37d07a9e03601c3922a2d996be7d0a2e18ae516440597226b73c80dc38a9aa,f852eb9bd202cd83f81e78ef3a0f2e0ff1ff05028e068b761c021a6bd4ff57e4,f7c65d78a2998f25112a4ccf440edd3fc88d871f2681e7d18d11932f6ee3ca9a,train
/content/section_01_workspace/data/raw/spamassassin/easy_ham/01686.146b27f3890e3350b0e596b42e18a985,0,c710887d422adb3e29c928b37e05d7784b5017936779ac6ef7176557c35ebed7,e5bb2a1b466c237b328ffd64363da06a98164ba701c2ba032e9b4f54991ad6b3,b71882986b91a54bbdcbbaca863c9af75f75bab34245c46562f18a444c598e3c,train
/content/section_01_workspace/data/raw/spamassassin/easy_ham/01117.df1f4e3f246e4104bc4dad63548e59db,0,ebbf2107b826888ecab2cd082d7a28bf40040643790f177806e873bf6641b82c,31493497b811cf30ef17a400a4a34f670a54cf6bbf63bbe1ccbc86636f793956,c509554897b4fe085e8f201859ea1be4cc3d5c8bc7b322b748648cfc304bc426,train
/content/section_01_workspace/data/raw/spamassassin/easy_ham/00690.f56ab439b3ce565dd3fbbefa5fefd0bc,0,d113157d30bac856dbbf369ec43e9013b1101c33b394dd9f827956dfdf40bfc0,5ded81ed0aa2f564106f04e834b95c4da4a7b1eb88f1a852ce9bccca461a5e39,7ade1a39aa84de519cedc78585102a17c8215d76736344dc7bda36b52c7b12bd,train
/content/section_01_workspace/data/raw/spamassassin/easy_ham/01389.59a935b5c0c95126a686378c5cac67dd,0,7226905ace04b1b3007664f63615e4d3b3ae8da2901ce770e8ad5fac3a39031b,e8b4425ab182a436041e1419664add4642418cffd23f4c74eae1fb2657f7f2ca,8fbe06fb125f41949bfd515abf688f953ef932835e5fddc5cff5db15820719aa,train
/content/section_01_workspace/data/raw/spamassassin/easy_ham/02179.1aea6799b3c33b025767ad498891bb4e,0,8fff2cb91d14f75d704271fe01c606cba87ee67935abc686957b711bc89ad680,03f545c5c87cd91d4d700b29de94565d3e093e523ff44244f0228ed7d89516b1,83877052190916d1b6217c763925d026936341f6debd6394633e7dc4456bbdb3,train
/content/section_01_workspace/data/raw/spamassassin/easy_ham/01787.8c7c325481bbce39e57c1fc224ded7d5,0,570cdceba992b90bc5fc0540efb4997a61d347e91caa13b1b7a304dc79f94204,0af083f0c9f74d1cb032ca7c3d37330b462aa7a3782b04a7f8e0ca0a70eca2a8,516009f850239fac8d1af04fcbdc31a8a6fc78fa353ce298fb0779333f591651,train
/content/section_01_workspace/data/raw/spamassassin/easy_ham/01052.15a1e32baa8fb172ca169cf8481897ff,0,24a00157fb307f56c80b222d75f601fad1e4f2b9e09d53a278c4bdb583ea66a8,e0024b701863535d7303ba7e62bcb0bdf74fd48a990b6155166484a4ec2674eb,c96fb65d4750d7ee2c0f06966b2f4234f7af35c823c01ba2c7685f811a27dea3,train
/content/section_01_workspace/data/raw/spamassassin/easy_ham/01522.399f9b55d65180631a94a13de6048244,0,a20a6154de9fd4a128fe5b4edfa72d8ee825200d22c111a2e4831f5b50d85901,153f66eb7b0622f2dc24f2efda5d1971223c734292494642816fc1922a6cf9bd,c712c786a2c42978c26b2e88934f2044d200f15b608632fc3bd65fc0e68be216,train
/content/section_01_workspace/data/raw/spamassassin/easy_ham/02457.b9ce53f6744f6deb11a365882297639d,0,10eeeb9fb7e8fc05e7b7098d7a2a02057e7324c377fdab1876df1dfec7d27a0b,760143d9504fb16032d6a69d9320ddb36b2e43d889cdc020a39fc64e80c61265,b6d6767e9619c86dc7f84ac967d7e20832ef18e5c740658c0606a2112df76d16,train
/content/section_01_workspace/data/raw/spamassassin/easy_ham/02002.9d050af76b119f481ac03fdfff6d2855,0,eae074a92370504cff041c5861d4bd6a8add553bb088500c6800668525d3e631,8984a00f8def7cbd50e38fc3bb1de076dc84dd29baf737611d7eeee2a6db01d8,b98bce6106a4cfa3dc95a8ef5b6842e9b79c3ac232c2c994bf4e0ca4e25e0c75,train
/content/section_01_workspace/data/raw/spamassassin/spam/00321.22ec127de780c31da00ae5e1c1aa32e4,1,3ccf9f78aa1d6382daafa30e8a7f083e5c5a18f1eb49f1543611fa28c8408865,4ca9bff20966bdc5797b0ff326d6f59817ad445c1e125db4187cc06e382ad7d4,efe0fd251ed3bd645f8b301ba78fbb4daa9dc5c7172c28cc75b4cd6ba1c4c550,train
/content/section_01_workspace/data/raw/spamassassin/easy_ham/00259.7310c53a2b5baca35187f0ee38aab709,0,4faeb1dff03c42b7c33e54bdd5fb1c21042c3575dd133aa6ae8f87a3f2801f11,b27374832b2a76de884be695e27abc9e481f4148dfa9eca1d0de11227ffc8274,98b378134ca25199c53a9fd48c2bc10d2b7f4bd1c2e64112807cd6dcf91126f9,train
/content/section_01_workspace/data/raw/spamassassin/easy_ham/00220.7c18420ed3257e8630e67dd0045f6563,0,614d7f6bbaa099336cfdc038a76fa479f4f6d0a285ae530bb4bc8e3b807a2e0d,40355980453e4494677847ee11b8729063ad4883c17733e7c0cd888002a7dfcf,36121eab08bc42f2a849089884ad443950ed414e28ca39553d2c3ad674c95d14,train
/content/section_01_workspace/data/raw/spamassassin/easy_ham/01046.f0371dba9ae76787d5541e73a09099f9,0,bc061646ff1f0345ac4315ab3c033fb51507fcd5d0a11f17f96b034a682f5c5a,be5b7a46eed91b6b0a4861158dada60673f7542e63d77801d882c30e05018402,0850f501cf96d53f46f0020a2f546d709d255463470fcf0c8ac06b6a3b29488f,train
/content/section_01_workspace/data/raw/spamassassin/easy_ham/00056.b510d34bac037c4c377b1f51dbe5f0d3,0,f55c85e19e4596f0681d26834a5b3a97fb4ba063d2a70427a8d8ab1436503c5c,98ffd8d7077fd5b92bba71fbe705317b7c4e5bef3d91df31479f99b434d519f3,7cb50d36bd91e6364f9bf9c5f384b3e057210b3e78710bf83b1c4478affa61df,train
/content/section_01_workspace/data/raw/spamassassin/easy_ham/00655.cf1f1255898932a567c5f7c39faab3b9,0,69ada524ad95894f2fb98580e8ba567f09a6143651a94acac276987a2d5fd15a,16f03ecf8e2abf586a420abf12dd86a94e5ea581d20892d14cf76796448975f4,e6531ec9ea293cbbf6324f5e37425b38cbfc9643ea18e5f85bab05b02d5c4e34,train
/content/section_01_workspace/data/raw/spamassassin/easy_ham/00525.08f2f03dc58bc667d28140d30c203cea,0,c36d8e73ddb6ca16df108536413a8390322d3faa50869280b67e796a46df9255,0da9712335e1c348931e2b95805371725c697b336f59e42751e3fabb487422c0,e0897f07fb9542265e750e959065e1818bc91ef52f4815cba9b670a7edbc4806,train
/content/section_01_workspace/data/raw/spamassassin/spam/00115.c97af50ef7ccd816f95bbdc6f4d226b2,1,5ecffad7f569d30d3efac71c33f832fd3941fcaa264929ba617a27e664dde8e4,4f0fed581fe4ed9ea97c63c30a85bd9efbcff14ffa3483d88864cbf2a8ebd01d,c86eca8486ad277c42f4c2ea886726ea5dd0975bb2e520ce0f3ccba596ed538b,train
/content/section_01_workspace/data/raw/spamassassin/easy_ham/00493.29a23aaa27a825c8cfb67264b9d7aeb3,0,2eb5ae0eda512b35bee3a3274ce17ac82b457637f0ecae7ecc5c5cc43fe098fe,7a4aeac0ebadf22af1d4c32f1fb31e749b81bc79890175271551ef5553a790ec,4422113c3b61fa087a256020cf0c5e41d18395865ef56d9fdfeb2d369ef0548b,train
/content/section_01_workspace/data/raw/spamassassin/easy_ham/01521.ab51de7c30aa23d361c81b99cfb55d3a,0,a6c3c73e1faa42cc59a987c564386c2dd10a95663dc645ef0983b8bb26bb5674,6b49d29edb41526ebf9b4f135e1ae925db465278efd9c127c39ea7644e2e3aa8,03ea4665a01648c51bfbe6a09581a6b9baad17c757cac13cf4e502c2d28918c8,train
/content/section_01_workspace/data/raw/spamassassin/easy_ham/01281.f5f822f148c91fb7bc87e782f37bd5d4,0,04a7c1ee69767157ad45b0bc52cf2232f67aa1a48a86c7b934c7a1a889a62e63,16f7760dc83a12d3d50e49e26fbb2498a1e3b595d09aab260d0fcc96a59d34ae,1959aecc08d5906f2700d30b04576b4273af3d94f2112bca8db26c8a3d66e716,train
/content/section_01_workspace/data/raw/spamassassin/easy_ham/01793.40201d6bb7828b8f79e793823cc25580,0,93fced7850a3c5809885e448aeeb32f4f88edf3ba4de8a38405efb0e31c4d278,dad71f4286aaa779917d24e6c19165a98c682c2c82acf75897abc362d0d8f996,4b8ea9063d8c6262e74f2efddb40af5cf3730df10c3deaf6f21d6db1ea08caf4,train
/content/section_01_workspace/data/raw/spamassassin/easy_ham/01587.574845236697b5ca4b2133ec681b224a,0,11a576d3153ea55637ab57897ec8e3debfc23129eb01bb11008f6e0db9f5b6e4,7bfc1c2fc634b49c5c991e5efddcb9c0f164309f96df4cca85f968dd70120676,c1f6c7e20d10502d2c607c73d83a8b09dddc7aeebdcf73c57c5206e228c758c1,train
/content/section_01_workspace/data/raw/spamassassin/easy_ham/01711.95d3ab2beeba9b96666d25c09de2143f,0,c39a8d853279c654d7a27829100949f492ae5f033dbf7149e8b30f15ee3cfc2f,908c8b4bc16f7cd355635a8ab48fbe1aeb6cf07f6e1dcea89df07bc741ce3014,e5fefa3c5e216ce9bedfe51155a63afd28fba7c0cddae5da3cda19fc7cd7d7ef,train
/content/section_01_workspace/data/raw/spamassassin/easy_ham/00691.fe0daf79c97e1e314de953d18efc37e2,0,ee7ad4475f5b89779fc57c22c06551376fff72dad4a8ff204555f8d9fb16b347,b5df6940027afb9d71430e849b1103c4c334246c0ae58510a1383c4983e3161a,6d4106b65212f0241f7a9c9d038511ef098cb1e6aed1da6b5817db42cdafde0e,train
/content/section_01_workspace/data/raw/spamassassin/easy_ham/01466.cf50ec729ec45590dfbb6eb9c4f33175,0,1934f732d18acc45e0f0a187b9737452cf6b83da3ddd4fa8df343a206e2f3c75,0c415a503640ac30684ba6b5b600683450eb1d68248a3203140db994c1adeddc,4856d1566e653a440b7d1f4af66870e80166963a6b514b1d028819ca527ec2b7,train
/content/section_01_workspace/data/raw/spamassassin/spam/00044.9eece8e53a8982c26558b9eb38230bb8,1,e43e765979503ae721974081ff35ebdedf52b93c2d718239ca710dbc35b50868,a7bcebd6c76abc6ce4067fe4f4badbaf123b663a5b11ae5b1bc63934502f8852,4b6a0ece65a4b2013e62e37cf8dfedf13fcf9776ee72a66b6601eb8c38346885,train
/content/section_01_workspace/data/raw/spamassassin/easy_ham/01596.fa947ffc2560132f53cc7c0bbf39b584,0,2119cf5cba9b2cb560ac88c8d355d8525a605381772d2f225cca12be8381d7aa,8f4a8da61839c26358ea801854c19e722aeb484bc0ca5dc3f4077e0409aef436,2026da6247d098e28509304b48339832c546d1ccf18b25a9f897d448a9929b62,train
/content/section_01_workspace/data/raw/spamassassin/easy_ham/01382.cd81392e9d575f84e9870b00f41e2fcf,0,570ebc6f0f8942942af616aef27aa912db2997bd569afbb42769c74780ce8b25,bf59773d2b0f62fed506bcbd4b051a1931a60787c0381f1a5f8acdf5ea592e2b,4e77995978ecd479cf8db01f3662242e2ce8751e8128652640c2f13e47fe61de,train
/content/section_01_workspace/data/raw/spamassassin/easy_ham/00726.96933510684f33c2eea5711f969fe444,0,853fd8d4137ba511857b7d5f7e33c091f9b4b9c23d5d00ec6f385ba91be43186,2daee9c521433852bfa1b200816b2c8c17be10b53ae72cd475617a8d550085e9,fd13e849e4238fc2cfc5ae77e86fce7587c7a1e091e97321ffe84ab1d2857584,train
/content/section_01_workspace/data/raw/spamassassin/spam/00384.2054d62f06fd10e4018a43e156b32acf,1,6fe70ed08a4736c7f72c6c21ee8d38deb33c6c7b94b95d033dc6ddb5c8c1fa0e,58a1218c39aedf66068bbb6ae1a54420185fe952b2f1aaeeee312aabe60e505b,8d91dc1228058cb902b1fd9b23537b4787160ba5a611dc7978c32283c54a1d07,train
/content/section_01_workspace/data/raw/spamassassin/easy_ham/02472.5c879dd55c3d4171e1787e8529bbd7e1,0,497da9e0b30446a644214049705646125d832161d0bbf3d724a120f71360d0e4,427bb5a4a6de81384d23b8edb1eaf17a54efd394a400a26395005afa3451dabc,934fdaa25c68564fb98f7654aabd01089c030408785fb678cd31f41d8ddf4271,train
/content/section_01_workspace/data/raw/spamassassin/spam/00015.048434ab64c86cf890eda1326a5643f5,1,57728cd5dca9663c726ca8a8fb77f8d85f5f944ad72e733d2965f06135b3e40f,e7cc4d83570ab50a2f64edc6d79227dd978ef28b1a82992a8057a8fe53488324,0df0996518c4e22f70bc7350f1fa7db4d2bc6fc9699dcd8989595c52514dd62d,train
/content/section_01_workspace/data/raw/spamassassin/easy_ham/00390.1b4f14e80c8e7797dce79cf5dc22b625,0,f540e88ea2b5dd5b6fc48dc51ceda5d8da5694b04a6ac000af5dc78201e3c20d,c0c5f186ec9fbee407fdae2ef6efd1871a124e2aa0b130ad7d735da840fa8f96,006fc6458993218810df3d0a2dad9fb99efe24fb02ad00756e52668e8a84c456,train
/content/section_01_workspace/data/raw/spamassassin/easy_ham/01381.e8771e2f2786ccd37b1ecdbecd63c881,0,f1584ab1b08779fc8a623098afaabe061d49abe52a7a60abf6424d636c515a39,81a26e221c8ebaf3b730c7b90a667579ef106a3b5d8a2bb1794e3c7736ed42e0,ea85722ee68722e41a09475f68ee6242cfe452cba24e44a16af9fd53d633709c,train
/content/section_01_workspace/data/raw/spamassassin/easy_ham/00369.f6f9d4cac4af831140abf032d0378365,0,c508bcd357a48e1e642f19696bd49e516b1fb50baaa8cbf633b5f1f06883263a,1251e3b18defb49459483358fd7aad1410ed88ba03b23d76d765f2c98e5a1315,75eb767628bc93f1f0df10dc2c6e308c008931e3b17358630bd9ce184fe03679,train
/content/section_01_workspace/data/raw/spamassassin/easy_ham/02037.e8c4c40b39c2c650031428e8e06d9be4,0,01b6d88fd2b1929664c5cb23109d1f0463af66a8682f4b9d895d5ea5da47b1bb,8166bcda3c3d3f83d1d60cce182318f328b50be72303b0203af9c233fe73bba5,8151a1bf4318a47ce682f477b67c408f4efef9578be054dad68a7dfd2e57268a,train
/content/section_01_workspace/data/raw/spamassassin/easy_ham/00323.8f7195f98946c42be7c95881ad779fbe,0,7753891117741e7e66889b405343e77640de3667a6db54a510d050c3a87d8534,5cf50ef4d1916d60b5b39f83b3efc42388083460b2e1d7f908e19701095ab3be,aaff1625aff65d2e2e9cc5b29e0ca51413625f5c68f25ce169356552bd5a4a56,train
/content/section_01_workspace/data/raw/spamassassin/easy_ham/01304.33e179931a138954fe23c556cb2068aa,0,b5528ddfe36447ec9655aa3d89c87433fab76a0e9ca8949b5d37b2c10a52e4bd,5847232cfcf8d444a84b52e54d4e0f5f54fdc43b6edab699cbb6b136dab7654b,05cc5d74f107edcc2cc251ed8cb57b7f72c84606178da4cba371d65c09619c11,train
/content/section_01_workspace/data/raw/spamassassin/easy_ham/01429.6d9cae984e2f92f32d70594f5cc37c87,0,6216f8c3c4ea8fecf8c82fcafe58b469769ef389ce00bab50301d618a272a97f,522851740377b84c36a3f5213563aa8a142535819dbcaf32b935c5af33e52bb6,6e497263649cbcd3a16f0593f7e9361be37131c063b54a8d4ee0aa37e1724fdb,train
/content/section_01_workspace/data/raw/spamassassin/easy_ham/01284.5134a1b148030ba27c152e387c3e8369,0,a4570769d1817d792f67e1a7229ad58fdb91fdda15580aac00d33c9a3f76b120,edcf7438379c96fff53932edbd86603164128d33064fea8fb2615518771c20b1,38be7b7010e8e64a9733cc9398b3fe898993be34acd90eddd7f65e6d939dad0a,train
/content/section_01_workspace/data/raw/spamassassin/easy_ham/02338.069cf2dc77bb733ae5f864b7ad17868d,0,a80bfa286dd23a999c2883543cad8a310d3879641f13a8ca41a2f72b9f4b93df,6fd981555879cbf49af0cee573eb27de76c783d466c73ea5c64f1cf4a6821cc5,5e459eee0c66d7583a67575899b5002dd2680f4e625585388e290494d7e999b9,train
/content/section_01_workspace/data/raw/spamassassin/spam/00150.f97c73fa56460a6afc6d9418ad76b5b5,1,e501012001f9c56c890ad2b446376c6c450c27b219300251963fb8811b9ac705,5268d3d9a33a628392f8de7964d0a628827da4cd3dd31867c6853b0a50ff9222,804703671a01e2b9c1f621d0100a236999bb1dcd08b582d036aaa0111807f5f7,train
/content/section_01_workspace/data/raw/spamassassin/easy_ham/01166.8ab8acc80452beed11a4b841a05d4456,0,f060d4622c8fdaeba7dcb9eced1b64a20105707bda43ab20e3bf9b7fb9dc079d,da59f40dfa385e33ec2770a489527db0e8ad0f52df6b447a494386367e52ed17,12598723b128ab9d9db8487a024e3f3cf865257e77f4bc91b31f159afee2f3e4,train
/content/section_01_workspace/data/raw/spamassassin/spam/00346.1ae83883f566cdf6ff18958a33a215b3,1,11966ff7781a0fd7862025848a6ba738d35c1153bd540c25e213850f1a71f415,f331e32ceeca03d21b29b7625f3cb7f0d130a46fb88b33c3020d9434f25a3670,601a6a387d9d37f51a477bc7067350589855651c7eb97f12999ffa532151d918,train
/content/section_01_workspace/data/raw/spamassassin/easy_ham/02368.e7f41e5cdd25ad10fba7c09915e39e25,0,051c10f845d0c5eb6833d35dc2e0373b4e7d5c36cf4e32c856bc7785bf1c4b37,c1afcd7e1f0ae01a11c0afd0a5e588ca1139c60bbd9a52e464295cb798418bad,f450163b7f296bf74db03e9525c690e5b316e4900740c923baa1579588bbb4fb,train
/content/section_01_workspace/data/raw/spamassassin/easy_ham/00542.1db9cca8020648c0ed80436b9aea4d33,0,ed01fe46d89d53032afa9d133d01f508f02f2c4c5b5329f3442b6ddfc2538f3a,ac248919ae7d5561f002f88a2c6fdf4f828435cba62e82ba1c2fc84faed3ecd2,8db89d9b83ec349d7c3e29ec1aa27e938c1202c66b061c28fba041e76024dd0d,train
/content/section_01_workspace/data/raw/spamassassin/easy_ham/00880.146f15b727deb84e2459cecd3fd67088,0,9eb230aa16b8d46949b8690f23125019a76642c4f13f2b69e103833c40cc09d2,0c72479fa8a78d9754749d00ca185fbc63ef563ed7cd078044355c8edcb3ed81,c5a8adaf5648415a17b36b8fbb7dd0e7ba6b307e393af479422cf24ff6424b0c,train
/content/section_01_workspace/data/raw/spamassassin/spam/00023.b6d27c684f5fc803cfa1060adb2d0805,1,aa822cc2114325f5041497983f942c5531616ed68cb639b40559aacffe01f3bf,1993ec235cc4b10c317747e94a80735c1b143f2b0520cfdce646972a8eb2443a,ba57b84b9c71038c0d563b60e475ace3b9ba43fa47753316772512557b307391,train
/content/section_01_workspace/data/raw/spamassassin/spam/00449.7d33f465cb813806296901ee541841d6,1,290912ef44ea1a65f91af2cba0483031580cef969a1cbf7c99fef7e181b0553c,1e065026a08b50e86dc63468e68812c097668ec9d7878d5b160ed946f1ea712e,eab1c7a949c91f72f3b94e91f59199232f104785239b10cf8adf6a21f70d0f09,train
/content/section_01_workspace/data/raw/spamassassin/easy_ham/02164.9811123409bd1868ffa612e9ac926233,0,d8fb9627374be66678cdc95325f5a3cc7a1d30039f5a405bd126282d9c09ef4c,fd57008ba96c98105140cecb4426abf4e76f1ba44dcb3a597fb26a89d695556b,1320bd0856f9f8072e4720ebb7db40776c0fe78ca33c145be1d1a243be46602b,train
/content/section_01_workspace/data/raw/spamassassin/easy_ham/01609.9e95ea932d2a0d804e7f53bb8d551fa4,0,0ff01af85868bea163fe4d67edfc37451b9b57d6985786669df3d2cd83364572,6f9f4662801b69a4c66d7974214359e39c6abddea0d8fc1c4002d17a333b1f27,6b3f9d566922cfbf317604f0cee39b8b9133df85f8f54be7d499c220f7a079f3,train
/content/section_01_workspace/data/raw/spamassassin/easy_ham/01323.596c172d2be2aee1c7b688b043cce5be,0,a25080d3e619c1b63d4acf79b1292998d1d212b208837028feb8f69df4a07b41,8ee12eff57d10bb4e4d2d571d7102dc560016aec13a1e125ad2188d7ea4ef131,e43371520e63e23bf8a97da1fce6b4e6af022d419af8ccdf552f374444b3896a,train
/content/section_01_workspace/data/raw/spamassassin/easy_ham/00425.0ba16e840d94d629f8a3881b4e03a3ad,0,888360cd824b9144a5e3b72dfd396f91197d941a97e201b25ff589910aff28ff,76de2d22e53b124dc89edff3edf20f84bf073e9cb782bab305285ed67f4c66f4,1bec48b6bdbf6f0b99a648709eb9bcf8828059f23e94e86e2d32d37d924507bc,train
/content/section_01_workspace/data/raw/spamassassin/easy_ham/00683.7d0233053c9421fe2bf29e23a4aa5b18,0,57966178efd73c6469121fc1b4d9ae8d37ede3937dee7b20059f0ea447eb6f67,a6c9bbe3e612eea32a1a5895bfb13337b827b131576bb7c35a6af5e882ad57aa,1cf11d906fd83da538d2d3b4a7a7de8d8179a23cec7c4184bb0d994916629701,train
/content/section_01_workspace/data/raw/spamassassin/spam/00199.9be6cec49c53210152780926cdeb59ff,1,6d10f20a9ff64bd133a0424f708f0ba6d0311a808a0bd487ce009b2b7fe63141,bd3105abbf7be3ba40de9402d8fa8d87ac76a828eec1a48993bb7f3bc1a50a02,27a9fe0672b7f030469c430d4c58507ae129cb4e2289a949a4dd6d8ed0a52501,train
/content/section_01_workspace/data/raw/spamassassin/easy_ham/01478.6539703e21dfb4f52faa4db689dbc6d5,0,ca27060f59e4d0a97edc9496b5fbe6fadfbca31ba44f6ff23476ebc93fb9ce4e,75d8068cca51e9f8e2e21d55fa7bb94e3729449da0d3a6f147b4be43931b5424,292a9beef5f4bc209e7750f8e453136a3d7b0dccd187688529300a1ccd042b42,train
/content/section_01_workspace/data/raw/spamassassin/easy_ham/01909.46dafb96df4c8a412d5d7b1ba7469109,0,6b586bc26979100454e9e4fe9c0bd56ac337280e14acee1e67f6b10340c54b00,da785704b8b808428696f115e1db2f35ede15d9b5132d2055eb203777604b9aa,29861eee0ec602dd0dd1b9b71307ce4ed3deb682a21880bcac89e14b635ac033,train
/content/section_01_workspace/data/raw/spamassassin/easy_ham/01548.e180f41d2fba17905a020043c78febc9,0,4110eab5c1ccda8feffd13771328018a6f9dc9e7219f7fb675e1105ef413abe7,3c27cf4a5799e4473cd9a56dec0bb77aa71dd4060e9f2f923a71c307e1fc4a65,aa3d9cc26181cf3319e1f2a905a36b04cac09ac5b9d5240add9d2cedb55ea201,train
/content/section_01_workspace/data/raw/spamassassin/easy_ham/00740.aef9889d927eccf01a365d72db48882e,0,f9bc6f62174da754791627a7e207ee3a5341d30a81e95cc820a8ee1b1f753af0,ff71c2c91260f227352961fc1bcd1b271fbe00ffac933dd5b83af37f9cf3fb30,cb39bbd449d7db4c497a03e319fedddcbaf4ff6ecfb221fe36403fc96e775992,train
/content/section_01_workspace/data/raw/spamassassin/spam/00213.8c42a1c257aa30ff3b3ba668cca59408,1,ef8e58c5da17579fdb2a86cb994e053f39f53945cc89a62052402e5820513b16,67ec123dab83316a1bf40dc3fb282bc45b362043cc3d90dd31648074a5e1e21f,631824d386d6929c053b6f089f82fcee5b304e6430b73ceb4089e78fbf7c5767,train
/content/section_01_workspace/data/raw/spamassassin/easy_ham/01125.e1388e6a675c99fbf85b0ef5ac02d77d,0,c63dd36c99d03e844cf8cc798e18d1f0a84018a4231e61d4aea21a73ccfadcb7,034e290a255cd8fa4d56e11a99e1a2e530a478e83eb0877445b054b1153f6b87,9278940dd54b6210f20b50716e05293ec872419e9bf2bbb3a1a71848c99e1114,train
/content/section_01_workspace/data/raw/spamassassin/easy_ham/01360.542f5bf8fe1935cc079504c0a0269923,0,3d04f9dc0a21bc381e14ce5e4a6f79574c85344bece3755991c59d457be67373,76552c7202c12d627704fd23d9d64406f17aa6089f83c2aeeea0e18db37941b5,af7b06c465965e1e86ee1e16b28edc6d93e131dd5936dd4a315a2d0da15a9297,train
/content/section_01_workspace/data/raw/spamassassin/easy_ham/02311.09366d71e6cc084f7a077d7df92b4287,0,cfcfe731b5b3188174454d33722d8b037d33aab58a2561414391d33c25413853,d639afb506e3e691d72bc39af305840b6cc186a7f461b6db7c3dd4d2423ae757,67c1d15016225512e66bbd9cca8019132522ed38af802ad8f4b88365b9fa64cf,train
/content/section_01_workspace/data/raw/spamassassin/easy_ham/01426.a44cbbf8a894adb293a56a20758ae065,0,0d930f80d0f1b4e4b03466bcec7b84957975ab8f916374e43b81a1e67eb40182,32f0beeef9df75209bb17ce6bc3072e3f37dc9128d4513789dfe22bbe0517adb,8bd4b2400362e55772befc4b8507820b7f7962b300751472fac4eb21995e9083,train
/content/section_01_workspace/data/raw/spamassassin/easy_ham/01147.ee1b78a672dbd806bf3393ee9c3903c8,0,d3c86844c1dcc3813c278ffd96a46a251f8c676242a33143985ca4361ebc1f99,6c40117bd328afb305a3e6366d91f6336242d50f790a9be6ece361157245d887,d933a20344b936232110a3764ce1da040e2ac2577254ec58ec5f8c36b99cb884,train
/content/section_01_workspace/data/raw/spamassassin/easy_ham/01268.0cd2c295a12fb03140c6549cb8980012,0,7db14e9da26d4e015cdbee3b9b602c28e32c33c2e5c74a80161bf2bc0c2e6382,b0943de91e7f656c6fbc008718e805ca7be3b5f54b4e2eea5366a64a52d5958d,f1a231e2ad713db48855bb121bca19f4f0206eeb20455c5049f03beaff257a5a,train
/content/section_01_workspace/data/raw/spamassassin/easy_ham/01825.824c1cafd03a8dbf953d5ab27a191e3e,0,862840e98fa2a2eb181ca0e8e6cd97b4f0146434f0c385cbb6eb9edc4a4686ae,e7637cc078745ece320dc13f34ec2f1630917c7b12ab2851b7fc94cae7106bbe,a6340b46ab29e36db3bea56e732b22567254da35db5683a3ebb8590fec797d0e,train
/content/section_01_workspace/data/raw/spamassassin/easy_ham/00264.cef5d54bbce2f4a833aab06487467f82,0,60b2a5cce43d24dd9c7331284f37959a6aaf84b7fe7145a2959fad3b86530ed5,c54519d22179d40ba6eaccef2ef764e8c37d3e1c29d4d459e0df85770719cbe8,28ee8d74050c79fd2d86e3296dae4b531491db8b447493d67a0a288aad7c65a7,train
/content/section_01_workspace/data/raw/spamassassin/easy_ham/00249.5123280972d4935e630a46f92266f6c8,0,618b6d7220836c327429d8dade0314cfec640c90430b52c5f3cd6a27aa2a923f,1acbd0c52c0e1c8ca949b32e8a9530252ab3aff32e79a7fecc9c7477d4231774,192df86404c42a5a652c97ca63dfff510a86839dc10cf13209da22b71c763c3c,train
/content/section_01_workspace/data/raw/spamassassin/spam/00029.de865ad8d5ad0df985ae2f72388befba,1,3d0f12118e0c192554e4b6a083dc5ea6b1e36dc574e2a8fad2b1848c3136595f,b29fef6ba1777711bd7c4d98e1207b849732aaa38da6ea0509f1f1309d3d0714,45be62e01e82e1a2abd3c3f096d00c0e4c481cd76ae9922de308100ce65b188b,train
/content/section_01_workspace/data/raw/spamassassin/easy_ham/01034.6a298abdc5efe614a638c2b55582cdc6,0,ae7e94423a99754a146aa458cea84639d2b7889573d4a016596cad41b99afead,e285b6c4d92fba71ef2a08648d81a7742ecb7b906b17f03b939ecaed3092ac5f,6e076e5af589f74821f080be69fc3b540aa1f1532af723a2be35e0febf01f157,train
/content/section_01_workspace/data/raw/spamassassin/easy_ham/02011.2ff6e35252bc54d7c4d2a88902985c24,0,2a9faf9909d91d88e6ae9144c9ce8cad39629ae67c8968d9572a561c47b263c4,8986f60cf293c8c6b5a293c4c711b717a3e697c1ed02cdf13220729d062abe2f,6a85f3b88d9ac3815f33f6a469f82e2ab627a2b33a77f34717cd9195b43fca53,train
/content/section_01_workspace/data/raw/spamassassin/easy_ham/00716.c0e0c922db8f605b6475839d8fec9985,0,9417a9510880ea5a529453b38905a917fdb22f69f2546805c9340848576ba50a,482f871c5d63a03e34ee8357d4d64bb9355e4abfb8e5a7c518afef034391ad13,8855bf735e939af67efdae9c525d70b0c92b90eae49b1d35a5dd2d3124f6d938,train
/content/section_01_workspace/data/raw/spamassassin/easy_ham/02389.bf7ec2ae6243dab5dfc26c3f31c25b2a,0,43732ddd31411705e96fa10009921029e4d56b945d55183824503f639be3a74a,7131e83735ad9325a26bd5902be70a87ed17ce3eb08c4878dc4f19afc263ce94,7ae3f345ebcaf085558e616e6a0986b781a5bd6ce827d8e69803e993744c4dde,train
/content/section_01_workspace/data/raw/spamassassin/spam/00095.17594a58d6736a8f6a1990b0b92090cd,1,3570dd10ef902211afb5dfdfbc87224bcabef6dc2578668832ae55537b0b7879,b32d78754890851ee5f489fdcc000bbff1e743453badc2a851f6e551554312d8,01e4a5a60ed5dc6ab4e042ad270ae877d05dc507e122bd380a128e417bf46ee4,train
/content/section_01_workspace/data/raw/spamassassin/easy_ham/00602.2dc7ba42179a34e52badfe383f7fe08a,0,cb3700c5de097f264ebea02a76f2e32335888973eeac639cf6a9f4a737dfdf88,a872903d86ef160c696a284d7fa2b93ac20e2d3027608236ae12d8f3f3a6d0f2,db8a83ceaddb981e4dfb77d397d6970c0d2ca4216f88cb0bc9efedf245868bb5,train
/content/section_01_workspace/data/raw/spamassassin/easy_ham/00519.595dfd5bc0bec7bd5f06673fc428bbb3,0,0b3e2c968a58e835520c52dbc8a66d975367b1b143919e295ea9991c23c14684,9876f9efd74de6bd6a90cf407964aae9df7d66fd0c47b7d3aba61214b73dd226,4997f5bcbe8238b76025e866512f75ea5830f8eac4509c7f84d188c0e5152e28,train
/content/section_01_workspace/data/raw/spamassassin/easy_ham/01942.30343e06573f363493a13a5a2b4ebc6f,0,8dddb0b10c0eb02f68b92d8b16092ecc723279a61a1a5247a5759aa94e7ab1ba,c19db09f890a3197c504efd36938a7b20b6ca93f8d85f4d33911f4465db01405,aefe43082b572a81a73c414af37192bb6deb34c9a336f84ed0ccc69931d1d6b3,train
/content/section_01_workspace/data/raw/spamassassin/easy_ham/01275.5355809b43b1476a1a64a01049857097,0,8ddb8d2c9ebb47b7f81de308d4b9a81c7ff71f1a2ce63cddd1b01886bbe2966f,cf33d13572bfb31f29e0079b3053ce60d28a0710d44552d5c0618261b37ae2bd,f0991148df7f71f019e0bae07b6b02e3ec00b441bb00c6f8935a7531390e75d7,train
/content/section_01_workspace/data/raw/spamassassin/easy_ham/01457.7702aebfdeac35ac42bd6214f0292a18,0,88782b715fe94c60ec0988bfe706a7a559ecfdee8fe203c6094ec1125e943e1c,0958bf2f09d00e0fdde61bda1d5e014d025108e610111e63de5155718752b0ea,00637908c84165a1d4f92a2085a60447788ca9f2752473491115e63e84767fa4,train
/content/section_01_workspace/data/raw/spamassassin/easy_ham/01760.bfe819f6abc823642064dc200a54be39,0,2e59b3043ed7fb51bcf747344ae6e99711ebac3d6e46f8c13e01a1a30662e02e,7b4ec1c0ec4f8782d438ea7a9606f8e5bca16c1b2227448861da3ae8e48779dd,bcc39381677467d9ca128527868c77c7e56639c66de7aa4f4b66f74ffd3269a4,train
/content/section_01_workspace/data/raw/spamassassin/easy_ham/01881.5fd0ccb8cf61b46dac75efd3aa4893f4,0,864f9e1fbb597ff9980e4b968a7781245bcfaa8879bd354721a05127b21d9368,a3eb7acfe29ed38a831658d93ccecc603173d97f1db3f84dc4c1f7b7f9ce5c0d,88755048b546bbc80d0170d08c5ddc9586262b9ba5279b9c342a7f530d5bba54,train
/content/section_01_workspace/data/raw/spamassassin/easy_ham/01331.4c2d95f57be99f72685e0baff1d32450,0,6a48017c52835063466ec4df6304be8ef4f4b10458631c492c63bcc6d82683f4,3bd8880b2459b93f7a6ca564779c7eaf1d021ff395f994c155ba52e1b7293af7,da42f9d1720a64309a249bf5ce3e550f7a69597ec9111143f06dbb92a11f9df9,train
/content/section_01_workspace/data/raw/spamassassin/easy_ham/00151.4ecb35a7f837a0240663d3bbc5c8dbe8,0,bd3e72bdd86c3a6f41e5ed0b5675a55c7a7f75af7a35b190e139409646735837,3545394213c1bc99a5fc2b960f80ad2eda84821d3ecdaa6e710742eff9df8608,b315cb06f8c9966dade244925ab05985b3b2d7eddc1c9a4967a39eb0816adc87,train
/content/section_01_workspace/data/raw/spamassassin/easy_ham/01775.4ede389289dcd6b898f0486ee505e2b7,0,975afdeeaeae49f7d2b10ebebd3d761c66007143b28dbdb4a89e616fdb03082d,dcaf38f2d4ad111d38eaf809def41e79f325d607c001dbf90a24e8229c25adde,e08b7fe5892c218dd03f6d6cb4245d876c98fff72f47dd098cac89454183f901,train
/content/section_01_workspace/data/raw/spamassassin/easy_ham/00271.b67b5b37ce874d5ccea3391922f14506,0,3b57d0e53e563ad22aac7c1e114db3c7c46076179979338536ed86e7fb905684,e487715232b04a4264d899a2f24e05f2a9883a6d9a00a854d177c693749fe9f5,d418ba616402847d226e3d8e6b67ea47e8b2e564c8c4ae703e0d6d3a266f60ab,train
/content/section_01_workspace/data/raw/spamassassin/easy_ham/01905.5ef2d9dfa4dc1df5e1c2cc2f7f694092,0,28be57a31d80e78043e33e35e38fd27ecb3ace03242e2b94b8231d335f35f2ce,4401afd958b84ebc6460d32e178c75d6c3ecf8942973c7257deee346cac6ca31,e82407d9099d845cb39d40d52f7f414a4dc80c019bbcdd5294db9d05b2531d38,train
/content/section_01_workspace/data/raw/spamassassin/easy_ham/00216.70fc915ba97c52baa07a10c19b89f848,0,e8fb6085b52f310c8f235ca2a84ae32f7814cd6a3ebb4516b21ffe48484ca821,e0ff004b58fdab481731dae987eea4a724029b7636afacfc8691b2ffcae455cd,eb51e6635b75e41638c7d31b6c27d2e51a6ff8485429cfa3ae5648c20be0f8b0,train
/content/section_01_workspace/data/raw/spamassassin/easy_ham/00075.6485889c364c71761110c2b1190bb645,0,52903cf6b7d548da997c41116098dbe88e3c9ddef03a8e547f7fdb0346dabe3d,fbd74d24be762b1b145308a44bb89bfe492f1747809741f4991e954e3781dae0,33e35fb4d49a0e1799663ea879bf02a37779e7581042cdc67fcc702a2895e06a,train
/content/section_01_workspace/data/raw/spamassassin/easy_ham/00686.24376d10c9d96b5aad34a8ed8e6b7586,0,19fb8763294d0cee2992a2bbc41d1260860121114bba64739c625491d38700e3,9278d4f72b3521fc32d3062faeec46ff281e5676a97dfabead2f52d0503646dc,27151592a9cf63ff8eecab9f5758735f27be48acd70d180a494aa169349f56bf,train
/content/section_01_workspace/data/raw/spamassassin/easy_ham/00379.9c4d9f4fb86361e3c21f376f2cbd0ac1,0,376f21c775d8a4ae8b4588d00af9c22199f32a40f1b3fabebb1afd7dcb74c5fd,0189532220ce3ee45d63535eb3d98ec9462d1df19f0cfe50a5e2e52dce5baac3,a4bf0c7d1495a48a32693ead2b7dfb1254d3fea4bfae5796b1e7cf0fd785fa85,train
/content/section_01_workspace/data/raw/spamassassin/easy_ham/02202.fd6cdebf0762194039aed87bb12a8cc9,0,51a14bcfee16b7c12371e3fac2ad96511af3ca4f46c178548bc93603afeb4f3f,547f346a1301ebb638806e5fa58b184e81bc5d334b9aa11459b739024ee78c01,1ae20a9b2b6af976f7b36276a424c6154380f5e720ec4ef7b4ab68f5f74f10b9,train
/content/section_01_workspace/data/raw/spamassassin/easy_ham/00384.956b8ffd2bf74442b89dcfc3b3ea32af,0,6f6bc06f6fc094bb49ae2b4fdb0ed6e08506048224417c5dd0826e4f4adfb85c,ac80c89ce70fb0d59b41442c81241c45b031518fdb0f1b0ab26e6e08eaf3aa80,3eb0c97c4bf38599714f53596b946bff5d48fc692a3917f861198d13c72e209f,train
/content/section_01_workspace/data/raw/spamassassin/easy_ham/01177.c02828dcc9e06deffbdfb48b97206cb5,0,1d5a528b1f6e8b603b38be54a320adc9f122dae4da8f4c280d78dff188e0bd04,0cea99ec885793ee698f82eddc545e3dc73e2e335743153ba7e818072711c376,0a04659b319ddaf73a2acd3e06a0067e8cd022319ba9f713fce6e9b87ed391e4,train
/content/section_01_workspace/data/raw/spamassassin/easy_ham/01707.46172a3da4e739c7b65a3b3aa3869e9d,0,d3ed79a25ad30be058df830145a33caaf6c01c85fef2ea95368051c170f2e7f0,f1f4c0d66172cf2bf93abc6cc2d78c28f524820a2777ddb08df18bf9d35d274b,c06f4fb7acc05a78a362221470b635b02b2d0ba528ba77b975aedfc5018e8f7e,train
/content/section_01_workspace/data/raw/spamassassin/easy_ham/01383.18c85b7ead9efe35b9a128c42e5170fc,0,1806c9164afd9bcc535c91a7fc76052e08241685f7c058131c9e593eb4b49e6e,ab006889e453b497662ed10aabdf88c47f8ee43ffbe1dda3c186c87ae967bc4c,3ea682ca9748a3ec38e20b2aef27f2cff8086aa34b94ac3d956668151dc8b73f,train
/content/section_01_workspace/data/raw/spamassassin/easy_ham/00101.216942b87258b063ec2d7b7981ee2454,0,7e5c7d84527e5541fddabe889d5b43ed1bccfcd5783e5ac68f3776683d810718,748d4b2fef76641da780b5f05ebb691064a7ab67b268c425b03e46197ee38ea6,8a0f3377b332ba736eaae2acb1772f8130bef99d1512a579f443f33ce9b26456,train
/content/section_01_workspace/data/raw/spamassassin/easy_ham/01517.254d90491f1660ec23989b4bfc90d2ec,0,a789a7c943045dcb4c94c7dc08c31905b72d86331c8950a920f5fd4b454f42f8,56e21011f8220eb2ec52cae338a6a483e1f64bdc2c0f0c0503251f02da0f1f57,db180a6b6fec3868978a698b17da582d075c7512e61fd0512cb9b87d4e69dd71,train
/content/section_01_workspace/data/raw/spamassassin/easy_ham/00813.3bb7842dbc6ea433e2fa5fb94f3d2571,0,13ea1e101c7584441c1d5d3f88a685562f8a88bb98dabb94390a952295c9fd08,6a5dda58d78a1437624039668f383b1a94afbcd3308078c8e246bab71d5e50f5,6858d2389e707388b90fed3f40be0c3c5bb28729aceacc2b9db0fdeea90f5de1,train
/content/section_01_workspace/data/raw/spamassassin/easy_ham/00424.9975dd35a0bc8834d9ccd7dfb27ae7e6,0,44b74e4566bee857794d0500132993a7b41f2bc9fb7b8685d748549eab38ff6a,adbf5c3306d239dbedad2094727cdf837ec5924b79f855d8cc4ef80af816043e,5b2a4c7416004405f1ae2d5ffea253fc6690309e42ee64a6b22f6703baf3ba55,train
/content/section_01_workspace/data/raw/spamassassin/easy_ham/00169.efbfc0b209eeae7c4c08e5ff14d539a8,0,97ba712647c431afce82d0e5ca8e3b6ecd51430cb6d71dcecfcabb91d89d3ef5,582d86c10b0363ebd47612b3491dca34247a5b5f53c353189c36e6a172c7b9d3,3329374e02b533069725f76222a00a2f9d0c940e9fff106d4852347eaff194c8,train
/content/section_01_workspace/data/raw/spamassassin/easy_ham/01941.37649e11410be2f2e3b9edb8753b4d8a,0,2cdf562a7b399bde0b17213f3523869acf89bd52b9b17d1ac21ed42b28e9684d,e8b40846bd0fda26f22851376be1fde23072ef6d34ea8724dda2865a145f4f6a,749ddfe18a9fb7c0e3746a4d4358880f744e122ca74dead8553d86b595ebbe70,train
/content/section_01_workspace/data/raw/spamassassin/easy_ham/02332.e40c30e2449d14172a3319197b5886f7,0,243dc4ae4001e684fea311013a585dcdbe7a3dd9593cc01f8bde7d60f7c08461,1362aefdd09ff2036c767ac86c0ce166c5a2c7ba1d65e7b1acf224c4377c69ef,bbfb936f82f5865b11891b0b01240a65c007fc673ce6a9ca0cd4be7e284179f1,train
/content/section_01_workspace/data/raw/spamassassin/easy_ham/00280.c853f6dc1379a418f0a48e7ec7009744,0,50707089b8eea2b610ac24e68759b37f10157314233bf0e14f6c21dc8f354c13,f893d37e1c3d57e7bc4d63e6946b5f8cc28569e73c278f7d92cd248e62ca47a6,10e003c471741aba4c9ac3ca105e302785a04319b4e56404a1541fd9f6236843,train
/content/section_01_workspace/data/raw/spamassassin/easy_ham/00427.49db73be9017efca7355ee80f173a26c,0,4aed7cd2c3513fbf36505eb78dadfb716fcb374703bdbbeef10fd7e1f50ca5f4,bc946db2d543083f48b189b52d75fcea409f257ae366c78926511b60ec2a7424,6ee3cbdef66c5dfa29e094b7ffedb0720998be1e851f53bdc9ebb1cf12fbabe6,train
/content/section_01_workspace/data/raw/spamassassin/easy_ham/00738.5c6ce770da4cc06ebea777b8be30abaa,0,68a85467c99b82e6fd5cd7f4f4d4667f603a359fa97aaf47ec3700ed24403044,3ad5be8176d58f98bf1da093da2787e0518aa792d07a97f477bccbc5c6b3c22b,e7b83c1bbc8de8e47927ffc463966f52a8cf7ca40177aee9000b3d090d0f335b,train
/content/section_01_workspace/data/raw/spamassassin/easy_ham/01411.f65bc59a6c6b8a80794b04e271148b39,0,ded56f665d87060896e4fdb80fb5eea7502a6566a8786363865b7b32871fb375,e5fa07c2fa41e171c5a0bf5ffbc7ccb42231a81a635d0a6ad0969c499aee5892,70cc7b7a2506f51559202774dd294d492b992b795aedda5fcec764ea5557e094,train
/content/section_01_workspace/data/raw/spamassassin/spam/00500.85b72f09f6778a085dc8b6821965a76f,1,c03d93249b1b75cb333ab11a537fedcbf535af5ccb5734a61f0d10082b731630,f55284573447dad0bf7aa6d9239ed74f02c0610ae70781330ec22cb9aae31b0b,9e81f70a0435d0528ad80fa727ab6f3655e6ebe0783609d3d3de51b473c952dc,train
/content/section_01_workspace/data/raw/spamassassin/easy_ham/00252.18ef1111d1d7543890e6b0a7eb13e014,0,fb02621a5ad7958fde2b59c06509847615172435f63fa475748c96a088fae4a9,d6942ce19a9ab9555c1c576a67eca139ff6aaba18ea62afe0e7b7e528fdaae02,cb7759a3019fbd0d344e14a347d5bb8c67228cffe221f8a146e6d771fb4dbfb6,train
/content/section_01_workspace/data/raw/spamassassin/easy_ham/00175.04e562a3e92558eef6aa45dd66a96564,0,912f470457fce0560826dd589180ce4775f2be47f0fb14a3f101e20e17c84a8a,6e6a3c0e2d7ce4ba0a0d6c45e3a569db0db7a0c034a8b0c4c451137b544a451c,e1550f9375cbfd620dd1b38cc573f4f43781bdd71e633dd57700818d6be6efee,train
/content/section_01_workspace/data/raw/spamassassin/easy_ham/02273.261b1d4fc305dcb4e604790d2e2d5bb0,0,9b700e6b92083cb7bfac01c95b6931340971c08499e70ef0edf2a11b7ac7704c,5117455ad64fa0e497f5f57baa3d4e4c46cd34d8ff372a6095de6d29980191d2,9cc49bb71be32dfc423211b062596f1c13b7636f31b1e2024f7f370a366504c9,train
/content/section_01_workspace/data/raw/spamassassin/easy_ham/00580.41f4f9793351fe7c7d3abe77cedc5528,0,51401698eba3f282cf534a9f8f066f25abc2e7d7feddb68c7058756e08d80ea8,634c0ca2a21f91c0e985a21e398f7a90b61ea2c6cff95aa7cf455037e432af12,d7af987c20118f50bbf43232aa49533dcd86c8e0828d4a3e9bcc49f01a6713d1,train
/content/section_01_workspace/data/raw/spamassassin/easy_ham/00938.e1a61251ecebf0f323c7815e68bdaa27,0,57177a065b73584371551222c7177cd761e0d508d0850e09496dd4dcebe63f5f,0e280054a1e7975f175628fd2b9ae551abf84574371fc5fd48c14ce8a07a8521,00742743db16f022029be182f36f6a905e8dea7ff773462b270b7e9da3662fd5,train
/content/section_01_workspace/data/raw/spamassassin/easy_ham/01123.c9c1c0a854f47b3249e596fc2bb361ed,0,9d918e86c8864f2f23a445e1cf4e15ae971b49a4e09d4795a57efc656f2f7e23,1f909b77c5305a63d7fc209353ab68447d75ad4dae8e3849f3a176ea812f4aec,bcf575aa60bff64b07c9fcfd7dcba9602282a5bac4a85c2348fe3fb16498d5b7,train
/content/section_01_workspace/data/raw/spamassassin/easy_ham/01216.e30b39890b41cf8740b3315f79521f59,0,47cfaa10240ea954a36a93b3623a2a0d2b457d070e9f814e5aad0fa78832cdaf,90aef5455288604f01b16033f77fa26c7627830c83af78b9228bc34807e680ca,18ac90da7c5398118c91991f7980d3d03194d4c370447e56fbd0998f6250b54a,train
/content/section_01_workspace/data/raw/spamassassin/easy_ham/02128.6145f76cb91b506940866355a81e3e05,0,1bb181f288170a3be7a021d1bf61cca793339220e42bc1142cbdfa067fd81358,d5cfc590f8c368607ec389c866c9e1cd20ac769066e2878c0171eb225f957bc0,a9200ee323bb3f428367e9ca07ee1960453a9b8e4d34ea14b69966328a0aafcf,train
/content/section_01_workspace/data/raw/spamassassin/easy_ham/01504.3a306a038f96c31abe2440db7f7c6806,0,71f4155322a5d73f1a0a0d516678e1a7d349266de35de66db3d67de90f1eadf8,cade81955608290da1c9799af4d41db63d1769150945ec3c25e54b23967eae48,097b6d879e6d5e9ee6a488d4f377f63062827a178786ee0e9256d62fdee50df7,train
/content/section_01_workspace/data/raw/spamassassin/easy_ham/02451.2d85b62408d45e219d34e55a1439f795,0,724a0b6dc4e3f256a99c1267191022ee636603ccca8d840674b1bc447862d5c4,eab624f985fc3913574eb6fb50300b2fb12132851129ae4104883d0859d07736,983bdbb7e38ee3959384431f5ca2bb7768166751b9b27d1fa43de07622a60eae,train
/content/section_01_workspace/data/raw/spamassassin/spam/00159.b16f070a576c2eb1533aa9e2cf8e6b77,1,f50ca53652ab448a50abe3142020a8eed73fcbd6f9bff7b1f61c6e2ba9cf1434,93a63b7371cf5ca85ac92a604fd67a311ed6c437c9df62220acee58de868558c,c9cf696ecacc25db38cbac586e59e05ef179eaf4f134694cc1b14fa9e83c4cf8,train
/content/section_01_workspace/data/raw/spamassassin/easy_ham/01972.2cf954aa6e8e1228f1641f222aa1365c,0,add536f458103d2830dfca98754a94435c26cafa63adaf173cba77896087cfe8,7aa198668d8ce513ec34a757203d41523cd3b026045f3ea1b835de24f5a7db60,396aa0e5afff39970899cdc96cc9da954f53e49b826f20e57d5222f1f21ca4d2,train
/content/section_01_workspace/data/raw/spamassassin/easy_ham/02260.6d015856826faa40edaba42f20a69cc5,0,9bc38825a96fa1c6ef6658bb08703372acbd13ebe8feb86274179bccc2c1ecb8,ac520ba169f8b710436cc9b5930bb456f27d2d52f944b79648536925e6033985,34ca41f1478a5cf0db086398e8f413b22bd07cb438a3a81dce7138f78dd03687,train
/content/section_01_workspace/data/raw/spamassassin/easy_ham/02458.fd912fbe64911a9d4549de2df559a5bf,0,7119a41afcf8294bdc120e8a071d98c60ef39b8d0f5c7be0fb83b14b992c8579,84d0defc216905c5b0d9c68b78c04d2d4713db0211f45b56bd53428eccdc6f3a,05a33854b3b76bc854fc11fab132659249fd0687c4bb0196322492b5a5e1c2f3,train
/content/section_01_workspace/data/raw/spamassassin/spam/00012.381e4f512915109ba1e0853a7a8407b2,1,cf86e010ed847b3f13e7fed5e1afc4b92e49b08581441515fdce1695b8e31936,a664c0ed760b3e0f830e56173074b33d7a4b5d3385373245d6f2bc7e5439fd1a,fb5fe5bda22b6dc6c9ebeaef5157b574e45e0a74e60d7c9d342f50005c2a1243,train
/content/section_01_workspace/data/raw/spamassassin/easy_ham/00554.a01a74aee9653a7ae8d1d558c75f0a5d,0,f088e4a353691a5d51b7078dfea9579d49cf7dd1ebb251acc8b9b744fd93c93e,b01abd938be7d3ec9d28e8f5f1c2f1a98f13c247b2da56ec970694725f65181a,b34c1d74dd907e2273e7f4d286dbe9acd58ad5c762589b91a8d69757847c8f57,train
/content/section_01_workspace/data/raw/spamassassin/easy_ham/01745.46a467858b1369e9513a8a369a67a70b,0,be63135c5c89e82fcad32e9ab4fc0fccc92db8e5d767f0d7d30c74e7b568ce1d,963233010211668ecb1d463bae6a7a2fcda994efc488a3ca91aeeb093c8fb222,5fd4062d5332ca5dc41f211264e658c9eb455e005a6f57daf8a4f7bfdd63f9e1,train
/content/section_01_workspace/data/raw/spamassassin/easy_ham/00722.6520838870f11a569a006ac7e119782f,0,9a204b6031b4c08d2ef0d1b857999835d3f5d4b9caa0df9ed6c6a15481633784,e237d3846dd860fd31ec17abc96a48f89f77fc46afd5334002bcdae02a5293d0,e74c49fe5b4d856bc03194d49eb98cb360600e56a7cb546b2980226bf5b86d39,train
/content/section_01_workspace/data/raw/spamassassin/easy_ham/01734.e1c6a4364e0762f323cd69d23e030fc8,0,4fea64327fcec0248a8d20b2b223146a65bba6cb3266db8fe7136744e518bbaf,afa750522070b4b014a21443af1d4649ae15554b5a929649402bd6184c4ef84a,027fd4f264192f5a1d5cb338ddaaac5a2f538ca7aabca462fb184002ef251177,train
/content/section_01_workspace/data/raw/spamassassin/easy_ham/00623.37932984e4241279e60e9c28f7fd6706,0,702df7b0ae6d5af6e023d53d2813a8489e92e7ee6edfb2b6bdc595e709c2ec9a,0b1cedcb473d6384a9146c6a9fe31f3885f90d47e7e001bac565c5ec9c70d9f4,74a6d210fd3ee47953e7d8724af4b7f552a5faafa1d1c5fbc763c48c156bf8df,train
/content/section_01_workspace/data/raw/spamassassin/easy_ham/00260.9c633d54c32d46465f4162f3a91f553c,0,778d7bec54eb75467dade63212d43c7282e370e012ac159206033c1d01d750c4,46ef96a58b598760f34309093f97f7c233e2c1b266f599b438c672a10d7d3ed7,f75581dafafdb5011cd26288c6a88450f13f94622c44865602201a2b8e95b312,train
/content/section_01_workspace/data/raw/spamassassin/easy_ham/00852.8be48f515c9ecb089aa3fc5983eaf038,0,bec4d74ce6b246f11280a61bc0afbb014ce98f1879a491926c556016d2aa9df3,d56d766315d5232acf95a867fe80c7ac4795c0da524223592e58a372dcb1b2fe,cbd697dea94ba14d3c6d6d3871739bc101a92f2ceebfa9ca62a7c9fb21b04965,train
/content/section_01_workspace/data/raw/spamassassin/easy_ham/01308.18d641ec475649b1a8ea5ba7292b3e05,0,ccba823fbe9680a80bb4f2352db3242492398650277099722c2df6273214eaae,6ec0ee9d6931788bc62470bf09a12d8499ab383bfd0b54eb3bd0d5adc34522c4,f903fd97c0a61e715cc0d01509fe15279b768f4154c6c8cbc8427ca2288396a4,train
/content/section_01_workspace/data/raw/spamassassin/easy_ham/01067.960ee297ebec4e02bf924cdbccb893d4,0,fabbe998131fe2eb9bc7acb67f51c783478dfe955d6cd0e5b4ad030f6fdba8f9,8337dce6a8e10d4bd278ee01d38784a60b4653ea91467e109388362a06929cec,df2c5e1472e96b90d38d43067cf1e8b93d8fc47d744004d35621d06c41f4e9af,train
/content/section_01_workspace/data/raw/spamassassin/easy_ham/02234.532c6dfa80ade100533cafbdea1fe348,0,92059b92441a2b47d89fac43d0923039a9c1fe97c662ff160bd57f4771137034,01409aeebc3a65875224f931f450369f86f3158fef7c14616b62b04a852beb5e,7a9dda8fbb89f076ecf103b0cac8a0ac2db1814a51ecc972d671ff7a6651db5b,train
/content/section_01_workspace/data/raw/spamassassin/spam/00133.17dccf2499a4245b83890e0784c43499,1,70f176d3279c61aa910ba693cf44e6a1977ee336f131b94384a985aa3fcd82fb,2589f9a16047bf1c51ef64abf29b4b572f3a197aa5d3c05d1f85f997e96744e5,7721f09b7b238976d3e09bb9aac02ba4269c0f16043906cdd5e4af417081a3e7,train
/content/section_01_workspace/data/raw/spamassassin/easy_ham/00057.7c3a836baaa732cd915546442c0fef1a,0,6af242f11322cf23dfdbbc35c2ec57ee15c07245760d23b5d50dcfd7a32b3fc7,60ffd6397722858989305dc69fe3ba230ceaa46157c5126a0e2ff6d4fc0c07b8,ee0d34827d4f47f1f1d0c7040e83462ee63b476affb1088023963149fae6eeda,train
/content/section_01_workspace/data/raw/spamassassin/easy_ham/00184.4534b61b19d6102fe241eecf0a436a35,0,e25bef01a80a8e95022a638f2e919466cac0e496df6f4e4d3ce41cb39e5e0118,430817074f74a387290c0e869865cbcbc59f37bc412385d95aded8dc12e353a6,0d810957c710cd4316026507764b0de2cefb4702e230350e85b8a24b83ee4a69,train
/content/section_01_workspace/data/raw/spamassassin/easy_ham/00274.ecbd86ce57edcb6a419a92479216e43c,0,09e5437100254cfda32d1ad87f3e4b755b10b8cc3534464ff99d20866bba2ecf,78ba517287c3b938e42c372924bbb90e31c4b8b2706601b6755e8858f1f90357,8694028178a929f43c100b13103f04534dd490e2c6ab8008692d9ca205b53936,train
/content/section_01_workspace/data/raw/spamassassin/easy_ham/00848.a99e7c1ff97407816f4c0b323421b5c9,0,13678498e6cbdb010c610b95edc7dc80bc9125d78566abf8848ff8a33d0a5032,e93eb9c6c92542190f1946e027147713e4f3f1a9387bcf1f458760da04c62515,129c48a26834226448cc225fdf119674e968833ac63dc12bdac034875d5ea939,train
/content/section_01_workspace/data/raw/spamassassin/easy_ham/01371.2e4162848b6034ea5ba93431c6d69d36,0,6c22fe0ccd9c32f3049b352b24c197de8de840f4febcb7609151ea3a6fe79023,a6687ac15eeebc036cfbd95bd1eb298fa7302ba1ff13f252253650086ccb4cdb,1e7046adeb0a9430c351c2d5a6ca0d024fa18d0d0c67623cc79ed84bcd9d4b7c,train
/content/section_01_workspace/data/raw/spamassassin/easy_ham/00156.d4205c868d67d1c334455950b21d226d,0,7b7c60910f3b55e53521a30bff6caa8bcdf67d6ccdf3fef15cd5ae9a3275c685,80aa298f781ad983d5e8be76a194f0d86830298c36f91fc18a828bd23b4991bf,4d02c1ac6e7dea6f1185e261e91d554332f8e2938acea9944a24bc757b8f125d,train
/content/section_01_workspace/data/raw/spamassassin/easy_ham/01454.9d6b2206cc67fc7bdce65109a7bf1b5f,0,4b0984ff66bbe4161e2afeee1c89c3cd273e084d702e00ef2b88d1e357fb2388,3e2abae067ec763e10b0b950dbd1f9adacfde635543b6b1f15838a7c071ba1ba,061215d5a4e53ec6415f884c4fadd79423ef5df0c331d04eae8f929bb2dfcda7,train
/content/section_01_workspace/data/raw/spamassassin/easy_ham/01884.668657309015de89f9c77353a649aaa3,0,ab71f76154d9617ca38acc16953ce53f461e4687291cff6e95970c56c2cea219,d700bfd62a590dcae1e38a5d6cb1a6e8f3f569667cc24d4333d43b9528559150,8b4e39439314406f4d462a67ab24a74e6e2623242e8c6c41317f10234024c75a,train
/content/section_01_workspace/data/raw/spamassassin/spam/00376.f4ed5f002f9b6b320a67f1da9cacbe72,1,255b52e3b82851acc263fb67185e5d9360812711e99742b75e00484b229376b4,79feda376f3e5f2854f7a6b64ddde96297b5564ef0f4eafc7af22bdc50e5dbc1,dbd210018632ba0e5791ccb1c24abac91a2e97d7a564353b096309df52e2bcca,train
/content/section_01_workspace/data/raw/spamassassin/spam/00393.13d4d84cb98ea19954f895c629520bf8,1,ff0e5ad5ab9522670ab0b89f9dcf4c2f42da5d9785da0d582c3191465a0663f1,32aa2a44e9ac09535566c4a7220588db6cc3555ebab7d8438fc185ae07289d51,268557f961c2a88cfa45532fb6eb22be56563e2975d9c816657ee6483404b913,train
/content/section_01_workspace/data/raw/spamassassin/easy_ham/01556.126fd032d9f624e282a711df96f64cc6,0,01a2a9c163bf884b7ee73afca80577763c9636072aee5860096b177c415a5b51,a8bf524923f9b4c75f0e292dc80e6c6c61eddd10efdce880b711726baadceef3,67ca80849a59d25dae9bf63ecd4df1ba10a661ec23c8d9ee1f8e674fbe9afe8a,train
/content/section_01_workspace/data/raw/spamassassin/easy_ham/02155.bda8d6fe384d01fbd2bf35694c5f8d07,0,36e1b05fa6fd0d665addc6c7cd2f0f56f03761b699149e214155e239429540b8,2d090a5998a27d175230adc4be9a5aae8a0b6ac92ac86c44304d9fb475fea172,ea00eba5c5e2ba5cfa4be13394f444191f96ec0c0119c90523390bcb6a84e4e3,train
/content/section_01_workspace/data/raw/spamassassin/easy_ham/00696.767a9ee8575785978ea5174d3ad3ee26,0,332c061283fb119cf68010aec6ec0f53d079bece4c03652ca83285a6d58df452,cffeb5d394c8298f129f3ce9f88ac690dbdc488d5bd2947a2757e1a8ebc00f40,5beaddda0fa0e0308f7e65c6438d4fa841cd192e83efe432b7e77d19ad72dbba,train
/content/section_01_workspace/data/raw/spamassassin/easy_ham/01949.bbbed2631072b12ec6ce17ee94aa0852,0,c51feb55e4b77d6c91259d959745c78ef220b3ef868b1a7f6a054559314367d0,5d81cfda4f6e1f123dedc47d20e97d50342f320701d7fdeb226c19f5dbdbffc5,05045efd06f0adc1362d04062d59f5e1852f077b7c42c91869576dc3c058af36,train
/content/section_01_workspace/data/raw/spamassassin/easy_ham/01053.9f4c2fea143d25bf2680c444e547df55,0,94940ae2944eef9c4090afc669a38cbf2ffe7ed5b663a7a1e46b6b00febccca3,3b92a7ece851239823182c0f8c860842abe499cb43d082e0edc894aa4e037a0f,e68417f0edef51945e57305962d7d198793a6394d494a7155c261653e246da3a,train
/content/section_01_workspace/data/raw/spamassassin/spam/00143.13c0751d4b9f10098bb3ac85a435d884,1,15fb5f2928834e182ca770809d2011241743b04dea9fa99725addc284391f78d,40ebb9c9ec44b7788ab946d33a6ee154ef44ac3180a4f479530bb2d267e612c0,92e216b44290a34f9aabc36db93579b5ffdc05c633f2594b22e4e0aed1cb265c,train
/content/section_01_workspace/data/raw/spamassassin/easy_ham/02221.879d8772739a56d751f60d43900609a2,0,6b63c05e8a3efc007892ee25284792ca7c59237d12127c954cac6e0326aacd9c,aaf4afa5dd8a6800d94aabed6f82a4948742c6d39fc55388e86d2006c143b549,2cdc82a2f5dfb1b4efa3b4f3757e0ce206f22ce9acf180512f0d94c0d2f9393e,train
/content/section_01_workspace/data/raw/spamassassin/easy_ham/00948.12717d1c7815c5e226f5b4324220dcd8,0,ed0e5a1842e259d5daa7830185ce40066ce57517634ceec05daac806bed7d4b3,3ea04770d32b81b4cf634119fa9f89210d74ecf9520e74ac6ce6cff487dd1304,3bacb3afa816a3235b0433499cf7e9cec6ef0ea4b33d46e1bcbfd9049541dfc5,train
/content/section_01_workspace/data/raw/spamassassin/easy_ham/00913.bc83c1f37836dee281cc5282e61acdee,0,241cf9064ddb13a2fb3b77d28625cb2ae50453603767c4829ad42435e495cf81,c6c4be1e61265e8a8a014cc8ec4b839b72875c1a3d64b5ffbf1508a03225f184,cae232747580e9938ec596486df9f24288b3784b62589e5b5138b758e1b6061f,train
/content/section_01_workspace/data/raw/spamassassin/spam/00299.f786faed64bef7134e52fafa17ea861f,1,817095b5f7afcb1f28b1be3ae63e6512701898a53588aa3c32b2d93f466ef5c9,182dd91f2c5d52bc5bb78cfaa7cc6d53bc846348c1f70a92d67f53d4734d71c4,d6cc73ae9e67b1f1b0e9e5a5620e6a2bb5ddf769e4c1cc95c71917c7290d031e,train
/content/section_01_workspace/data/raw/spamassassin/spam/00200.bacd4b2168049778b480367ca670254f,1,c38ebed2aa05753504f58063e4cb647b1d02ff762ac7d152502cd9e8931533ba,0c18539a0e11cf234e43b5e6a00cbd3fc1cf282568b5833dfb18ccb283c7b172,f52c7f9b416bbcfac04eede412d4b2fcf94ccc925f0a8e9dd40db43560124b94,train
/content/section_01_workspace/data/raw/spamassassin/easy_ham/02494.a14f2d3a9bef3f59aa419b03aee8f871,0,15421aa060ec168cf4f9b7c21b78898ceba6df68b85004fa240274795b8c897c,a3dbf838f2b9ec50e5cdc39eacd0fd0fe51db108d9e5615b38cdb86b087161de,248dd8074ac865696350952664c265470f0bf40377d4af93d84b436d82f46f12,train
/content/section_01_workspace/data/raw/spamassassin/easy_ham/02131.bdbca1d0e61528e8b86d759dedc06665,0,36f766157f521b529dd7beb43a360cb356f46f868b473720adb9170c86f76f08,49ffc87af54c7e5015f4cc8d6076f11dc23d07eff19ee6ffa88698f1ae45d23d,6cda835a79b210502f02fe28ec16e559ee46cacf904a393252237d5855d6f62d,train
/content/section_01_workspace/data/raw/spamassassin/easy_ham/00228.6cf71899d7146e93641d4ad9d0aeb34e,0,03ada82ea7523bf728f0100c4a16ad13b74ee9c347c038f840c1fc3c8cd5dba6,fafa350e9c716eb2856781c4452880c59c8e115391c87afa191dab888cc335b0,44b11fe3244f127521cc157b00c1d62a775bbd00897133cf57de9a40f50f4318,train
/content/section_01_workspace/data/raw/spamassassin/easy_ham/02099.b813af8263b207105cc291c890dd6a4b,0,b3e3db5ae369c535c2696091537b7c7a9229249cddd784378730043252229c0e,a8c4fe7446e206720b56496f51f7a3b5c5617b016bca6351e99e0c992588f7bd,fa2bd3f05c3bf83fed73309e8846a51398a001bd644c364a0f475276aecac3da,train
/content/section_01_workspace/data/raw/spamassassin/easy_ham/01830.edfe460e0871e3f0da84f16a76abf064,0,45758f129a42d16bfaf37718510c2c4af1888a6785047c49405fa234970e58a6,22bccbc3dc94cff3eb93a3324d94e5d715be57ff775f0552a9dc57e9a0aa19fc,5cdd7ff5d202e9acbc2e0b2d150f9f0a4a16964ff9fd8f6de3db17955b920aa8,train
/content/section_01_workspace/data/raw/spamassassin/easy_ham/00598.583ed313ddee00f0dc9929f76d3bb24e,0,9a49bf106ff58302de5b1de619dc1f728426ce86d1d67379139cbf233ed5b65e,4e0c33c85da4e9ddf9aee3dcfeefbbb597823e271a52e974d58b7a3f197d9f05,dc8f520d1b708582f296e10366d975a7eee438ab38c337418630b0847cd46bde,train
/content/section_01_workspace/data/raw/spamassassin/easy_ham/00152.703c271de3d42fb8bf266db6f77a0dda,0,05bbe794f5277636cca51c517ba06a73e5a85847e0ac3205b5e165b7a95bdf31,10f0bcc1232b01a76d4048a0405453ece7ea2a3106e86544a7e6fe3e6181210b,272b8c953b5e580fdf735aa59cacd904f8a6ca484a390990d886c7db3df747f7,train
/content/section_01_workspace/data/raw/spamassassin/easy_ham/02470.b68fe61c2cd92ceff2ab3e473fd7da0f,0,224de1bc55779564bbc7cbab2e5a3431ab4eb3c85647ea7c800487173342d1a5,67a7d437e9a2ea45442e238ed2e2526f4c7811b6095847e02a18b79cb6460484,cd6e18d71e858c1782e32c62938d412b45293b3ce0bef66891b801608427eabe,train
/content/section_01_workspace/data/raw/spamassassin/easy_ham/02186.1c49e48d3f59c54735464569429dfd1e,0,cb12efdd00ffcde03e80aec2983b77118e5948625cb12f3b7d134c0cfc141f8d,57405b2bf1c03d5a320727bd4ef688c044aca716d73c43b435ce6385c8cfedf3,86c0f30248c0e462e58272af256f98139b2ffd168c1a8da8bcf9e14d4de33cae,train
/content/section_01_workspace/data/raw/spamassassin/spam/00435.69467ebbdbdd2d891624bf8fccda579f,1,67b88ab25d83fb0525775dd51be239586611c00da188a4219d219b87acf12934,ef2b5cc31c85f94452bb4b041c090eca31c3965ac811729e1464108f2612b0bc,1bf5d7bc9571f777326720b78cc18810f1c7f94ddfdfb009b85028aa83de5271,train
/content/section_01_workspace/data/raw/spamassassin/easy_ham/01798.0b993670b6535ff7567d1f05af8eb4e8,0,0e7c9d927a3f714653bf5d610cf0cbbafbc540ef692befb1babd1ecb21264378,534c1937c5838a596de02f6376ebea9ad4059c0b57a09283cbd6a014437bd237,93285a29a0d0e1dbe59d1d1246645b0997beed92e4a99a7be641f98e90586c11,train
/content/section_01_workspace/data/raw/spamassassin/spam/00428.a7bbcb15affd49a93d516d5ed5700d66,1,ad0bb99f9e2c9c76093d44f48bfc0484deef6d1fa1d023c83a129f1576c463e5,e3b42371125f3322c99f11ef942b3ff55a8df1edfa9fdde4a0c6bc1a6b2b59a9,c38eb3fabe12e148528893d9d9fa882909cfb3e99f538d4f010f0512f91f2fdd,train
/content/section_01_workspace/data/raw/spamassassin/easy_ham/02464.95f59bae730edc01ce4f88d98791ffca,0,28b6c2562857d7924177d39607f646b7a9f0a2ec648b49e8e7ec2aac35f04c99,b896f1a7337a3a4bf8a61ae739a646c43d4649033794c83f6273a393e938fdad,5191203bd8167cbabc97aa0e0adf0cedca6ad2217d44250d184d4d296deab16d,train
/content/section_01_workspace/data/raw/spamassassin/easy_ham/00143.4cae4623140fc349a57dac7ffd863227,0,b850cf9e39d9efbc81ba51af08ae766e123af28866cc274495338145a93d2d82,98d079c67029d6b02421ec67ebd6888d2c9d810e3ba55e2dc94aa7e5bf6101db,91f2ba8f07df98f32429869a6966ebf329408de22838be7f6434e983d293ea1d,train
/content/section_01_workspace/data/raw/spamassassin/easy_ham/01473.1b15dc3174af070411cb9f2bd16add15,0,00d0f1a4c180069645d374a5f71c99c7e26a3ae0b9438690669b183c4dd53070,166825e2a2ba735e9c52ed4dd970df1ec994ca2f5fd672bc68bd791360467500,559ffef8b7b40b3d6a9c7aeaa3013738b012c05ad6e1581e236e7c3522b936cd,train
/content/section_01_workspace/data/raw/spamassassin/easy_ham/01427.7c150370fd480849df4e8ab564d88fe9,0,29c283e3d56e137a309e404eb5ce27ebb10f44e5c828bcff460953c1c5c63e7c,19aab39787d8022c4b96b6505d57c94aa26b852630ec33287457b297aa105b65,16a863d5e676fd153c2b59bccfd9e2fef25d3bd4a4a78cb78e0c1f2cf512622f,train
/content/section_01_workspace/data/raw/spamassassin/easy_ham/00772.ab8da3bd11afb162b0ccbd65edaf6cc8,0,dfd17bf1bcf0809eac4d6bfd34b5fcfe20956751cf7617efd0fe1c08ddf1f651,d6d672d563204229f79eb5b9037c09a7cfb5114c730bb4f5b4d1fad8592e0f84,2091fcb2011d3ddb3ccc231ed11003e60e64d1762907057b0608a5e380b2e23b,train
/content/section_01_workspace/data/raw/spamassassin/easy_ham/01085.15903c3e109d4d35eae6bf5ef80acf77,0,02be155459c85ca76521f6acb9ec0bcb9e445224d7a396ab1b47c77c152318b1,b6253d1c7106f22ecb1d0bbb02f38e70744711ad09351720a154cf205180149d,b4e21e7ec4fa5ea3f6b557c59a22b7f4497282fb5c3f6fe073c679bb69fa5de5,train
/content/section_01_workspace/data/raw/spamassassin/spam/00139.b2a205ac25d7d907cdfb3f865dbae1ae,1,7c5525d2911fd8c0d93f1de273ffdee205e39a51825fc1cf6f9b19e9d67875be,0205b34790a209c4bbf130dd85b9b7938a7cad4b228400796ee0eab6cb0a9c64,1c8054bb9366cd09d5a742ae555eae8085cccd58729b4edf7a4bad0f85f02225,train
/content/section_01_workspace/data/raw/spamassassin/easy_ham/01261.eafbf152124bcd764327d9fda1e8c86f,0,e19793cef2df127b4379b107e9dae4c84591b654ffbb90b29042931a8e30e24a,b412a1155c2bbc59d21ef2fce34302e6713556e1d88dc10d6baa5befdc89bf72,c652dfc4ed9d524647a18f648a24561221c73b1a94ad6f80dc3b029a02c57222,train
/content/section_01_workspace/data/raw/spamassassin/easy_ham/01836.b3c961ef5ae267e9d3809233982b0b23,0,f46044b4c25eedcedab82c3c366d0821247e02e40f0fc40863a93ec481b4294f,3222ff7662b4082ec39465171565def5033a507c44797f7d2b4f465aa287dd53,57072493f8e57ca4c823f416861a7ae5a17e27284b77f7e70712ad9508698e27,train
/content/section_01_workspace/data/raw/spamassassin/easy_ham/01497.7bd463ca8ed96d9d4e12ed6a3958008c,0,404145ee2ebdbe77b58d2b736ff2bfee4a46f19cc6dd7e11cb05cde55923292d,9f77256bca60c6e6d5550d47545a8c53d3505da7a75380d36cbe6f53e67844d6,24b89042b1caa436130dde42b236d4065f25a311ed064e55a4411993b29a907e,train
/content/section_01_workspace/data/raw/spamassassin/spam/00351.fd1b8a6cd42e81125fb38c2660cd9317,1,7b4d61a2456a4cd8ae3809459b90c41809c9a11e73cc0bb3677982198da2b1da,ace91cfd9105d7eb23d4c328a2a60bac4a5838352566d40bf074f010cfd2f81b,58850b64bfec1a132f1ecfdfa82d7dda10e0dc0672dfc6862419e83587be5492,train
/content/section_01_workspace/data/raw/spamassassin/easy_ham/00435.01f1329e5314b30b44b36c20a98ed846,0,b271c19bc8c701748496c413244ca5d82cb3f3dc1861237b4f0b2b6d046bfdad,a47940660f222ec9d0d604cb5da9dfdc98b8107ae4857b7918050f2d8502887c,f3069d3d57f888da4d8f17e7ccea75fb28019b68b6c0b01389e6efb20a58d9ce,train
/content/section_01_workspace/data/raw/spamassassin/easy_ham/01589.be65e620bca0f1734cd13c71aea78d4c,0,8674ea43d877b73dafb1678cda1ef353554da991a8a71ac82d52ee7cfe6c57eb,6bc45702f184c3221e26bceb1d93fe1f4660f0589af03fab1940ce0188a29307,fe3fad72758ceb46f5f79271efbcae4ef0c13996f983d9f521f2f09c1a4fd788,train
/content/section_01_workspace/data/raw/spamassassin/easy_ham/00365.b73623c2ea40e64854121432f02a5a15,0,8e12425ae67cbc8224b7153536adf84db6ed0ed2273df06107d98a6bb46dc8ba,52bacf9aed004e7c88c45a436c773892fe1dc67cc8d3be2d1da918ae2eda723e,fc56e8900c141b8187c96aef0e77a40c77ba3199ff9f480f05bd9f6959ddaf10,train
/content/section_01_workspace/data/raw/spamassassin/easy_ham/02492.6aede44f654a1bbc60c95c7dd770e624,0,add9458367af5d965082f51fc3be7f145c8e1fcd90ff3b331ef7b620ecf1b1b1,06416575dafb9e41cf2e5fd36756724a8bc7a094e48f4c74d5d00405d2fb0b43,d7eab32a59fb4175e1dc32e5b6c1a4421322b3db34995cc646106e08a04eb237,train
/content/section_01_workspace/data/raw/spamassassin/easy_ham/02178.efa76e272d764da2a8392d836722e5f9,0,dfffcc672f1e743bfaf0d0d449516109eac29a64a4f08c7fbbaff2026f25697c,1c34baf8c610bf2e010c3793a47fb1e6ee595b074128f0e453ac0e023d7f4629,0a660e408ffd9e2d50220bc6b6afd4bfa07e60a2df11e8bd11882aa09eaa5399,train
/content/section_01_workspace/data/raw/spamassassin/spam/00132.0ead3e293c6c41cbffb69670e8b85ae7,1,229ec2c1ab1a9a428334e930ac6428e97762db325a3cf6c214e5ea4a0e1e6956,8790789fdd24a6fcef88acdc0af177a4c840cbaefaef5c48fed7dd6eddaaf4c0,ba6509ee9de610dd4fef0b2fb57cbef0a2a52ff3b3394ff8f2be33c2dc556304,train
/content/section_01_workspace/data/raw/spamassassin/easy_ham/02038.66020ba7bdc7df1d4254b6371d688e14,0,fb9ea4f302d0427ec882092102453ec6ef511ca4c5ec355149e81ea651ed09f9,73b4f76a3d8a50f1ef8c8ac870a3734ea9dcf605d104f8bc478684397fa5008c,e9f3d592761fd53af6f27b45435831959b120b23381e86eaaa3d1f384edbb9ef,train
/content/section_01_workspace/data/raw/spamassassin/easy_ham/01212.5f88fb786e44da332e42c578fe657978,0,8be4ab376a45b1c3ae35f92aeabfb160e175e5696a0c32f8100ec665fdea586a,d395d3178ecc032225a6fecff2fd4e28127670aaa896a6c7e1d378b2cfeee775,421a8b2817fd8c6325bacd7389b6a54cd9bf25f37cf949cc2df7b0c8e03f406d,train
/content/section_01_workspace/data/raw/spamassassin/easy_ham/00806.eed01b7d2bc05e5490e75f366a534353,0,4c034ea215b977f524f90a25c5d2e08a7683b709452f0cc64a236dd63cd21357,d538f0aa372b7a0c93b20d82e451e40625dc731addc00cc22aca10b4c841bd57,ced20fa1e867927bfeea777656cc6710319a1920a3eb52161600e097b90eb795,train
/content/section_01_workspace/data/raw/spamassassin/easy_ham/02254.a9356b1df0e51b1825e6339f9d1f42bd,0,64c4ae4534a42b038d88084759351ea5a5d715c1128124117dd15041a8cf07c6,14a082fde8835fa26cb177d7a7e266028a5eaa0f2081266b47632b475444df07,8132ec705778a807d2ca760fc86a805c4416767df6dd34c0ef27aff31d4f84e8,train
/content/section_01_workspace/data/raw/spamassassin/easy_ham/02123.aa6a294680d57c8c1841e0ffa52943ad,0,c8075243cb166cda3f6e42448cc3d8e9e92768f3dee5edad28fafb18f720a986,7384595acb14077bead74431fdf9c73cfbfe9a76adaa6c2ec61fa5f37941e90a,97fc41eae887cd1cf01650c4e3831bcf9fca721633c5cef7e56c63690cf817f9,train
/content/section_01_workspace/data/raw/spamassassin/easy_ham/00536.ee0a85c68f0db6388d6f8a3468af70ac,0,44077ccd7b4c13e06923f9de7493e87dce74a019d9460debb16e64c8f768036f,b8d6a81fa2ec849fbb4580db7234bbae5c1d85ce1571e8f45464da4a7ee02495,1f506783b461fda7d5c16add6062ccdf4f29df0daa3bca536c89e3dee4bab966,train
/content/section_01_workspace/data/raw/spamassassin/spam/00364.11dba84b95e0471927d1ebc8ff0017ef,1,5c03201f9b9d612d4e815c7d4345b52a0b5f73ff34bb3684cafe997c38daef09,6b3debd2973db82dbfb34402f0096d0a0412f3928c9cfc161194d30df49d1b26,de49894821ab3101f101cf78926ced3e3f627b5f935fb3c006cf02558e3e6b2b,train
/content/section_01_workspace/data/raw/spamassassin/easy_ham/00512.c77705cc5e9a878a5c1f5b17583720f6,0,9578d1b46a1049609a587e6929ed11efb4a532776c060ca30c1304239d4bac09,8ec26c26838ea3933f9a95b6afb05282a3dfa67bcb7025d23a9888cc3c394936,eaade431c3a2e5de14ecf52391f5e2c6899caa451674f4979b4db88c84da4afc,train
/content/section_01_workspace/data/raw/spamassassin/easy_ham/01880.648d1b6e86c56206eb60856243321265,0,e26640838ea650d05418aae06167d5f4c68eeed403e4543ca2b14b7d6b1ccb13,5e4d6547719e466ca0d4a3eb9353d8a01d8e79fbb49161b13bc2d8ad4662ecc1,bf9fb690514c97da0afb57aebf7335d9f59b8c9b3048ce2a6a10446ba754b44d,train
/content/section_01_workspace/data/raw/spamassassin/easy_ham/02043.aa852e4d083325078cad6d701ffd99f7,0,42c68522daed2835cca366043cf435e781db3a6eb0dc3861ff61b1bc72115814,7d0f6f7c0d6fe90541e59792c3e6449fa8a69cd1cee287e65e2b13f44425eb1c,362ed50ea6919fd8aeb9234382eb5414e34557f4feb51edc0c72247ac21b8293,train
/content/section_01_workspace/data/raw/spamassassin/easy_ham/00614.2487f80400eb954b7c3ab257771ed393,0,2efe6ecd016d8c6cabe8509a731573d8cbe4feb247421e335d7cac24d00df3e1,b45d2c12d15073160f481f211470ba15cc15a21cde9ee790a8c2a4c4fec67d4a,4a842d8e55292a059e324ac7726da79fb6a50b3dd619c12a76019d68fa8d4271,train
/content/section_01_workspace/data/raw/spamassassin/easy_ham/01593.72453c2f0f6643b4e5f7da773a850b9d,0,8a749403f48f8f0a0f9df237b3f280dd0458335e1bb9bcee8ca8980b5f06a44a,aba1de96aec697639e4ab55bc87786ecf4c12f38b7561bf14da34bc1bca65e8b,0ca1c82515148325d25aca23386b4f06c174949fa082412704cf4b5cc2a025a9,train
/content/section_01_workspace/data/raw/spamassassin/easy_ham/01794.e322c3e66406d3a985a61aba25902c5b,0,b5892963f5415ef105660f71dcfc39973325b0c80c9f456e3a7395d37bb2aa8c,926441ea84c58c3cbe3996e8d4a116ccc4b8267998cc43b0fd93731d84db0fee,b63eb32af0657132debc4caec2bf26947b7b3c4280893049a06e8ef7e568c81d,train
/content/section_01_workspace/data/raw/spamassassin/easy_ham/01277.80c68862f31f15ac616d77358c449fed,0,1c3650490398cdf18f62f6baf2cd7b4e83a56bd0cbba643224c2a69b1e642b34,5d69d57a953cd040a31391d526f7c31879821e7c83077d9267b3c99d11cc1bbb,160083263cafae11b8a2b81cc2917fecd84664d4f7d431fb3438ed9e30bb7f6d,train
/content/section_01_workspace/data/raw/spamassassin/easy_ham/01694.5bae1500a6c23344cde8b81dd95a2dd7,0,9a44e962f06d2fb066934b9b551a8aeca0fa4dbc062ae060c0dcbcc5bc80e09a,5a92cc8b4d29d5e6504a17e20eee8ee1f45a7d727eb4146a8b9dc75470f754b8,b372bfdca332dde5d48bb752fff71f1d39644d0ed6b387226606df78f5285c22,train
/content/section_01_workspace/data/raw/spamassassin/spam/00317.22fe43af6f4c707c4f1bdc56af959a8e,1,b38515f57721be2b5a3834654311093480326118a580be98200f1a2f40409cfb,743d05f68f99931b8620166858640ec7970e5a41a601a3dfb7fa13e58421b491,9952fe68f4e9aa8e15af5b2ea410f5e272755cc92f46003d83c63e317683af26,train
/content/section_01_workspace/data/raw/spamassassin/easy_ham/01094.f14bc2edd6fc45fa7b09c0a4ad5b82e3,0,10b18a4d669623056fd9fba7846cd6b0d0befa60c64f65ca518c18535bbbf0f5,b1fdf2bb6cc50dafa6b942c9a33ef125b1f414efc69031e0dc4d0d1e59a64289,2cd1e447eb703493959305efe1f8a86cc7fdf0b5f362fd265ae5ae15528d55b2,train
/content/section_01_workspace/data/raw/spamassassin/easy_ham/00889.8f1ca88d8dc661c9ffcd25a2104efe7a,0,8e5d29c1c830f1dda181004d9add2bc84d43f79a65d19c03ae95cc016e9a9772,197915d94b763b30ee59489683b990271b5ee038f60c066681f66c6d6def07cc,c9c9094cd7f5e3872d8fd7934ca4d4d7fbc2faa4adfed74e6b147568f65dd0fe,train
/content/section_01_workspace/data/raw/spamassassin/spam/00469.ee3b2f31459cc2ec43ae7cae00d40cf6,1,7f2d0f5b2607d4b3382d11aa07c4280f22e46f58c06731c84604d96136342662,2a2672dde701cd1616c3a482c0ec44f7dabaa95280b184ed146a2949d56ff6dd,b736897a7949477a36d6a0ca2740dff41e97c44225c65d3240dff33ba11630be,train
/content/section_01_workspace/data/raw/spamassassin/spam/00126.e98e1ba87a38e0cceeb55f3b86dbd4dd,1,4c5bc2e2aaf771caf3a6385d8e386a0075ae5032309cc70cdb9f512d764005c7,089081d1aa38d029e01d1373c5826f89bd0c58b66d7ecf9e07931893c665895e,19e963a8add1e358bed32479bde0af8dd9a528b2ce66ab60c2dd4ff6dd3714fe,train
/content/section_01_workspace/data/raw/spamassassin/easy_ham/00628.4a185fee450d8239cf82bee902dbd1af,0,a71b75e4c9439a966e56305b3a5136b603c58257bfc67f4cc3b9b661a768776a,d44c0c883dbab425063e52a56343f7c227fcc885419dd61e3895e505a8f6f277,e483d337f36a14de164c861bb4a7ae6de9921e9ab48816c3f9310ddb62ce8993,train
/content/section_01_workspace/data/raw/spamassassin/spam/00473.7086ec944a1245a002b04547a433c887,1,8c2e82f7d2226bac9f2b404590e8c8828360631420eb19589735f4df99fcbb1e,b765563ec4560cf9ef96966fbf67ac5228c33144d4f384bde647b8858f09747d,099bd49c7de199cda6a1b8e172cb5ec2d658c47dd6cb10bc0cc381ce5910b141,train
/content/section_01_workspace/data/raw/spamassassin/spam/00361.e91ac048b0ede961d3f51009eee1c620,1,2c13ebefd4692bfb6ef490109d080e2da35b11d301966d507b46e6cdb4e8b5bf,83c9eca3d1bead753ebbeb8c8ff9133a4b5d02a57ba0bbe72d5128e4700e00eb,ef6342be81bfa66457022a13a75f2a49fecf11bcdeb1343992f7515e141e8fe0,train
/content/section_01_workspace/data/raw/spamassassin/easy_ham/02412.23b29d8b8bea2c522888d2344a6b971b,0,cea4573410113b41ab3451a1d71af3c1e3509023f32f8c1860b56d2060bfc150,ae16f6edfe280623fdd6b842f679af94cb60ccb42a41a55f3fe3dfea7518de63,1cac065f49ca684fc880b989a9f355b2132ce707aae3fa46dd1f5e6a57bebc46,train
/content/section_01_workspace/data/raw/spamassassin/easy_ham/00015.4d7026347ba7478c9db04c70913e68fd,0,ee17477629a4a3373b898e6779aa3d347024614850be864e7f0a2058c45f0f6a,4bf1fc92df268b12d337abec65ead0ad0d6d3e428fdf42fa8739093999448a97,e7e71a053b76f9692f9051c33c9fd0085f1abfa2499676d34bcebb1b6a126d24,train
/content/section_01_workspace/data/raw/spamassassin/easy_ham/01839.cbc2edf86a3edffd90cf1150c9829396,0,12b6fa6a38ac73415f573a932db6f1778ce4a43b23a224fbeadbf5578f58bdce,a1b7f5aa0df1f2ce8dbd93b672bcbd2c1ebf521e669508ef4c22cdc8a8eee4eb,217e0850891c1c9c58e437320119f85f306eea8311095d4eaae404850f64dd7d,train
/content/section_01_workspace/data/raw/spamassassin/easy_ham/02190.92b3abc7fadd16370cbc516dcc0d0152,0,518be9638875e651de1dfd5a3e6ca248e30015c86ac36f64e07f49bf158743df,35bc5381f5320516e134eaa0f533b466b29cdcdc2ef66f25e4d93cacc3cd2fe7,a41b1e4efdae07e608adfd9314bca4622c1a0fc944678a8a8d4f394d652b68ab,train
/content/section_01_workspace/data/raw/spamassassin/easy_ham/00364.30f174421507d353f1f602919dec35af,0,503cb27e4500b5d6be72f96512d560cef8275f87d7f2617346c4a910accb0e16,0b69298c648a416f8a3d553854b5b0b899e7b46b99a11e8b7c879ee6329eba05,32897806af4f352f0df4d3dec570b68e4e9af5ec29ee4a6a01ec9e97e91920d6,train
/content/section_01_workspace/data/raw/spamassassin/easy_ham/01278.a6b5dc8309ecd924c2ee872d35899de7,0,60d7370e52a9e12aa3380e6eee30583f6ca6ac445e93e722307507caded8cc0e,1dd68898534198ac33f51f1cba7ed0039ceac0e9617ebc42fcb55f798e9ce90c,c0ec4bc8b2a5b93eb0f1b4ad92130ac868c70bf3e88cf173ff30a7082a231509,train
/content/section_01_workspace/data/raw/spamassassin/spam/00350.c2658f17a328efdf045b38ab38db472f,1,5b9931b91cc1c3c33b30b0f0e9f47ddd75d6912266594c87d775bbc788d8ad69,3025c7c7845eeb8a99e86feecd19053dff15d901a379ef8a7f1ce97d8ea5ba10,cef32326c2b8a70763bb96a8494b7f66c9b2d5dc9d354bf35cd388f61568e407,train
/content/section_01_workspace/data/raw/spamassassin/spam/00194.767c323b4ae7a4909397e42cbd0c56a4,1,8384d443274e932c8a4ff96005c3856809f4034f4aa12d621c874021e58fce0b,3f647013fb68dbf0585ed8eda0518ee6c5c4ed8b4e34419b29484dd920a92e23,8b33b665dee56e5efa451f6fa2673d9d727f19a909b5c32ea40bb720a499aba5,train
/content/section_01_workspace/data/raw/spamassassin/easy_ham/01384.e7263302093734244d473fe1f7518497,0,a1807a376c8e1ddbc0b072df9c960ea523f31d70ada5e98443ac5c9437008927,9d2b376313d72d254af8d3f05c11a90868ba078a62ab835f8a43cc5d5f3a3abc,fb7768d4389b9572ccd6322872a1eeab89028ff7f9ba3413329e1e08d0f63670,train
/content/section_01_workspace/data/raw/spamassassin/easy_ham/01915.45328e54f66be8d9049a97d4bf52ac4d,0,a530d6558cd341c096d246f72f2479f149a6894b6c335376f6f13d228106b91d,18d8feedf4d6da043c14607f301b316c362597f138664581bd9c87e9ded6fcae,d38909384763ba72d9b2acdbb0bafcb0b26d2e1605864094f1884d21760523eb,train
/content/section_01_workspace/data/raw/spamassassin/easy_ham/02481.176b368fe4b90682f33647d65a8b97a3,0,a948fd612faabde83af1a996e8bda8680e897f0e1a572fdbbb3958d6e3bebf51,4689e35e6d3261dbca580f04c9d14aa59dbc75115b1277d8e47c51cf67567491,a6480e982668926c766f4a8d44a6015cbd3dfcb153c70831a87e9a6867aaf349,train
/content/section_01_workspace/data/raw/spamassassin/easy_ham/00428.f28828195802a97e84fbace0b81dbe53,0,e124e0db1c6544148f34e9bb07c109ed855c18d35f95533551e2da3ea7f71e73,ca88277b32539b7feb77214ab6b8f18c4699d9a36f7e5153c4918af71f6044c2,e2ccffd4e0175e78ecf364224f6bf47f0d3c3ab2a4224d432e997cd07dd63ace,train
/content/section_01_workspace/data/raw/spamassassin/easy_ham/02318.48d402a51963b3fe7e43da0bd4ec8c50,0,6254512fc524f3616f1e00ede019360b336ee071a0bcebf8c9c955d7c5cbb98f,40fba9128d85ca26ad9dbdb3e71156de172bff76e6f3ae9a151d3d5ad390aa51,4dd728b843b9a2fc0f989d63ee72bd061417e133cca6deaab4db5a2326f0948d,train
/content/section_01_workspace/data/raw/spamassassin/easy_ham/01715.30f57f8851044a464064eec4c938963d,0,08328dd1c2648f9d537cbd3f5c6609949b4e392d5fa19e257d7f2f970889c9a2,dca75bf08be1d422e185f5246e46852b1633822b2737d11bd90703c0c448a080,2d60bcfa86e1affc2fb33f2f35e7a9bef73a11abbe54d66b6aa307b75c94ba56,train
/content/section_01_workspace/data/raw/spamassassin/easy_ham/01809.2edc06abde52f0d98a38f0d82f1df79f,0,e957fd8d5131de431ffcb521b5ad9d57e4b2a207269139433e550c6f73b656f3,63c042002c0284b1078a659cd6792a0ee678d19289068a57ae42e79ea25228f7,405735de6204aa9ec17e213e130789b6a6b48b7f2e52d508db4a1e70b29c433e,train
/content/section_01_workspace/data/raw/spamassassin/easy_ham/01974.1d45bc3954f2572bcced02004515cf9f,0,3c1d0560b891f9d75746611a6e5d77f36cbd58a4946f748edfaf4b75c855852c,7f0a7672c2362066015ca687dd2389e8b31c319a3289762b3a179b2b5acfa215,805d489356960739061ca001545ab5b8fbc675f672a0c7798194215f228c4ecd,train
/content/section_01_workspace/data/raw/spamassassin/easy_ham/02390.e9c19167c2abb222ddb6ecd1ec91a048,0,d5b5026ec6df73ac566cc5b99c6f41cd99e5b18445efe30b3717caab3b221a24,ddbd2fea5b4ebc0f63e4feeddef27cc44ffa215463c2a24c68e6bd7accf94f78,ce2be088040a4475a4ebfa862aa5d75c7e371f432fa54a70cdf4e28d50437a2e,train
/content/section_01_workspace/data/raw/spamassassin/easy_ham/02381.e00a6c4a6d57003d10e0df8dc65e1b8b,0,0d76cbda20886af5a43aa7cccf00c57d95626e83604fabfafbb61d76c93131b7,15479b79970ea3db536234a0ca24fa83ff7fddcb18ee603092cfe280f7b6c867,2ea9f8d49a1fb23ee55472c7ac3cc3a3ac62fac4203b98edb466a70aa32538df,train
/content/section_01_workspace/data/raw/spamassassin/easy_ham/01172.548e6eb1a164cc875189890a4b78e4f7,0,a951a58ec9a068ca48259fa675d71a23ad8a434260924de8278d7d02ceaa417a,740719144921048e067e99bd53acab6165fe062a24cdd0a806b62669092f3a2d,8c1bf9cf72a73d3a512b31eb8ad52c8b40e7647357633d0960fa44705623d3bb,train
/content/section_01_workspace/data/raw/spamassassin/easy_ham/01995.cdffea988c8a96c8ad9246306a1bd851,0,a1e37b97e8914b7efe8865235d86b150d1942f0fb1e7183b9a18f2e09dd3a9e5,764b6b607023aa33a010904064c9e7c30a8fce77ebfb7ea01a714b728f8bee02,b85d858f3de90ec3ffb11b8329f8cc8773b0fbebc7c8493e6f34cd5952ec18d2,train
/content/section_01_workspace/data/raw/spamassassin/spam/00375.1130c29a255fa277c5acbee4d08edacd,1,fcdef9808280d917bd8f41ed6fe9e923bc68a0a6458ec179fe0f50eaadde7440,9fbc3209d4c88c95f15d6b94442b3bb728d4225508f6d6354215adb0642d7db9,cc041baf70504cbc89bf56fa8756d52816fe80910fd23b695782a979aa901571,train
/content/section_01_workspace/data/raw/spamassassin/easy_ham/02140.ccabcb71ece6c0835518e4c7900ef94b,0,bf6aa442a37b233112b2cd05a66c0b439d0a141118f42e9fb648210bbbc07b16,49f3e74de9814c527ddf581946cec6dfa56c6537543987f5ece401899be56531,9897ba98887f568bf53c45eef1d95d11659842889b8da7f9e984b455d81b0eaa,train
/content/section_01_workspace/data/raw/spamassassin/easy_ham/02117.5633de8a0bbffe95762840affd0986c9,0,f6a8f8f5e3619363b615c724ca540359c37f8f69b52099ceb77de000f20f29eb,496a1101383982a2a09235103d10ed40c8cfc914285385e77e56a84b80d82c37,a23edb89919e63c17e809c6392cfa3d75e941e9e50d4b9675636943d964a4bde,train
/content/section_01_workspace/data/raw/spamassassin/easy_ham/00735.97b119b8e994bfd0c9a3455b407e52a3,0,92e7a42ff8ddf920a2a9286a9fff9c1c6aec610a7db0f68580b8088663a8518e,144001e1721eb7b971dd190117a1dd1d2c2c90320c2fb6c387e32747f290157a,1f004cf86f293cb332bb2f634fe6d71b5f88ca73e0d8cf6fb4254a7b18a3d2eb,train
/content/section_01_workspace/data/raw/spamassassin/easy_ham/01544.62616d90c7904be02b84255b8dd94006,0,4e29bcedbd6264e2e94dced025e6c32e25497b86907a6103224ef4dd7721ba53,6be5bf25f3cdc93c5a2ced1b3a552246a1fd8d8df6858f03060cc950d49babc5,837df9ee80258bf235402102649d783caa28bc72bd39272ef1f3c61df906bdbd,train
/content/section_01_workspace/data/raw/spamassassin/easy_ham/00353.ec01b62420323fffe253643fe0439c86,0,c2e4a7649adc0b506eac319b438e6aeda9eb89678debd8cb0fdb3be323cbb9f7,f890a4510368d7a494c4368498708d7667990c6d2b8b0c22ba5d335300631d06,0e4ffcc0ec26d474ae34bd2a6a32edb8b416f2d80423af7df443cc1a18578961,train
/content/section_01_workspace/data/raw/spamassassin/easy_ham/02177.271ffe8f601916de07520b23fe0d0921,0,14fe50b0ed5f35bac2bb5383d1c4f92e234456cd540d2fd282aa5d17474b7145,d304767e89260d39ab3c55f66ac62bf623832448a0f136df3a7e70801be34238,eb1188e90dc642d0cc29ba5346c300db99c63b1e3e312343df32389b20baf93d,train
/content/section_01_workspace/data/raw/spamassassin/spam/00342.0dab365fab3be83284b08ac5783335da,1,e8622ab1f5f532573ee32f35be224569e2982e88ccf985924900d4a8d203145f,2a099f0329b15ae2a945f82663a06c235ab1cdecc2ee167ac92b38138d1adb53,d61a621d55bb7daebb6008b30566ed7b5b20391791330d5a520dd098689dbf70,train
/content/section_01_workspace/data/raw/spamassassin/easy_ham/01247.2a40443c1cba2e07a993b186db41971d,0,ba627e155ab1527543be086a166fb2bd01b58834f0d2db410c4723f020942390,bec3c9be289018c91a7304de1e7c050b8bfb1d588319b7f415c723c401eb8ef2,2dfb629143390bf667f24e7b8ea44e0701dde4eeac16ffadcda3781ed1dbde4f,train
/content/section_01_workspace/data/raw/spamassassin/easy_ham/02359.63b4bf64205944352697f4dd2a731c77,0,35fd4f774b7752d030a605c36ac596644966551fedf6ef106f504d0eac0e1fce,499c9a45825605d8fd58c5f63699bec24db35e489de4fb439e055481e3bb2de1,f71446503c965f12fe114506beed197ce73a20127589af2167fd3f464fc82439,train
/content/section_01_workspace/data/raw/spamassassin/easy_ham/00940.2d6167e70e2aaa01e531409f1dbdd551,0,dbea5f758c9ef891065fce7a447d0e1213aba18fefa63e5b650496d49c7e41d6,47ba5eaaa8b3011397e9c5a0dd3e49fa987808b8dbb20580d3bb9228a8a3edb6,65fe476bef38eac9185c446369f5ddd4dfdafe8e011f26bfc90d73b886fe1841,train
/content/section_01_workspace/data/raw/spamassassin/easy_ham/02171.b9bc07d8d041e3fb2f0a75999eb36e16,0,779e1147bb95df828cf81172c91bdc6b09d64529ac49c55c37ee8af4f5aeb981,4d9857f518051144aff9c21e2983fc99b8475afb5e9849f274dbb41a4693a3d3,9687280b11f9fa96ca3b25b08ebd14bdac59ab7e45c6cfb4e219369868d07076,train
/content/section_01_workspace/data/raw/spamassassin/easy_ham/00149.6ace09f27948721429b08699d9b92f4c,0,2e13aa823a74ec31d236f30b1d3245e4d8bc5ba611c01452a305336130369f94,59e008b4556eb1d71b31ff2c31d4762bb0f1f8bd8dcd2e5725991e98b4697be4,22a6d210aaacfb5dc228774a5d2425d9ebce10e52c23fab2a6fc7fe819685084,train
/content/section_01_workspace/data/raw/spamassassin/easy_ham/00669.1324e7460b86ccd5cf81ea949704351d,0,d02fb35b7d8614ceddbb387ccffe9cf64d45008ca3c311d357014fbf2bb3743d,ba3c7ed76e783a00da70598ccf38d62bd58615324913b2c517036651ca02e9f4,b8e22bf80d973389e87f40cbc15ee06486223c6a7e3544ce3aaa4af4d43b99f0,train
/content/section_01_workspace/data/raw/spamassassin/easy_ham/02395.ff44e9fcba3b3fb6541d320cde0831a1,0,f4b73035b14d95fc57f832b111c59282715663d32eff69e415761c5208c50463,d1c18baab621c3fa23edab82c7e5aa7ab5d1654b689fbd7427590d3b5ae91051,186955c67f2af99879ef15b0c3b4d4fc9c54b7282c0fa76a0ae9e979d782b024,train
/content/section_01_workspace/data/raw/spamassassin/easy_ham/00355.9fabc0fb3da1d8376c6db0702b60fb39,0,f8ad69e05bbb8cd7abb4903ce93c1d1b04d80c685650aa29ea678925fdb0ece4,6720ec0afabe68d425cd2c4d889fd3a0e1c642eb6c57bf9e5362efd8cc18a3da,4cab6811a274eee983fe5917d059991c9654db9e360324272c489871382c9894,train
/content/section_01_workspace/data/raw/spamassassin/easy_ham/00329.84bd9e3cd5592c4335ded8736acbccae,0,920ac29968ace5d06246761fd549bfbfadab21951fbf28a4c48f612dc6a8520c,65f633e3a2067124cc846e8d237e827ef2c27dcd850575513641cd7edc4472ba,717c5523cacf5d52ab4a94098bf72eac4b9cc18da951675b70f22ed19b3807a3,train
/content/section_01_workspace/data/raw/spamassassin/easy_ham/00992.4a6d6d9013a804213fff718806aaae49,0,9ace61891f6e3996ef62d42786f096d1f072cbd46716dd5c3edcd0de12f3fbc8,8e5cf14e4c9a1f044edfd401dbf72678bd24360d35e6273cef148d3f4ed19c8d,bc97e9b6e018f137d59978c47ebfe0cfd03ff12a0a54377134bb725dced401cb,train
/content/section_01_workspace/data/raw/spamassassin/easy_ham/01344.9076ec44d13f2da07adbe956c032f17b,0,a0550be5ea0e9840cd9670cddfaa393d7d30efb9205a8bacda1340bb3d9596fc,2835656a05f0c7d12f52cc0b8da12ea734223e6b861c12223e91d1d202ef21a5,327257b41032a700dc93bb993bb7b9246a787968b84ba07dad9c9a688dc25c05,train
/content/section_01_workspace/data/raw/spamassassin/easy_ham/01577.481ae48bcd887cf4af60219de12f42a1,0,e3ea9cab12c2854cbde10f3403a0421df75395e2593247cf3346f76496a02d57,9b0193935424024c66ed83ae3e1eb80a3d59437f87a7f73341f3accbffca0210,c9632ef77d73c74dee09755baaa4367bac36b6a1d81c5db156676d1b3843dfaf,train
/content/section_01_workspace/data/raw/spamassassin/easy_ham/02003.0efdf5386d93ddbff346b304c637ab35,0,ceb1b183ebd7056c2757fc7afc4edaa7289950345624c606d21381189f91fc26,8bc9ed822d80ceb7fc33348161dcce16312209fcfbd380d363f202f9af10a92b,a5f249d62e0913ee8fe70e30e5e9ccaba0528c2cdf2a8ae24e8f8c58b3b965a5,train
/content/section_01_workspace/data/raw/spamassassin/easy_ham/00094.ef72156b3ba9ff0fc5fedc2125ceb736,0,fb44b8cf4797ae2a782419c1bd1141eb62fa787b9a929155b72dfe36de2b1079,71fcbde35a6a4de099df2a6c71e52d5f121ddd7f3bc9407bd6afc874db01d64d,7155dbcddf152fb9129b4e1bd69148696635311847f4cf09309ad24a8c512ba2,train
/content/section_01_workspace/data/raw/spamassassin/spam/00496.1a37de098f6c8847c3c7839d73cc7106,1,1901dafc1b0e1286758dfda7d5459c3970fe39fafc43decc16a0db5ca57c4d1c,7fdaba3954be8496bee4c110e0a7ef6f060d0de4ef31509411e9aa895ade0e23,f2c30d6576cbc3351480dd19c3577726d104de448076f1f3fd73d88b2cbc7cd1,train
/content/section_01_workspace/data/raw/spamassassin/easy_ham/01083.68ca1eec938ec95c00e6fcd3ed282dd3,0,e33dc3226d4a7eb268ad128782502e23e92015c0a47ed9068ed857a84e8fd655,d3dedd682197b5f13651a5428a1b5d0e923625d62692a835949450fd0dead6d4,a8753bf5e8f1f2af2046acc12846cdfa15d9dedb363c9b2088fcf63a8f273ec8,train
/content/section_01_workspace/data/raw/spamassassin/easy_ham/00415.62ff4ec7f1c4aa5e5ff0d1165892c0bd,0,1c5cc33de19b20c687235204d5b9a3eecbfddcdbb332ae0b9585842118977be2,c14cfbb5212c79d4585bccc06463248ff79d7995d494bfa4f68f468a8cc4dcd7,854fce46ed31ff603c1bf0763b27fb3f854940b284af04fe5f8e041aee7b4405,train
/content/section_01_workspace/data/raw/spamassassin/easy_ham/01530.a942433d8d15aa78b6dbee89bf0f09d8,0,83c27fd2e288ecf7330644a838f036556644d8098ca06e632a58b2be0837f857,b712cbb634caf4f51fb9035a7a0b323ffe964d74113bb067bcb0a00f54238277,29345b6392dd40dffc74a188ab7288585dec46b78ca631275511ca68a8c18bdd,train
/content/section_01_workspace/data/raw/spamassassin/easy_ham/00876.f075a944de6d2290fd7a1965ac72d94f,0,088d5eaedbb851c6eeb15ddda2d6183824f052cd2ef8c229443140c50c2355b5,9e73fc2fc1bda0e91dba243cd4e883677723e016376f278fccf84bfd7fd19022,ec8409a6093ca546e40195e77de321f8bc40ffe44407fe2a68924cbc902a35fa,train
/content/section_01_workspace/data/raw/spamassassin/easy_ham/02328.3ee8aa6fb89a74f63d2be89404554cd1,0,2e36629b1ff6af8417728e0bd4ae1c0850ad62a11a0faa14b52070e257a47770,f6b0d803f6629898395dbd5d5093e0b45939904eaf392db3104be8eb2d8e20d6,67b6e99250eb828694d4cdc7e370a7f78361fc2b9aaf6cfb817421512c8c5183,train
/content/section_01_workspace/data/raw/spamassassin/easy_ham/00450.72b1e6931947f5bfcc7c116431e2a093,0,8c1ff7b377a5088d6d3d6a8b167ab47e31a4814fec2ee6b08311f219647daf6a,7bc8ee77f437420101bd7866ce4d0e4ee7a49aabb6338630578d68ecf6de525b,6dc6100e5e51993e668292d99d15928ad66adddc4475f514fc9eac9ce270421d,train
/content/section_01_workspace/data/raw/spamassassin/easy_ham/00040.eec48d76fbc04e9b98c3de0f59af97ac,0,89e7b7eec3175ad160721365ae3152952be9c829dceb81d86b1e85bd0790cf6c,d91d3e410015b03bcb773b6e9ee262fda5bf33e705a67415088eb616cc249d9a,7720d384a077ff3a3b16b278dfcc2362492f9e060785274c34a62e6a58d0506f,train
/content/section_01_workspace/data/raw/spamassassin/easy_ham/01767.6311d2facfb91a58256337892138dd6e,0,49e61d3a10a22fcaab5c9e53ed9fedd3537564b63e0965eba79f6a359bf06abd,560bc3abb5dcebce979fadcacdf78d073277f42d11d80091276bfc3cd356ca08,1b7793564caaea9afe2c73fe9305e5cb0cb0d0705fb2587c9eefe1c487b530f7,train
/content/section_01_workspace/data/raw/spamassassin/easy_ham/00884.48ae15dc5f48f6caafa8c235d148782a,0,78e00bd3a0dca7d3737a9590f1d01197eff8641486e7360b2465dedcabf28212,08d6e65c7b046729cb5070b9daa77398b0be45abeded08511a2e681dcd9ae10a,0e6a7ee2a166007193b847fe70bdf9ccdf050a2019178671d4fdb219beadfff2,train
/content/section_01_workspace/data/raw/spamassassin/easy_ham/01038.2c9d48308237d4d7ad50bb6864602ab4,0,13fa583d3996cf2869d9f8524c125cb131cf55581ba06c18f5b6e72cedc6baac,a168e9af618ce3fafdbc825318be8ed76fc6cd0225970220d88ad774fb187fc1,44a3f3a37f03e1888a79dfe6a29ab6497b62e83a9be20d350dd5e9ca3425c7db,train
/content/section_01_workspace/data/raw/spamassassin/easy_ham/00890.85334af70442efdbf0b83768fb1d2eb3,0,d51da1ca49924f9f070574df49919f88820c4352efb1950cb5434f29e5c08289,dbb9a2058028674175500ba1ecdf952f3d23c4c1a926566eb00af5a70c201e2d,bb8492b13332e73a588d35f7de08798e5f59eadf2b08662429df6b7ac2308225,train
/content/section_01_workspace/data/raw/spamassassin/easy_ham/00825.49de040a4a48997da11b0e751d40c211,0,64bd31f3621b3fc4e6d6af7319c2117701f031f27bb1e1828ab644133b20a357,ea077a7e664bad2588e03d451486ebeaa46a0b3d3b172728e233c524c0d6ac42,46c97b747d208d1e6ab561145c1238202225e0704c3710ef62c9e8226e3db355,train
/content/section_01_workspace/data/raw/spamassassin/spam/00210.050ffd105bd4e006771ee63cabc59978,1,7d7bd4edce7d8c3f960ebb0e9ab47833f12ae91b495743385201570a01dba04b,68521eeb802d5cf9d07248ba8fb6f7799c2e0ba86c5ab9153283a8547764336d,a19b2657837b81007a66455a5584690386163bb6468fbf62e9e0700f663e9097,train
/content/section_01_workspace/data/raw/spamassassin/spam/00453.456abc0bc83034492888f63725796d5b,1,591ee6ade6e9bdcd7898370984d9a5a8e5769c069f2ae434834f6a7c0fd99958,9b79d1e5b509bda94f3b4735210d2137a027860a9ca0c082a0f2f6d027a3b668,8c4ef4bb79251ba35851a7b415924f84fdb280cb897adf81315fa67f82099ac5,train
/content/section_01_workspace/data/raw/spamassassin/easy_ham/00895.0c7898bdc5199ca3efd6af04c80430d0,0,8c65eab4e1c308170316744a3152d3531a5340822a224c7c815718e43bb53bc4,79baef1651106c4f0460e57048dfbc309ec88cc6c6e86603b9b4ffa38a216f22,c2ce943cec3bdc592fcd6b56d0da4076979ac2640c90a33699ec0a55457f718b,train
/content/section_01_workspace/data/raw/spamassassin/easy_ham/00483.0ce5057dc155d6a6aca6c917b4eb0793,0,19f5a6101db16d18142784f4c12682d364e7bf0f60086d2d857646bf0a4d2c0f,4b4266537e3055b5cfd62c4bab353a8d6229162069695b1401659f376406da6f,8e24198e1bb2c5f5dc60e3a98c4c4cc43b4b6d72170c489d5d080cce99654a6c,train
/content/section_01_workspace/data/raw/spamassassin/easy_ham/00397.8e97b74b0753e9f56160fc8cb8d933c9,0,893a7aedaa965a63bdc09239102cf5bac77a5a6e9e3d9743731848d9bc6e4503,00d8d6b3edf9320023a0966cc9ca93bac5ee4291a04b4c48b67da3472bfddf5e,56bb2ffc2fc7ef19aadb04abd59f5623f7c263f45faf88087a6367658b558d7d,train
/content/section_01_workspace/data/raw/spamassassin/easy_ham/02053.c0f3c7c8455da887dfd0dd3f5e151eef,0,9aad4260f0f5076d1a3a8e76a5316a62e497aa0d372eaa35a924a4d8ba34b5cb,e64bc656640895d547859db1822c15486c4cd702d128ebce24dfe3a9c19082a2,4564026563a62dda87acce73d4805c8cfb5dc27b4c0b086ac495798dfb11f1cc,train
/content/section_01_workspace/data/raw/spamassassin/easy_ham/00754.35836a337d451aa3b7cfc7a7e617c2b2,0,687748e11f9cebc6420dce24c3300930cb2bebd95d00f323528634bb704132c7,bbc75372d35af6818a30dd943af201993e776e9db1f424008f94c77dd8653c9e,41f1675cde732e01bcebddcce2a4287b0f849fa45821bb3dcc7d65b7ddd50d03,train
/content/section_01_workspace/data/raw/spamassassin/easy_ham/01786.3ceb1c3eee839cc3c0493c42182a1d06,0,c70e33c2e9cdc77aa2816ebb525f922cf37d5921e92c82dc5020e20aa77476b2,f971c8507b4ac2a83098e90058edd00528a82546be22024448c62f54d81ea3e7,54653b8b1d4f3d4fd9d95d6cc378b4027b5dce8d27a54b12ca89542c62902ca4,train
/content/section_01_workspace/data/raw/spamassassin/easy_ham/00026.f9755fb0cee92676d7bd76d32bc5f50f,0,a4f719e7a30283609571f0b7212e0623fee387faca444fcbfe442891c194d5fa,54239b65f0e68cccad577f16972159b0f4f216c68469a7fc8e04553e1a8c4671,4beee38172f938f4c162daa2ab31eab7952db13ccc2f5c9ae622994de90a444c,train
/content/section_01_workspace/data/raw/spamassassin/spam/00409.e59f63e813b6766a9a4ddf0790634ca3,1,347df58274ae0fd59c705cd414fdb732389c848a94c5f86fc300eb1d7d74a05f,912f1ab42eb410661c61c1db60badc6237c1e625f21ea96d047f03ed8808919c,2679a43e1685ee91c5fed1e6645a553a6172ac9df9ff26d882a853dac232a63e,train
/content/section_01_workspace/data/raw/spamassassin/easy_ham/00768.ce54703f83eb3bf04a04f665dbf55e96,0,70a8bbfc6e4a18dcc97ae4b4665beac2888aeeb24c090532f6f454ff2cb1f71b,fdd73da668a7c775bfe426d6f749e0b8df910465b797f13321a396e3e68a446e,4945c1ddd1b0ef169962a039f2c62e77fe3b313635407953cc1d1d13f6dce349,train
/content/section_01_workspace/data/raw/spamassassin/easy_ham/00420.04f6a1501e06ccfc93978982ee7ece8a,0,ed66156819320cf91eddbcea1a19193289ca56220f44b576dd1631d27179a4f0,f07faf608dd6f0bb4a22cdd5bda85b267a6751c5b6d960a094b3e3dd918379c9,1cb615b0431b78f504484e00d2ec552997c368ecb348e9b880040bf109b9db0d,train
/content/section_01_workspace/data/raw/spamassassin/easy_ham/02305.7955c4d9b3bc15c0881298fd27e35889,0,f0644d9554932cd1eea46dc164833f595d3e6a4caf5537bd630b456fb8cda463,c598dcbb7ec46c7b0bc4a46470d65a3c9fca2f43d5b639a478d0f8083f1b1083,9048b7b60029f32595ae934b9d0d4d5dd0e875fbff0dc4526a1c80f551159519,train
/content/section_01_workspace/data/raw/spamassassin/easy_ham/01903.7cd58b43139e430224c5de7639b0d5d7,0,c1454ff95621c8bda7bb909aa5bad135de5bea861744abb69b2bd261c5ebfab6,b9b2bae5e0c49a6799956e68aa54b622a52a7703f4ad15cfa0f4be1d2913b862,27edde0e9ac282c42b261ee3f8fcd2f585cae7665bb2598c05c11f6fc9cf6462,train
/content/section_01_workspace/data/raw/spamassassin/easy_ham/00148.6bdcd2791992fb3b923e961f71295ce8,0,6f49133e0609f17ee88a5d6415e6f45ba8c5ef7f0a8fe6b7944b8d9576c8e110,f55f1869bd856e5c3a7006ebe451a81c5eab0134b3dacac402338a6eb85c8c6b,bfea611e62bc7287df95ada726e026f476fbbb1501ea4c5462d88ae214b585fb,train
/content/section_01_workspace/data/raw/spamassassin/easy_ham/00692.9761f9740766106c5f982e773069a76d,0,be5b5dd6f6ecae41728e5e40a274df91a5b8ba1e368d0b527a48c7649a2f8bc5,95b2f2e714369d447ecc2af2e2339864cab316a55ef15b3f28d9b03a12bcc740,458cfa1cbc52b162bcfcc7c30c9876001512e7e1438a7ed874bf26236fef1596,train
/content/section_01_workspace/data/raw/spamassassin/easy_ham/01066.f1bb150ef4ede1f6e29ea63ad2ef5684,0,55091b745213a80060b2f598867d306fc26578b5376f5135ef27290366845502,acb60e1731b2380f45dc6d305fec67374af23032ab805c4a8c3fcdf78b9284ee,1d8d15078f06517e78ca8bb4e28b3da8f371cf1879fc82e2271bed492172bbea,train
/content/section_01_workspace/data/raw/spamassassin/easy_ham/02101.295cc5ef152533e232130931e8967fbc,0,32bc2ae62a06ce1ba5932e5e3429d5e6301a5d1037e2938ce454448653829a79,aef7f64eaee1b439a740dc17d4bdc00dccad7f9783a40cc6a5651d2c6c261315,e9308d48dd5a4d18c2e83da653e1e78d7f9b94ef3d66e66982a53e491362de65,train
/content/section_01_workspace/data/raw/spamassassin/easy_ham/00743.1ee0d64b26edd4ab988d5b848232f554,0,2553d59bf44e9293aaaac85dfd7b870c4b0ba41adf7f031459f96dc16a2ee1a6,26689606f94dfe661c8ce9ab669e81dc0004b86b8fcb8ce2798bede8c1fcf52e,034ec30eeb07b485b570aa06319a9f6f16aa66773494dc49732d6eafac91bf3a,train
/content/section_01_workspace/data/raw/spamassassin/easy_ham/01045.5f6b92624699ddf883fc56e9b158c031,0,704a0d0a2c40b4557b446dcd16e31a84a9802ccf695c4e0b22e7697eb626a1b0,1738a63d0e594c56f1ad01351ff6ba21f7a5eaea0e570b6669d5f28f88a0e77c,03f1561c92221c608663f99b51f5a039ebd402e80db07bb573b6f26f39de9bd6,train
/content/section_01_workspace/data/raw/spamassassin/easy_ham/00297.be029fdbe088fc14a8124640f0bb053e,0,763fb85818279e2288d20284d0ec7147133b9fc0658d46a323d45b0996c6fce5,66f7560695f891b4fed6a52c212ba4321de37f5af22a66ca4d0b918c8077debf,1679c8b4cd238aad265c1868a8e695c06c815fa78eca68774ae0993d503e2a94,train
/content/section_01_workspace/data/raw/spamassassin/spam/00092.8ca54ce0c31e6149b5ef05c0108743be,1,3360622a42656b978c904ad8ffe6c98e13f00c848ea8d6866e94f8f4543386bd,70af28f1bb1851558f2a7930d4346738f0179e9e63510e3f58d903d55cdec562,e2a3235611b96649ede6089708ed03c8c9a5eef428c4c3aa8a4a9d8186305f4b,train
/content/section_01_workspace/data/raw/spamassassin/easy_ham/02245.665f72308396aa60a33375e5834de93c,0,bde5f48a2b5faf1434e1b9dc2bb61bbe3ea74598fbf785ba2d2d747d45f53475,640406c82a2517c6c37f012341ea2b5143e6e442f318fb43aaf6cef2eec05750,5b016bb6fdc2b15fa0e6295f3648430f0fca7a5a61b2bd00bb255b7e3c1dc553,train
/content/section_01_workspace/data/raw/spamassassin/easy_ham/00019.5322cb10d8819b39499924d852819c27,0,7fad352b06eac7a91f14f3b9505ab003d42fa70308c9c64d0abff8ca7c88de81,be30adb23d6dc00bdea253189be11d50f8685b2ed01a2a0827ee460005dc0a07,bb7932759ef231725218bde47ca013c86090cdcecac2722b61f6501bf0279b45,train
/content/section_01_workspace/data/raw/spamassassin/spam/00091.bcaf9648660ba372bc4d542aa06456ad,1,2dfc559ac2d4d14949c3c3ce2007c3d40c9479ada9f6267f6f382b628342158f,0afb35dc2735aa4fa02dfa484a1a3c734f1c1db3dad045892d0e310ce0ad82d9,b8d863431b415c7b241d63efb2a8d304ee27a9d77f03d5d0c3313fd4245b7eca,train
/content/section_01_workspace/data/raw/spamassassin/easy_ham/01328.d0911b225327299d50bc7c7f2284afdf,0,53364656e89507156aa1c9fb64cb64aa644ee233cf7381d6e8bf40c266def596,c9ed02ccda5ed69e469bb3d2dab5c62303fa4f7c126eecc7a0627a2f9b2821aa,879880fe92f3d13c586fc9c36886acc9d3d0f580e4a9f983171394d1d2787260,train
/content/section_01_workspace/data/raw/spamassassin/spam/00444.33afc8c1f9cea3100ca8502e8a785259,1,ec419feaafec9cfed584b417021c46fd9e842bcd253414eb983178e69c906bcb,74fc2eeab5bfd9140964fbd7878ffe5e516c4515db7ad44156cadc0d2fd86613,993b688dcadcd11f696463d621e643edc9548169fba066c361701b76c05d23dc,train
/content/section_01_workspace/data/raw/spamassassin/spam/00082.0341a767bbaca01fd89b6236ef681257,1,b985da176422086116c0d462399d62ba04aeda9b72d3920c6037fe00cffcaa15,83b0c9ff8a7e0080d34157804637a50b98d2e148b4ed44007b98dc602e5af04f,bc71a926a8eb62a6837784131b1fa256ec88c94369f2fc296e8e7eaa59b0dd6a,train
/content/section_01_workspace/data/raw/spamassassin/easy_ham/00083.d6bec4788401bc0df20b740557680768,0,69d45fd823fde1fb956e82305c2c3e26de05f3d2cfe5f3ffa0c2c41cf51873cd,b938d5ba3224cf98f64888f8bf2d8c73f22c328e6224506d91b6358f694318c8,f34799314ed54c7c291c516baaa269f985b331377358d78ac84a3cc4003fd74c,train
/content/section_01_workspace/data/raw/spamassassin/easy_ham/01297.911ece8836afba884cf1d352d6749578,0,65f0d9500d89f9a35bbdde7f18341c8dda7dc06809587bf394ec5b2b1b42b7c3,8129cb3dce45fe25b2e0af4d4dc87cc851d44e27b9f1d2011e2db7dcf11b9ee1,9aafce7273b3743420ca771df39a72fa9a6ab5e75a06f92309200970c4baafe4,train
/content/section_01_workspace/data/raw/spamassassin/easy_ham/00373.818730ce90950ecbf244e045a713de53,0,0affd42aaf8a91e5d1f280a8f25a7ba4db0998a4bb862c8db7d8eb050a96bad9,ae7943ee816288119ac5c437da6a3efdcc0227c57a2b38e3aa65527b98da59f3,5dd14de03aea95d64dcf799555eb696d22ace08ccd9af13f86f1bf54337a470e,train
/content/section_01_workspace/data/raw/spamassassin/easy_ham/00581.9922b0f34aa8f51fb4adf4bf4ecf1464,0,6a667bc66c049862b1a50c5fcc366f2aaaf99a6fbfe8cfb1a59f3de0b5fc63c6,34dab4bfc0a01d70e62de56d5ed698cc40819f6c88665131b30f495a8e8c041c,769816f5482d34239a80520b1068aec540812ca4e14e3f735d743e0e56178f98,train
/content/section_01_workspace/data/raw/spamassassin/easy_ham/01728.0bbb7ccf73587c7f02655596e7fa6477,0,ac143d47e8a1bc805333c071726987912a71ffae9f21901e5c54217011fd2ae9,08c677cfc4713bc6d6511924b0c929adaacec1bb1ef1e1c74555c52207784c90,b9c6ff02f971b41062a6d462dae107ab968cea09983e94d5e8a71b40bc00bf2a,train
/content/section_01_workspace/data/raw/spamassassin/easy_ham/00413.e637d3bed73c6df691dc86dd61d46192,0,ad89f2cee9a7a029c1bf6f0dffdc9e1d856255479d089394172b433e506116bc,d37294e7cd8b9c39231223b33f2aa402aae67fe3ec143d8bb86215938b55ea18,1d53d1b8cc8d2ca376d5b2c93e32afa154de038b3deda8f110e05585ec77606b,train
/content/section_01_workspace/data/raw/spamassassin/easy_ham/02298.501991b65594ba4937fc54a5c23ee1c3,0,897af43151829b4747afd68380f9af74920b315756d5dd3825778e27b18327fd,99f1715859fcc2e4fd0694e5f425a22beb804c35421f49d7293589412dc72a15,e2c1e79e2060c767e251e14c8da9964ac8d37b782d7394cdfe649de8f2ffc4e4,train
/content/section_01_workspace/data/raw/spamassassin/easy_ham/01948.d51fec6f7672e603b0a3113a86869d10,0,074b999fa14bd20c8eb56c5dbed130ae051ae36dc0e741fd97c3a0feb89d14fb,80541ddbd468a5c5f6b1eeee151640c53facab667bdda429d68eca54479482ab,90f813ad055b9ad9e6c9aaabfb2557c18183bc1e81ef3f7c8552d3df754fb35a,train
/content/section_01_workspace/data/raw/spamassassin/spam/00089.7e7baae6ef4a8fb945d7b3fe551329fe,1,f66f6b59f54d71d517cea4423821c45c4822dfd6300dc016f1b9e0a43be401b0,791ded715691de7cff2cfb30d9b3e53be96ac4afd539f507d44224b7bd655137,5ac74b7da6ce506fdaaf043b99d8d8a61a833908ba0282ba98c9680b7e41cacc,train
/content/section_01_workspace/data/raw/spamassassin/easy_ham/02465.ec5094d26877bc1fd048d57c0ad42aad,0,027ff3aa84aae16486b09dd348bfd8ca97fb2888ec14aae3df083cd321684555,a94fe31a484b0785809bdca62ba0bdc38bb8c2c961705c9245547b608f573618,41ceb84d93594e9972503916d2a8c86248e1ff6b26fbf540f1e1bb1c03f397df,train
/content/section_01_workspace/data/raw/spamassassin/easy_ham/01482.a3576ddec34b0481a9a671c1f3c141c3,0,f2242239778815b96101d63af5f63b86e450a80b9ed86ae5e87a6010ad9206f1,379ad9333e5b8f54c5eda9993fc162bbf1c939e3aef8aa41452e15675cbbadaf,e24445b01c94d361870943ef034929b73a2475c5688a36d962ba19b407d8b202,train
/content/section_01_workspace/data/raw/spamassassin/easy_ham/00505.22cfc49506156219ff2e4441d92e077a,0,269c5285f2d7be6fa6fd53ce871c0f88acf974b6ba5f6c00f696086094ae0f54,45de2e6b7c6b33feb889454018cc3288265ecc13b6062af49d9a454e5ccbac24,29b1fc7b1ffd53f86669a5cfad85704dbdb7b44e6304e185d7eb78ba04073f64,train
/content/section_01_workspace/data/raw/spamassassin/spam/00290.eb053a191b7509a9399aa16717630414,1,a5d68daa6951c660ef829332099b7a9476c7f76ffed13a2e26eb8c38de3bce84,a18bb7264a118ce066d1035791c65726d083b62d3d7f743f92a1f58bbd136994,9e9ef7c39f3746d90c18987be960f15de65272ba5f1bfa77a6422d43c74cdeef,train
/content/section_01_workspace/data/raw/spamassassin/spam/00490.f0020a3ea5546c122f688b39f4380c95,1,78c657722a27005a919627b4fa0a6633b119275c695a41097a44cf982ec8d0d0,89b8034f7b9d2aa386d7f580a09c89c2beca8345e1dd1ac69277b43ee73fb261,564fe06939748d33c7ae1522443249df5f9bedd32d3345b26f5bde4ba0e4dc11,train
/content/section_01_workspace/data/raw/spamassassin/spam/00437.defdb75139dbe5cdd027cbab9f704a27,1,8f3f6ce17085c77b6018ba22963c29c4bb0fb8fe4b04750ad15aa457fae1e7c5,e44f8c46a5fb791caa49856aeaefe1fe51c54c84f9892184c4b4360f4fdafb16,2dd7cac7591682c53ce29bd7dd2a251910ffbb356465b3a281bb5766549894d9,train
/content/section_01_workspace/data/raw/spamassassin/easy_ham/00070.c62a036deb1de40aa32cabc761b0861c,0,bf05b893ff6f3d1bfca077a0ab18c27781d9e9f73e26490cff9fd90eba55b266,6ba2894520345d49853ba3a5e69352b3820c18503aadf28fafafe4f2b2a8606b,ca1152a8e72273b11fd42aed1aa4a499ae29e0ef1517f0c1c2b2b6910d30fc2b,train
/content/section_01_workspace/data/raw/spamassassin/easy_ham/01071.5d83f457fafaabe795b84a483a42a9e1,0,24639696aebb4357af8c9744066685b29adb7a6df194ef3dd53cade2719fc1f5,76104f5cd92348f766f95a0db2f93a2b1c20e0e2c7a6a3c1322f169d4be839ef,9807abc8933e03300c7eb71624d08bf5d173b816f91940279bdb43a0155b603e,train
/content/section_01_workspace/data/raw/spamassassin/easy_ham/00195.d01606c130956bbbe4d0571e187a03de,0,6ea63badf75446e90ffa6f4a33cab1fbc3a1367d62513be94875cdcca7b82ccd,e4f8f847f533bb7c7e651656f675a60212041ff4192d425675989d2494eea112,a8a05a0304b70eef8deaf75b3e64006e112bc1e141fa110df24c549c6238ef14,train
/content/section_01_workspace/data/raw/spamassassin/easy_ham/00060.d51949a7342f8adc568483f6e799ee25,0,08b1c8cb2aa2a9864b0221097a270864fb09fae70b3d69b590a063bdd988eedc,6a70aae32232efc3662d793626314cfc06187ba6ad28dae81bc21c90dd464ff7,63c0ac9b521bfd32982dcc703249198e6c360c9044def52846c26d159892f7db,train
/content/section_01_workspace/data/raw/spamassassin/easy_ham/01461.df42ad590ab7cb5ccde90f0cc1ef3dda,0,effae2bd9be3712d4fd9ee26cc5e449c0800acf386d48b9efc7e6d757f9f7ec4,70c3292d58bd76c4e1f5149bd11b3766c5f74dda095b16a0cb40cd6480405e87,2656359cb413d5149424a892ddbdf8394e3d8347505a0347de4f45fa9e2bb8b3,train
/content/section_01_workspace/data/raw/spamassassin/spam/00278.b62c5fc23a2f87760696cb9fa51f073c,1,3b1d3b85b4640cd268a038643ce0ffeb1042041066aa31a55cd81352aae2ecad,e7053ce4068b49cd55fa800a63df7d322c420434e2e2b3294cd01301186d60ec,d9adaf33f773704a94c274e7e2400f67edb0f3148b70248ac1bab8ef96fff74b,train
/content/section_01_workspace/data/raw/spamassassin/easy_ham/01077.01e634786d242f323e683dd39e468c47,0,72d923f7e9b0d74e2f44d64662171efbc7fd74c952315430af6a8b562201ee75,537b85f3308ad9329ceaeca9827cda74ad93b9cb32e51425ae43c5d60645349f,12c85305f6e349d9e40d79cf365b2d9b5161b974297cfaadd9b9db89ae9c761e,train
/content/section_01_workspace/data/raw/spamassassin/spam/00055.58adfd0c60ebc04370658a76b9352aa1,1,52295885547f521a6798d6d5402ad599e3baa8eef7e09f33f1b79d6106b7ad7a,22448145b8904a493e2dd9723a1bcda6ca664cef6c7dd16529be9fe22e67762b,442e191f5d393ec2b745a3ddd47addac5b42038f5c8255aa1e2a7de33b4bda1f,train
/content/section_01_workspace/data/raw/spamassassin/easy_ham/02292.bde66349816068e3b4b5a8914e99097c,0,e7c1df86f46c5a625fd6a2c85c7998d39d93b6312504fd91a02fb7e32752bca6,d3c2a83c07840632e8348d2320ed3149920a5d5119e8e8b53a175812229a98af,ccd51357e590a669fccae253dc7ff987534dffb40ed4cdfac1848cf967361f37,train
/content/section_01_workspace/data/raw/spamassassin/easy_ham/02233.371bfe54c9b2da2ccdf0011da37af005,0,404f9b8a19fb446c8d83839096cfe3894a06e92b78ca5e68e2d7d9bd04bc6970,0f7cda2c9b1ca3ee88dae5a5258583dd84502a0addd23fd094d580634d6d8d7e,40e764f7a9c33128920efde149bcfc5e7d12262c644372da883903b40bf75036,train
/content/section_01_workspace/data/raw/spamassassin/easy_ham/01378.b2879080e678334d2473d0e93e89c818,0,30d6ba7f361941f2c3eea6ccfbcf1f48d181a7be57f4a78a3004c1a675fcf022,dab1446d9141839972bd7185ae71237d66054575b3504e8b228a91637411b674,d796b7df47ff227da12b837926703711d8253ac6eec2f3ef86ec09e130ae1311,train
/content/section_01_workspace/data/raw/spamassassin/easy_ham/02326.efbe943cacc775a6dc2b384350195fb8,0,03c81e8ead33b4e734264eb28cc2e02947d08a26cdbc4f634c919eb092607d2e,855c8478026da3a5c791d172e7466ebdfa314333d2028b2eea73ccc09d9ba4f8,19cb54826b097b093e2a12d30570e69167f6c0e946b235282402c04610ea3427,train
/content/section_01_workspace/data/raw/spamassassin/easy_ham/00391.57ff08c2830235fc1315c1745829d190,0,1533de834b6f557ab50072a2820a600e4d40d15d3f2ab13aedeaf9369465358f,bdf175fa7f62e395fdb8a109d9130b24fabbbb2741acb4a3f3298725d83b8d2a,a9b772b0af952ea7fa61a76a64554866c18ef0743de76b3c9f56c2e74d609c75,train
/content/section_01_workspace/data/raw/spamassassin/easy_ham/01757.994c77afc8d6fb072d8b95ccfdf09627,0,84f3f6d8ebc23e0b0035cc344b21e26216831b206b74296758be539c45552f93,06b9c099eb8941ace3dc99ef4a8d2e84f714f0e288d22f20a574dc3364b7730f,0da70955c6b485712383eae09aa434c4885854744c04e125e3665e9ff82087a1,train
/content/section_01_workspace/data/raw/spamassassin/easy_ham/01492.d8e254a173dfdaf36911e9e76ed3e518,0,c63c38839765468ba5811b82f28ec6267b80f2a78f70baebf4e45f3e0d4df925,399ec4630b9ba49c04ecb9043704008b46b1a858aa8fa64296a0c59a7b7cfe7c,1bb651a898d2a18a24b2f6abd24d84d90395be02d6f7fa5229b5e50e00cfd98e,train
/content/section_01_workspace/data/raw/spamassassin/easy_ham/01788.13a01b91868ffe1729e48559df46e978,0,e4ebc59171c107c304671d2cecf8f917329f198262dda124282496613002e118,3aa9771c88295e9eda773e4d09c93baf255a7bcc870223b12b2295c075e0199c,deabd20db2f0e1542a0002cf557b78cfdfea06644df4da9c440ecf323e39c72e,train
/content/section_01_workspace/data/raw/spamassassin/easy_ham/01266.94c891b6d36df9a9c187a71e7d90eb83,0,8a4d52292477349b951efe1c98374e9d3974e5471a93df6fa6c1f567212bc22a,bbce3cb0e8862eb615028afe683a194c6b1879169c41c2ff272cdc6fd3dd2cc4,805dc298c4b6d593a3dab60052a1363dcc8cce9a4a0153c73571020e7bfe3111,train
/content/section_01_workspace/data/raw/spamassassin/easy_ham/02312.892bf166595db14c451d16204076c24f,0,3669edcf5ea9dc9e2009b9c998b4efd919624f271b06af43e36085d29c465821,54e5f4d40488a9178dc7e22ef229c05f3b445bb0f7842208368b523868ece3c6,dbd76b67c1f83bb1f1748eb78a65c48fa0481b5b4076650d09815c93cacadd13,train
/content/section_01_workspace/data/raw/spamassassin/easy_ham/01180.13edd21d3fb5e2c397528cbc0a581b76,0,e9c0c88bfa0d5cd3ac3c931fb82bec331d214f38feeb39d84630b76061ec8266,606da3dc6e26788321491f2d22300fb7ae77355174a0a56e62b773211a60222b,a6fb7ab70c4185a58539e832e09792ecd763a9c7aa1f5af9c31086dfe922f7c5,train
/content/section_01_workspace/data/raw/spamassassin/easy_ham/01256.406e1d468dbbc7347179c131ba33f76e,0,0ae5641e5669e3d99b535ccc73a36ab43e5353bd603d3b7628e8e017fb4d49f0,056c465f753c809803ed1eef1b85522f254601c86ca2d88bdd12a514d37d0d59,9869c0c5b77a27652bcb6bf01d7410e3d28d42a2c221f0d50c030494b3c16686,train
/content/section_01_workspace/data/raw/spamassassin/easy_ham/01366.f862e5456473e82837fc0a89c6abf5c2,0,a113c95f10f77056225a208cc91a796becad23dbd1c73eeaca3686baec08f7db,630f716c457a8ec572ea215abb9235631d962d3da389eeaf83bbfc088cbc354c,2a2dabcccf36ddc3a89fa6b1e6b9b266bdb81883ca049981daa5113beb550676,train
/content/section_01_workspace/data/raw/spamassassin/easy_ham/00531.711a16c97d6955bdc3d4b09656e44d93,0,e425fb640a38f2995b83506b0161809170657b3a036d7ed18adb5375c4597da6,4aaf2aeb0aa3a93ffabc4970154266bf8b1da8b2aaaa1531d30d8d8eb745128b,118d04697c54d8d0a116cd25b1efbbbf974e35d84f7b3bc3dbef6f2c8d7b3e94,train
/content/section_01_workspace/data/raw/spamassassin/easy_ham/00432.039993123f40c5865c1a9831b3e32297,0,f47721edb0b32e02a99fc3d0e9498bd5e944330bdf8dc1b0f865fb68ba969971,74460d0f87003f0589322c3aaa6c176b44ecf36f3c9e6dd58fb7e8bd757da395,a94d75374262be1a9f3d1518239e8da2fcef53a102ac8ab59eaacc7ba2fdbccd,train
/content/section_01_workspace/data/raw/spamassassin/easy_ham/01300.b4d2c4f321c89df3e5f3e7b4bb9326c1,0,0efbc6fa2f81b499a17d654b0cb4e067ca486ca30653d8bfbbb49654da4c51a1,d3bad00e6a299f8428a24cfee1fa876c2a0528d65e9e37286f298aacb7fbf1c8,fc28d1fdfd5e46f9d71857790d3c2b07ac06490b35ec82956d359825c3d6eb52,train
/content/section_01_workspace/data/raw/spamassassin/spam/00307.7ed50c6d80c6e37c8cc1b132f4a19e4d,1,5fc565d4ae980f18bedb76730813dcfbd4c08585ef4797bcf0387ed147a73912,848a0a6094fb99a70baed1ae1cf83e6bde2080f6cbbaaaba1a9836d0545e3d35,a8ab68273aaa13163de6aa40c07f9f6a668480fb43b7a36b0093f1a740188f4f,train
/content/section_01_workspace/data/raw/spamassassin/spam/00294.df27a988d82cc82296e33e6d727ac47e,1,ff39b4c7c100d91642da9156acd984f140a3b52aa27ea56804f51cadae9bc3a3,7414c6e6d55a99205d6788b2529f1a03186559e839e5f09d8d4b54859ddb4629,acb93cc0cc7f2a1df92008cf1d06994473869d8cf9f6c2207ab4f74c0ef62874,train
/content/section_01_workspace/data/raw/spamassassin/easy_ham/01893.b4a8f702e496578a4df29d12624abb4b,0,d098a88b0da04480627094ef12e64d9f4c2b6fb60c996d920b15cb099d0e91ae,afe7baa57c53deb71970c8f6736d3579e38962c8cfeda083a137bcfe66835174,86980322bf9ea84a3bf1b885566f414ee6ecb7f677a58d5f2db04327ffcb7bc9,train
/content/section_01_workspace/data/raw/spamassassin/easy_ham/01785.e7cfe3e061b24884f128628969d5d790,0,0361e79768b56f19ee9d4c7d5ee6355eff723776a0380531da9fa5ef80a09efa,a8a3952db69feb18f5b47acf43a366a52c7da10c56513d555d299e3ae5147964,f068788d83b82661a7be24561ff063616c4c443d98dbf16d0ff020b7e92ecd0e,train
/content/section_01_workspace/data/raw/spamassassin/easy_ham/00233.46a5a0be6835c796dac95e1c5b691673,0,cea42929296ba54286034c39f8b4a3ff7bfe1b21ec2c1ae95649d9e7a4310793,eddb57562b0c1cc31d58c876fb248415ca8a30e0f27f3ae5e59add008678dfa3,00d119144383051590428af96ce06adef9f7dc00eb25d2aa20218114b3212b12,train
/content/section_01_workspace/data/raw/spamassassin/easy_ham/01249.0898a8cbcc6fd1f663d3674685afa7ee,0,4db9d35d4afe62f62bafe7124842251dd7fcfb8aef0ade38be77340e3a225ea7,baba658b0e710d212153e9fb3af6fcf419412bf2c0a97a4b0f2f3694733fe787,dbaacf9542af71930baed4adb1857ad9aea78ae8526396b058d566036b0af025,train
/content/section_01_workspace/data/raw/spamassassin/easy_ham/01170.ff1eb252e91b1481ee0a2887eb862c16,0,6665c279c958ac2733d3a3fb5deac90f0217beaf45dd1da254589d8c78ec1a0d,f153baa711d1611a3caa8fa29d319a88545877fd40eeb49bc085a2b5c257c79b,066220ac7de3c3d7226bd0648e8405dd6cf208919d0c1187705a1d9eeb03c118,train
/content/section_01_workspace/data/raw/spamassassin/easy_ham/00830.3a2cadbd29e654a7cbbf64ba4bdc378d,0,1128e6c8373a2d576c921778b372cab34b062cc63f74659062713315a9763350,4af9006343a25483f021c8ca3d211ac40bda271e0e4d9536f55057a2bf29f5f7,e1b9159d8a91c46cdcc7d4d942e78f02e03941fd04eea7461584c15875a573a5,train
/content/section_01_workspace/data/raw/spamassassin/easy_ham/02473.207afa13ad7d745dfd1344f84531ac16,0,8750f548e6f14181903433361e61cc1393ef281e235585f95cd350fd03beb550,5c08f1d61650d695159af79c1d88282cf0a432c5dd1470a2e40f343e2c0f68fa,8a2aadd55f6c9810153120b07401b65c725aa08ad4ec5feb44cc915b24fd1a31,train
/content/section_01_workspace/data/raw/spamassassin/spam/00296.0087354f4bb7c4e756124632a4a7e80a,1,4c23b9b34a5f3dce96acc1c792b6a40e56059cab8c8ab5602d855f8924d4d24b,5b8af22db5ab1ec9d4a8daacfb56406b2535df3ea2225738a804c6c7f8c18614,0a13a8d379fece318253a688ebe150ba4c86482d80b2cf3b99ae68414ff4752c,train
/content/section_01_workspace/data/raw/spamassassin/easy_ham/01925.bf3c999d8afa02dda7e5cbadb2590c56,0,5050f4eedb9a4703892d3e7de3462f7fe0cfa851fa543b38155b7c6ce4a6368e,120205e1ae60d3ea0b839227e30a6107070877f1899429ca43b38a33d4fc7d78,8d175663b3cc2624d14b046535cf07e578ad839d4bb3cd2198739a3d5ddd7be6,train
/content/section_01_workspace/data/raw/spamassassin/easy_ham/02199.663c7327f5f9c7aa46d0fc56fbb68208,0,315509346561c56a3d6ebfe2e8ea798a5a307b84982e5e1e1beaf05886ba525d,aefbe8b0c2ebb6a43d75f532fe34760b87ba7efebe5a39a7b94638cf1e18cbee,970ae92b25b579a1580a968dffe9ec7963ebc024884c044faa98c671d50e91c6,train
/content/section_01_workspace/data/raw/spamassassin/easy_ham/00955.34c902aff03e7a4911b6d5e378f69635,0,69f3d17ecfc4285ad857462a788603cb664133351e5c55570e13f2a12a4b27ff,67be9a4a36d555e0a4279515d8ea3bb8871ded26ae851cd7ece7f342691e3c1b,11bcf4d2a5e7d9dbb4a7a9a913f84e887b61a4d4360f324c663283a182b1470e,train
/content/section_01_workspace/data/raw/spamassassin/easy_ham/00816.5fa114769164d0ff93317bc714a3f68f,0,8146a219e8b8d44e0c0b6dc9c6fe3eba4a1c04ff3c7744c69a62ce738c704ea9,ac69f367ac2d429efee5f467a23872e9ada1acfb55b162ee8ae0cd8e7e86d572,67f561f1acf1571f1f1ab87edd7f0dc840c3828b9eaf722171697cb0b47937b0,train
/content/section_01_workspace/data/raw/spamassassin/easy_ham/00183.54d98788fca5892267d8dfe4d09b2bbf,0,960aa107e38693e0b519417cdde3caeeb7b244c439369aa93e86dea4d907f137,dff173f663e74ba62e7897fec727114508cab6e2173cbdbc12e2ef4e4563fb1c,6dbcf4a63afd6e9d62e3b6d3502145149524e1d5de6aa26ed2d3839023dcf591,train
/content/section_01_workspace/data/raw/spamassassin/spam/00229.4c37dd3d98b8d6fb2694b6f83061ca5a,1,e37aa29ae426798962f5e465949507db19d192ddabde5394397694ab8edfbfac,6edb51bfecd29bccfb00357613f99f569ef3fd0cc9447091b60b7f8c915eb751,2edbc05282bf79d98a9268eaa8f0178f83dfd8ec80dfce2c194a03b40488a88e,train
/content/section_01_workspace/data/raw/spamassassin/easy_ham/01095.d350c57509e9508b773fa5294a9afc83,0,ee3db0ae23405df68ab397b5c69d9bbe0d6d76686b0cb7592489d27b294ffb95,24a32275110fa290f000bc9ee5b8d49863d28fc922865d4d89d26a3cf3ca8475,517c60ae76098fea50f7a7f67ff888ed5dd361cd3670f8bcf9b79fcace924606,train
/content/section_01_workspace/data/raw/spamassassin/easy_ham/00526.27d0075c192b704fd3b804497b8c33d1,0,923a64f00d70cf80ff3f0834163add82325a2eebe1d701011cca11f8d16c1e31,3d5889a4d3cfe9332668a2ef141e2174624de3c9e4d88bec1f2fc53647c63ed2,3f5203d90ebb0e6aa52a262871464a36f6dba21b7d1e7da20edf14f6f1b1a962,train
/content/section_01_workspace/data/raw/spamassassin/easy_ham/02397.87db84626f7e5927b6fabc96e6be2b2e,0,4750d9343a2874a204cc974c69080fc9c6a4925d39febf8d2817dfc421a44847,40e0f2cec07245943065e1c3112a78a506c9c059bfcfb2803bde9538ce793bf2,1d3f3349fb2b7a03477454e6882efb213d68814c6f31aa82069ec1e8e556cd41,train
/content/section_01_workspace/data/raw/spamassassin/easy_ham/00724.06d186a9890c1bc07b1e0bd89b7efb8f,0,36ab5d111d03f3d3ee9627c3bd362d0c960a1f8dbb876544f50140b4d7bcfd24,4c85556027698da2c7e4923e35a6fe17569cd99c7e190555d2db601f7dbf6209,04e8f5c6b95882eaedea2302dcc40e8c44582c9b1c39e9b3155f22ca4fd6d487,train
/content/section_01_workspace/data/raw/spamassassin/easy_ham/02272.3f911ccf260be36f08868f4540332f6f,0,04380a29766795758485f8383b1da3ce9c44d462e5826c631865b431e24c9688,4a5b9e7db0b6fad79c0e597a00857b5d8214013bd0bb49f624feb5157483b800,6f3d2254af1c907483c100f1f224380be007f1e75d92642f714c84c3a7c6c9a2,train
/content/section_01_workspace/data/raw/spamassassin/easy_ham/00866.670508b848fa453d194f443f4737b351,0,f7446c63585d70802ba606d7d644e268cbe609e32ddc0cccb44b3d4376e23552,bad77907f11ad87d6a6678d3d9be189a5624af0c93d99ebd4f85f6c50da954eb,6b82bd64e7ca206d1a7179032425969511e16deeeef4100119b7e2cc484e1acd,train
/content/section_01_workspace/data/raw/spamassassin/spam/00166.1b7ca83ece36a955e80c7f32efe5fd3d,1,f0576a5dcb7f1ee7dc54bcdb844f41a97ac85ae02d5045a75607251a39400f9d,77b70e51095b6bb369feea05f6d1e7bdc55baadfaf8e6c534506d960badb73d4,6d44c9aa2a6687eaa2d8123b2b15b98a03c54b1f3d2c2923c394bed00b5c1cac,train
/content/section_01_workspace/data/raw/spamassassin/spam/00486.c0a2036a3da75d6d5ac6d19ab4b3d6ec,1,009a1e6200c45f1f9bf2fcfd1f605c30731afb7afc0057f5d1f2a84098ae6572,dc2b9a60910ee6874eed4eb5906270cb215d7e6490a3076c2ab24661741db5da,fc98ccef1b90e23bb3ed0b1b3fcc57786790f0c72de3866c0408478e4a2890ec,train
/content/section_01_workspace/data/raw/spamassassin/easy_ham/00079.5fa6a133fe202da2627f52bdf31fc6e2,0,dc382a8cfe2e13d9e59feba5f161c877bab8c0f2232473b99da148bd60b1d61d,7c2eb7bab47263577cf3817d3de9f60321d66a051d7c8dcc3cbb3953be60e9b1,a0b3716efba9777437d354c4978bc46bad052318128c9a45928c9bb682f40674,train
/content/section_01_workspace/data/raw/spamassassin/easy_ham/02378.ff357ba03232ac47ae4cbdf1a770cfc4,0,0b7a49652a8fedb3a03d3e53f9ca977d594fb65c9881e8cbfe322f3d6f5fee1b,eabe8fae9340ffdf47ba11a3c85fb5c7f568287ab6eceafa991af21540485794,e84dd1a1bc276294b28d457f2921d13c23561e2a4e3b351d3761841a036314b4,train
/content/section_01_workspace/data/raw/spamassassin/easy_ham/00048.1e067f31e83cc6ea3e9103b52f15588e,0,9f220ab35f8228ffcbea186918fa16a31e177aa8dbacaedf16d2d4a9a2287e88,55cd039bc96813a7cb79966ced3d04c4ac33d883d6bd00e523e67ce54b15acbc,44e589b3d114dac819b7369b032aea64dc8d68d3f37847f8e78cbf0c719c80c1,train
/content/section_01_workspace/data/raw/spamassassin/easy_ham/01415.f3a2a0972d0e7c8490bcd79664be7db5,0,c2992268faf58441c019992f297d9683d061eff74d8bef7bda000771be5f3cba,c4205975c81605fe8a339e671d12017e3bdb6667d1333db087e6e0756dc36389,fe5ebd1610081d633092ba8192b7e4117f5830ceaa97045ce4318a4f028bcb15,train
/content/section_01_workspace/data/raw/spamassassin/easy_ham/01168.83677f30f1d1c95b863e4e464396e7d7,0,79dd621c69c776a34e362335c7f068252fc03ca996a3a055c778e7c6a24e4d20,d187ab82c9bdaacb37727f6157f2b4f60ddd36fa9c852d11d864b5d14365ad9d,819ed244ad4a0b7daa8d90180220faec3327b28d44089d42b63e9778c1f08952,train
/content/section_01_workspace/data/raw/spamassassin/easy_ham/00551.1c59fd8e4f3176c859b79b9a75fcc3b6,0,5a42ce6b12a9bc78f9be9a5170c3e0685ab5ace6717e97643f4ac0fbfb7ca6bd,c27e9c050fcfbc16157a32a61764b6bc4eabc4e2c320cf850d3303148ce901c6,1ef5d0a96343d93f18c2f26a38ce1814186d9659ebf2170201286e57edd5097b,train
/content/section_01_workspace/data/raw/spamassassin/easy_ham/01008.507687dd01e1572bcd2392e1ba70345e,0,3cbeba6ef5a707fca8b2794e6c117711692c126a9fe985fe0de7c1af450a7ee3,903b76b90f67ce1560682ab2795ae5f0eb93bc55aa8b7a9e16d55d33c064e838,47be87518ef5b10f34fe40b8f7cd2d1c138c347773df4dd640e82b5114c77bbc,train
/content/section_01_workspace/data/raw/spamassassin/spam/00352.19a8ba03f566612e0b9e124609d9dbd0,1,dfb4baa428ce50177fb44d84ec8c5fae8643c64c92ddb386cc34ece9c9ad8d37,3e019808b2d211d876cdf7ad5ed04f400f76458984a08b4a14c3aeb5b10313f3,f4f13896fb0deaa6a680de36591ed4240a1b131027752cc1411a0115d9754131,train
/content/section_01_workspace/data/raw/spamassassin/easy_ham/00088.945614c3f6213f59548ab21306451675,0,6a9bb7f0ed0970d0cd6425f6b584f9ef008d22a5e3b14ee393e135267825c5fa,4ea3b2be8f00b0c76c7d11baad42168ee27b9bcfe50e6b0a893acff30f797767,6e97c1a00ac0c52d3a4b6330c16811ba8b4109cb6376344d10383c2d3cc639fc,train
/content/section_01_workspace/data/raw/spamassassin/easy_ham/01019.58335c892624e5dcf06dd7ba8706bfae,0,8bfe018e4672aa94ddb47167dcd221809b2593aa61b2313cc625e30c297a91af,b3a60e3bb6947a65c94a7e81ebad57451c3b680232c8d922f60d3148375c5a9b,68c2ac605614721c1cd75f5a2f169c71298440f80958d8d27a3dba8f31f04b25,train
/content/section_01_workspace/data/raw/spamassassin/easy_ham/00417.7ec0b5a250ddfd52a9b46385688f9f9c,0,3f9f0d341d24f93214078ca78610c21401c6b5858c85ec12a756658548c4637b,23a011729d922252fc158a23f4c950fb1410be17ee83acdf1fd7710e6094a87c,96bd9e509f71a7db7bdd49ee86b80a123c64a14a0fc35c5378f28570bd50a8d6,train
/content/section_01_workspace/data/raw/spamassassin/easy_ham/00221.073d8414c8d4801265b1894e139284f9,0,24564ede4323bd92df46059b41fa9bbe84b759a8ab881bf3cade3e52ca313ae6,283a2a97ba7015037eba1ee8069a2f32ad7b838fdebd4c3d6d7d2b6c3c87cccf,3bd404493f014dbd97025732569bce52b2276958f59026c77e6f56aca5abc004,train
/content/section_01_workspace/data/raw/spamassassin/easy_ham/00010.145d22c053c1a0c410242e46c01635b3,0,b28fd56e81290ebc4199ae73dbf4cfd18fda21d6ffbf914e555c084ff5eebeb4,c47171cf31c9f4782410bef9f8a3c1c1f35d27af3168fd7ee24cebc6831d1173,0cbab26d7fa4174ae5aa9bf71306cdcde92368fcccb964f43242feba892324b8,train
/content/section_01_workspace/data/raw/spamassassin/easy_ham/00367.d44ba629ed6383ee94999179bb6a04e2,0,a800e63947fbe1b33ae8b104da521e3667b78e0e952652e135803e00a775e4da,f9f011c5ed8aac277a8760a4c247f45ef45ba0c15725d0f0b0d269433ee7af2e,c9d9985a3f82caadf00ce16984c80be199b93deaeec993b33b8400ace8e3e514,train
/content/section_01_workspace/data/raw/spamassassin/easy_ham/02262.eb4d98f3705c995154ee6c778957e4c4,0,d76b5555982628e5198727ef2ec024e50201988510139a850fb4d84b3e3c9a46,d9ae2fbfd93a67c5d860facdc9ac20c2dbe6731d7819f98898c30a2a28688c90,0ad31ea75547ee958ae23d3ac8788298123fdae0afa0f66c40a9dc604c710d0b,train
/content/section_01_workspace/data/raw/spamassassin/easy_ham/00892.9dc7dadb7e1258d9d1256673f2ae741c,0,d83a63b28f599bf6d84a7210e51d94b2349e10126b49af59a56a0f58162d2f60,4ab5dcb2a637b357960fbde33abb7fe71a8e13a7f5d916ce028a6810ad767bb7,0b0e825c730899531c0b1a002635421ecde36acf1be2e2fee2da829809ec7d2f,train
/content/section_01_workspace/data/raw/spamassassin/easy_ham/00701.4c1a296394c3afdcb38020e8283d1a5d,0,20c7bac705cf9d10616a7b86282f9cbe0a5547335ff12f194a8bc5c35cc2c08d,98a001aaeedbdb3b1f0010f0ebaf427e1cd94eb0a072cc02a0ed36588d174089,9bfe98f774ed6e3a5c945dc693689776f20d0eb1801ccf821d8bc38b842458c1,train
/content/section_01_workspace/data/raw/spamassassin/easy_ham/02191.f0e2c0d69eb3c4571a1b656b2b787003,0,4fad6a0cd278190160d99d3225c652766798eb4daee39db26f8a561d9b24f567,f85bbfe6c8a7400be3c0a36e06cc070ebd10c53dce519d82e149e3701c13dcac,4846385c2d85a4bc5f495b107c5e0382eaae469344a3b2e98250535336fc7899,train
/content/section_01_workspace/data/raw/spamassassin/spam/00121.bf18a63d6e7d40409f8b722036eadd82,1,faf5143daa17db598e53718776980e5e107bde434e72fe31fc778bab5d709f27,d8a287e5e4059b1f972cf6770807d13c80e32fd335881d919cad39b3b2b5f075,0b677a8e836869b7d1a4995f823140f86c6e36fd23ce65e048a7f208d415256c,train
/content/section_01_workspace/data/raw/spamassassin/easy_ham/02413.097c8ce1cfe27aa9d219e7bba451b36f,0,87a13d4b9f89f4f759bf3eb695e1d79a2d6b9555d3715261ed6b01c5c877bf7e,18813e769ab368dde4cc59f310fb9e5a5b8f31237768536c558a469cc2aa11bd,b0e82048bab18b46ea188500ee5c697e3ea125939d359ab536f76fcf5e2fca32,train
/content/section_01_workspace/data/raw/spamassassin/easy_ham/01269.e302364af9816c7d7be5926ebb7652ed,0,470733bcc77e5ab49cfbb1049ffd29a2fff7fd5dd9523242f8b470218f9d7e7c,281b5a50cb234442a53f22b0bc7678a4a388a93007e903a80ea75ae096b8a89c,26e3ef308db824e88fb4799f5464843402353a7e84f5ad910575a73feefdc2b0,train
/content/section_01_workspace/data/raw/spamassassin/easy_ham/02310.b23c6ea3aaef834945f3f11c155d238a,0,dc289eb77e655709b7920c6ae44de07ce608b6839c57b47ce7f78424e8974621,0965dba4132194d7997d04645686e7621d19163a8e438a1f3a18f8e8c763dcfe,2ab8dca9d511590706379472602378e48012b4920bf1bb3af1d393b12aab267c,train
/content/section_01_workspace/data/raw/spamassassin/easy_ham/02490.7be0f683db6994ddd8445cdcc2eb5042,0,3144ae2d743cce5101624a8574488ca955d4b3259e662fb2870cc5c1e26c5d32,6a166020f25f46882ef4ab0c27f0b719e939a5096d1c8dad218d3706f16757c4,2c6ebefd614fa1ae02c8067ba89ff0e8bac6afd45c4c569f219b8d5c913229f6,train
/content/section_01_workspace/data/raw/spamassassin/easy_ham/00324.ce7f14e25bb864ee4084ce6179f975fc,0,47281e9fb1ab7d15b91ad2fbfa5ed2c6fd13dc92c6363101ebd735be2c7bc437,243a9de4c22c11114de4a8b398a8f002e1236a9d990cfc05da3ce6567653940b,a900e15f34c6cb4de475042056578be7dba675fbab0a9be118759fba86378faa,train
/content/section_01_workspace/data/raw/spamassassin/easy_ham/00819.cbb61ae5d168944f5a02eccfd7217173,0,2d0a040a9c7fb894ae2e016326d482868f6b36602ff6c0863842fc21290cbb34,8ef15e3f787c89055b23143e293280c6f7194aa6bf0dcf6dd91bcd30d478d114,c729d37eb56fbea5a69ae3e6545411b9ac35481fe68fa1c6f43352306167393a,train
/content/section_01_workspace/data/raw/spamassassin/easy_ham/01391.1b54dd8d1b54c65ecb9fd0e9ecbe55be,0,3403769ad707dc36461f80b43d0951e186f9da090d1ae13ee6c62adfffdd6c37,317816c64918b71ca5c98b4b3cc889f995189bdba17d4772be14dabe546f9088,64fdf7772ee7b1d872c31f3934f8f0462b7f749798779e76b98e9f168aab8f01,train
/content/section_01_workspace/data/raw/spamassassin/easy_ham/01091.9ae9c7b90e88ce075538a8f2ffe71595,0,f47117528357aa2031d54e0b2a50f885e660c01f54120234dac5df8ce824d6b3,05bdfd7fbd1c6f24e4226f987f31dabe61d0be4ac17f07c33f951422596afd04,1d70ffe8519d7d996d6ab518b09b52eaf7f42b46eac72240e0c7603cdfdc1803,train
/content/section_01_workspace/data/raw/spamassassin/easy_ham/01027.427bd788f0799aabe46eb0d976bb3dc8,0,a487c46878a293825050ceaaaeef4c0f91f9f6215a4353d06a45befad80e367e,a7a9c1deb96eea0aba55f1aad9c7254bf191f379b71a0955e18445f2b826b1ba,312480a1cd35c50ca87853d5e8828d42b5730f6781ff57396a89ab34ec4c518b,train
/content/section_01_workspace/data/raw/spamassassin/easy_ham/02333.2a59c82074b44c35e79462984c8f8d9d,0,b30d397cd22852512e0c5b322783bab33a437e9e25a8caeb5a505889cd82ad71,7aa5f261f672ddb686a95d59270d7837e2edf3d42a6669f90dee27a440703d6b,ea0616b23ead1f8294a87e92987c5ffe833e73e66bba4000935f10671a681f09,train
/content/section_01_workspace/data/raw/spamassassin/easy_ham/01665.e849ebd7ee95f02a6f4d937acb7575e2,0,49022aa21ccf30c82cd631a80425dc8bd94624e8121e0b189fff2fb409853dbe,6fbba70b0769a344a0e2e8cfbe57113407d3243e34954781da6e289835e98b94,ebb79361e1dbbac842880a162f26b1f2ade9051f7aa0fad12d9bde0720aeff4e,train
/content/section_01_workspace/data/raw/spamassassin/easy_ham/00596.73c2473a9c778e096f3a9160d72567e9,0,c1f4035d4a6ab0210c345a78a13575d870c625a265a60cf219373928955961e8,7cab6fc8bdb96362705cd82f92f4692bfb740292e97416cd6851bb851c005f3b,b0b819752ec9e2a72745bb77776e70d81987d38ce7a6b32930d92e0d4cbca80a,train
/content/section_01_workspace/data/raw/spamassassin/easy_ham/00766.9ac5716a891643ea31d43388a282cbbb,0,abd70efbef19c74869bed298622c501d318c798409effb13ee232c89c29e1a5a,1a49749903538d0339cff1592dd096d7b331f0bf97b4e3afbcd0e87d3fa9fd9e,2eca559b7a2c1d3332cd39784468f80c13315ac20ebae071ebb44f5584d75439,train
/content/section_01_workspace/data/raw/spamassassin/easy_ham/00133.e5aa9fa1cc35faff5801a6b16ca7afa6,0,13be5e11911633f78b842c9cc6ca9ddbc319cefadeb07510b291b1327f063029,1384737e7469da5474604ee134dd696c9262f1e5c3bfc3110afc578b2223f78e,433c9b54ceefa5bb5542e9eecdc83f9313762db552435244729c440dbd755e91,train
/content/section_01_workspace/data/raw/spamassassin/spam/00226.e0e2704cde3bbd561a98042f4a3baf5f,1,28cbcfda0da7f55f97d7375ca25979e4e222f55a087ed25c2979a5d7a8e00deb,e85ed4c1cef7aa53e2a60b617932bebbab87f09d7a28734e2ff3f1cfa4715e48,f69a0f582fa101f2106604fc376576e101832bd313755366f6df8da81801affe,train
/content/section_01_workspace/data/raw/spamassassin/easy_ham/01453.457f368091551f4307961511ce0ead34,0,4a5fa99c6637e056649339a2b1929bd1eb15d6c04cab8303ea3b545377fb13a8,30a18001115c187de5884d7bd55004beb6b66e2321e4f8291ca5847a28256ade,c41ca5e8cd30d77d83a1eb261b9e90f16c5125608bed250db6e9066492219450,train
/content/section_01_workspace/data/raw/spamassassin/easy_ham/00521.900f67b5696388c58966c58e3aaaf90c,0,e8d65ab6ae8f53f479f0e1438f2031515321c61958f9a01c0d630029194c2adb,96a6354c488d671d33183b7b7e32a6cf85f5ccce86b5d5169bb8944034e2cb26,336ab917f5436c13ae981ccb596ffae364f5faf58f1b21079075c0492abafe4a,train
/content/section_01_workspace/data/raw/spamassassin/easy_ham/02276.5f58a304eeaaffc11013d50b3752243b,0,1514c13dd13560ec5545298ad386af1e5807b79a0cd188fdcf98c043a880dfea,904306b2d3244c7058dc5cab0aa1c818698039a02adda84724afb92bd14a2b6e,f2a9bd409829cb25360c22ba1f0e3a7430b1cb991d6e8228d540770148054870,train
/content/section_01_workspace/data/raw/spamassassin/easy_ham/01900.1b90f4154957d1860a3de19ba95ede12,0,5d6fb542dcb8d48e15579c8a9d71f94cef3703a5dba12514ebca00c7c8752dc2,cae5de152c0ade6e77420613e7877ed48cb9718a64bbccb35aea86928eec9925,96eb126fac7866d94daea555ae3bef68a12b5b60da6bbd81604337d98bb658e9,train
/content/section_01_workspace/data/raw/spamassassin/easy_ham/00756.286dd5a4431bc1a94af390a6bf4d0349,0,4a471ac9a3cb0b39d1d8ab5d4a777ac535549592f3955137de12402782475e59,8abef3757297f531dc81d8eebc410b0ad63c0893cf9d054ad1826a840d0bc2fc,fd7549d43a00270abfda03b45648db3c0e51bb0b802f03e69cb9ee58b5d3335c,train
/content/section_01_workspace/data/raw/spamassassin/easy_ham/01613.120a60ca54dbc3331f12609c19388fc4,0,e0c6ceeeafbcb89caad00273ca78aa9206454530b47072c67c41ba3a2c55910c,0239cefed8eb41953630c4a5bb1a3cbc4752b11c244059bccc4808955b55bf60,569e74de6054cc8f80cc1763db3cac6f7f21933cd6fb1e34c6ac338659583908,train
/content/section_01_workspace/data/raw/spamassassin/easy_ham/00185.d596ca9befa5afe75fd8ebca4c215d46,0,0f2d268e1ce0c7f87baf59e873865f297f1b51b26c0afe01c91ffd1102c03862,cb74a4230593048558bf57a59e21ff82dea36d7523f1c5735b7390b62c65bc8e,aa16816669e5bcb0772ffebae9076476d45da0765b5e988329fae0f081927a72,train
/content/section_01_workspace/data/raw/spamassassin/easy_ham/02323.dbe22daff2cf3e9c7aa284ec961481c4,0,6be12f8539ae59595f31051c244d198da9cc9990e163582c0c6f90a36bd1be0e,ef769603349bede0c523ce0f1eb09215fa377fdc7942506d338ea5a510e51cb8,e68daf787828e359c28d1e1c95b2e6ddd68a1007b8d6460f2be0715662333099,train
/content/section_01_workspace/data/raw/spamassassin/easy_ham/00511.a729fad46d130c7f0990e0586ed25aa9,0,a13cc24f3f292879c63972d1733c5206a6fa4323b3acc8fa9e38ca85e7c46776,125aa3340d381147bef4e6109d6935926b3a289966ddab78fa7a3ca5b3af721b,88f9ed4c68e2e435a05ff28709ba4414ae7ff9aac1812fac05bac357937bbed3,train
/content/section_01_workspace/data/raw/spamassassin/spam/00068.d10af636a6082d5172ceb34a944486e6,1,f9ebfe25c28a01bf2ebbb9598c562e9f65937b6bf7e0c7c81c6b5dbc96574285,02b41d153de7150495d03196d01af40d13fb94d7a940b7d45ff457a6d02cd0ae,63d82fde7396b41b27836db799b69d722e3c5805afceed485bbba17be0ff52a9,train
/content/section_01_workspace/data/raw/spamassassin/easy_ham/02197.8ff83816cea0884898d358cd0423b356,0,b1e217a21f1b771b62e12d8afa42317158cb79dc1104e46e34b7e6a4982c3266,0dbadba88ba1b8d78e7a4035e3f796f92d4fbe04ed65df958567e31c916d2104,4111e945b8618d0ca580c5a30dcc984099e397754381ed6a1c488adb935d4e67,train
/content/section_01_workspace/data/raw/spamassassin/easy_ham/02024.a456c36c72668eacb428a23a0020fd77,0,87c020b0ccc069e0461f49ccec7ec15c93fb6f3c850be6234b9fbc68c8216cfc,65580dcd7c403dcded1af7cf28bb11b91757637ac7749ab8a0810e201cd33185,21e4ae3b509f30e7cabd409dd3b3e28add0d2002b798a91914c7746a7a555abc,train
/content/section_01_workspace/data/raw/spamassassin/easy_ham/00711.cd5fd593ba9d0f75c0af12f4fd2d64f0,0,8f0c6da38ea5b9493214aa95fdb3317f4f708b735378f56bb8d5f7e8d0734a58,48a252e73670a2757e7ee21eebfcc120ba16af0495647e36b7d4a25878bfc88b,792c5dfbddb06a7cc4237dcea190196be8cb64ad7c02dd04d64d3f66f0d5d8a4,train
/content/section_01_workspace/data/raw/spamassassin/easy_ham/01705.54f25b5c3ce8b81c56da0ef6693c5ffb,0,b95f081f30b5d7f6accb4dd837e59624fc07076a329b86000c5e0459cd42a39a,faa5e989105f2713970af24c30fbf195f6f67aeba216ca7d066dbdb9310e0f3f,b1123962f1d18c19af6f5f1c30106ccce864472ba192ee4d64d9efc6b2f69f41,train
/content/section_01_workspace/data/raw/spamassassin/easy_ham/00212.51860640683706a0041c8576cf35fe26,0,22738fdd1d2df662b47c4229ea698b252c1dab4aa2792f8f30bbd7251d422290,15cd5c93921c9aac36ec5bdd4f482c1ee1ba11410665e48365c16c78a36d029c,a17999dc6f9dfb5115f686574d494c0e90444c09c139661eab3d5363157faea7,train
/content/section_01_workspace/data/raw/spamassassin/easy_ham/02420.8189d37102e8813fe966be2840346b27,0,9d73b5f231292899cb3b7c758d6eb89c58852c5bddcfbf83ef4022855d98fe4f,d98f1a7330b12d8bbd47c870edf047cafbf99e77af17c613b88581cd179c0b56,44f34af2e50d694181945f118be6cd02dc2c4fb403668eecc983d68dd6a5cfdb,train
/content/section_01_workspace/data/raw/spamassassin/easy_ham/01370.2b2624810ea623cb3b83e4181c114964,0,49b0f4b02b5a3e472c5b5972d694a5d297f320a8f6f8575a4514f88d8cd5da38,a50d44634571eaed35c08706a23824852da6e89d6ec4559139933190a3a580b4,1d1ec9a9e26ec3895b3bb7c40f854bffcd1ee0f011866151ecb980a04c3e1722,train
/content/section_01_workspace/data/raw/spamassassin/easy_ham/01369.164f2b4346151fcef70cd4c71d335ca3,0,4cfb1b937cf32e61ffbaaa0b5dd3f7c85b6c55dc30615f36e60fb95464051339,a34d5275095bfb43cad4a65f5d29a8d2b91783a1150c30b1fe0e7f731d2904c0,bf0739a4c9078b11207e4642a8fb90c54bd4cab06602add699b670a0de9bd80b,train
/content/section_01_workspace/data/raw/spamassassin/easy_ham/02415.0d9e7688dc9d051d9493f809b64821a1,0,687ffa3340e177ecd14b8fe962244f2fdad4e32f551b1dd52a3fb5b72bc2699a,169636371b035de9c68a8e6dc3adbddf011d3f70441a8f50f206106688b427e0,26b0a6c4e74f2d1e95a6c8b867df5f50dd4f11680d5b534bb0d28d0174635c5f,train
/content/section_01_workspace/data/raw/spamassassin/easy_ham/00457.89579a11f9036c69e46063fb22057fe6,0,c3725149e760c51fddfc5da873ecea39459c752ae23a4c22c1a87662587dd7ec,934b29d9116aaed6eb252bbf52aa9476068fb3524b0b4ffaa9a42483a64d3385,d1c5b90cac91a67a7f42bd3d041e97e8d38d51537517824a0f96fc3efff8b430,train
/content/section_01_workspace/data/raw/spamassassin/easy_ham/00442.d35b7a477107b2e6bcf47f07eca41fa6,0,2679697372f3cb320b3353423ea010302fcc50c7beb5dd7e55a181f1dae2e754,9fcab6497c9ef4d4eb26b5a0ebb7b02ab2d4c9f0f07195de65f8cf2dfe96ff53,a222d3e8bd860d19804e72ed923390dd90444731b279f9342f64bbb7b48efd8a,train
/content/section_01_workspace/data/raw/spamassassin/easy_ham/00579.566d8e05220571bff1c2f392a1c7bf41,0,b53b4c79e8425f289eea551f9c725e390361003ae35364475c90d2255dd47dbc,a9517ccccc958d042cd6fd3318154ee5db6ba777e7981f5272f7ba4d2655bac6,970f4220f42feeb0d9e5c3d8cfbc9dd3197f5d3ce523fd605276a471fd968b72,train
/content/section_01_workspace/data/raw/spamassassin/easy_ham/01588.f0623dc7b744dd2ba0417f8f0a98662f,0,c560fa2045b0e8a5e8bb550648db8687bb74fb48e4a07d2059c5acbf4158c156,ce529170749023b4c6e60304db86cfb64244699dae2a36ab26878a80a880c9da,eeb53a9cebf560634f08c0d4fcc59fe9372814e2806abfe9c713b60b1ef2d2c3,train
/content/section_01_workspace/data/raw/spamassassin/spam/00488.29e96da757cc5566c848833e26abdd65,1,07ac4d19489759d14159dc4934dd215e89a0db5f5df137340f63595d03ded38f,2304e3a7a4d320cb0e3fb7892a64c73459ea62a8bb5a78e7b9b663f8b80f872e,e4840ea593160bbd19ebfce43096661064d5f690ba2d40a5402d5c135ea37c2c,train
/content/section_01_workspace/data/raw/spamassassin/easy_ham/00194.c2c3f757416af5818ec89cf01a9aa601,0,3cdc628052f70f32d6c1de787f915996a3070a9608bd01bd7c460c3e05233234,52248ed4f7f94f6813b4d70435b3fd0355b642f8a4493e69e128d049ec993ccb,d05c55138175e1d6144886803affcd4cf5d3ec3443acbb46acdfb03eb97b8957,train
/content/section_01_workspace/data/raw/spamassassin/spam/00442.6a4db031f5561b90c04bb3d3aee31e85,1,c0ed043eccfb568298bfe2c1fd58ece837e45da2a64fcd8ab76e2304ad0fa918,15167c4ef9bcd29886faa6ac213f702035bec8c6e75275e35bbaa21567c8c5d5,183ad7dbc91efb33be4874f405667fba5f8b33259f7744cdbc7e66ea7f58b302,train
/content/section_01_workspace/data/raw/spamassassin/easy_ham/02023.36162b9866a8ec72ee07e96ff71b28dc,0,ea437eb4ea073219ce69fdbe39dc3653ac1df5202d16043142ed9c00ac7c143f,4c5315dfc30b871a034d555ddd3e419751fb7e74a2e0d705ff7be9dd07a736de,0da0025e2735464cfa8d28ea844305cff7eb716ce8c3b66730631b5595c58200,train
/content/section_01_workspace/data/raw/spamassassin/easy_ham/01765.1fdea814d93c5d2f3254299057e78ed5,0,455ca06611f4d490f6c7b5e4b52fd5c5f5d759eaf8b11a0778c9aca0e70cc83c,17b44388e9f9f4425f100251666be2b1b135fe2f9fe1c3a1f64e8ef413e6aeaf,87fa378f48b331c619ea2015e18f06fbc881c8637ae6cb691f8a5648485b59e1,train
/content/section_01_workspace/data/raw/spamassassin/easy_ham/00069.1477f740f56d3e0bd132ad70993edda5,0,edbf5db817cf80c1919f5c71bd6eeac004f52b47854458c295fbf5ca607ff35e,f4d772d42dc3773608a6919029c8a38519bca5513f53fb5efbf4323cf8083623,ced444618a3f6336c4cd7e0a8e1abca6469567526d1b2b92fa8a3cefc9be1f41,train
/content/section_01_workspace/data/raw/spamassassin/easy_ham/01858.c6147940a2048fd84b1d8c2d0485a9b6,0,2afbde32c8b994191a55344a91faed76c1a4dc73242c50156fb5cf5b30c9f4ad,57847024f1cf9646bce32db1bd3e31adb3b6ccbd7ae4e84b2a31fa1acf0ad173,e84cce8e2cea81c6f6d1c53be372225bacdf880b760f8a43d5cd81d586a41950,train
/content/section_01_workspace/data/raw/spamassassin/easy_ham/00303.72eec73b937da55ad1c649c0092f75ad,0,d69410f8e40eb099c2eb550826bf2b62edb7017cf0166afccce86fdfb3dfe0b4,925524f23abb4eb47081fdce737fc1e97cd7ea6d456f238c041e974f1a1be0b7,c86103f838da160ee7bd5a29fa3338247445c395cb5e98e3690cfc7a36287fb1,train
/content/section_01_workspace/data/raw/spamassassin/easy_ham/01529.a34b955e2414056d9d41b48c95f7f15e,0,1ca7ad4b3cba00bd4e105c6c278bcf6cfa513765e86b245173ce7acda1cd6a72,9b44143e4736fce632a9be0fe0aac4a0806d39f954580f85445df1939c48f89b,50f6d7914ecd7bd8eaf7e437817689fa6fb3655a94e347a98ebff5ac128dcbcc,train
/content/section_01_workspace/data/raw/spamassassin/spam/00391.e2c76e9dc5ef65b90275138f73eb475b,1,031afdde01e1d875a46b707e057a4769f0b89e728c8af5ee40c033a237bb2d38,eebe21c54f765a708e96ff5ce9e590fb7056a4634a2076777cbbf2f438243e97,8545d475083485643b65144892e7fc6e0e569b6543f590be8e51ed797947a092,train
/content/section_01_workspace/data/raw/spamassassin/easy_ham/01922.87f1df03581a29cd517b8fd78fe73e62,0,ba9ea8e734099214b4fff0a14ec85d9165e867b195d0042f255eeafe66bcbdae,69b6ab6aef3271589922fbbdab74a1ff0ab8d23c73514918bad99fbcec4e9afb,966bb7efec7524a40a52243ccc58f5efd76e3b1275f05eb6908d08d250eba397,train
/content/section_01_workspace/data/raw/spamassassin/easy_ham/02162.a1a481752dd8f6db2d81b0c27866b2e3,0,f3ca28d4ae98074489f3d0ceffc809c65b7fc6e6790538f0a1335738212790a8,c265eeb724c819cb0e6d5d50ffb0e30bd55f79216f352af7ebce8c4cdc48a8d9,0a4bf27615977463f1ca2bde83eec491854eb8a838ca1c5391c31adb5b2ee514,train
/content/section_01_workspace/data/raw/spamassassin/easy_ham/02154.ff5a0262e2def432790ad7c13deb190e,0,c07b4709938f39248d6b7b45e60262bc33a01a0ed14b4ee6427b75170c61d57a,706618b0feb4f9fff8323a3b1c89b232994d532a61cb529263cf813bc22eb0b0,e5cc7f6ff704d347452beda6750185e9f78e161086fc0ba32dfa1857753d7b57,train
/content/section_01_workspace/data/raw/spamassassin/spam/00483.50c5dda7dd4710798c15a85ade6e9f93,1,439e951670857e19066d3d55c05ac172fcc261f00c1cd6f082a39b7933071c7f,dcde34f3f2c7d93b17560ad965bda13ab6d32e9c9eeeb2cabe0beb5384c1f2d6,7eeeb785a12da130bbddaa06764bfe47ba253ff54412338e35b6e8b651b1bfa6,train
/content/section_01_workspace/data/raw/spamassassin/easy_ham/02461.a1007afeb8f2a233e221a320d856ec81,0,2e228640f64b704e9a4ea65a9de9be0c583dcda5a1c862380981b23351886d65,e9cf2e1b22c88e0906f74c04efdff82b400c62707c50938b151e97c65add18ac,f7a92169792c5979d81a377ed7cfdfdcc0a158cdf61a993d4f3c9e7d53f9daf6,train
/content/section_01_workspace/data/raw/spamassassin/spam/00457.f8db516c753eff2c82cfb89b33bd2620,1,ff0bc4a068eec8ad438a0fa3837a83ba39f834686dbc32cf991cfd805a32d072,d972c176678e86a51481a41ca69fbcd974a710804d425d281e20668fe8891f11,cc93560bb2a2c31452881145d4b2a80c2691c929f36e8217aaa1dbf3e2bb1c19,train
/content/section_01_workspace/data/raw/spamassassin/easy_ham/01016.553813d21aa39e50dee2eb5af2d67cc6,0,42399f1f616c3198ecad5291d2fe20025394ca6ee38e64eb649f16bdad31fda2,c52a22b9c077889a0ed2ed13cde8dbf3aff5ef34b02548a9ac13832976953a94,e78c2b487243e03c5a80afe6a96f99eceef962446ea30cfb8ec5030153835258,train
/content/section_01_workspace/data/raw/spamassassin/easy_ham/01179.bf1aa6047c74cad4860b8010439f199a,0,4cab6306b842a53eccac73df67121b3a69964660db8195fb580532d5de9fbb3c,2632691785a745551cad03d0f78558251bf84eb24d478a0c4da429a575d0ffc6,cad2d2e684eec772124bc2a51d570c8a73b3723f03411a81af6d78cdad69aef0,train
/content/section_01_workspace/data/raw/spamassassin/easy_ham/00285.c422b202e0487f766ba13baa7b755bfd,0,d7adab13b05b7075a6eea956148cc59460711ee617d2325f030241d2017d8708,153f2327496065a2be1aafdd02e894631e8771e1920b9d133ce4bc68c92bd5b3,6c1400cd856781f974531d4b8bd9d2a6d6e250177c22eea820f34018b63aede8,train
/content/section_01_workspace/data/raw/spamassassin/easy_ham/01512.9a1a7937d7a0691e79d806bdfbda28a3,0,dadcf180e55483472504e93738f46b2c59073ba7b2bbccff217c7f627d68fec4,4d920d4df64a5e01e71167ae31d80ceed58a8f3b803dabd794c492b9ff6c779f,c947738c71fb9b969fa6021e24eea9323b71745fc3ba28396a55d5663d0a0470,train
/content/section_01_workspace/data/raw/spamassassin/easy_ham/01234.868bd8bcbcca009a5856a8ce6da3f593,0,1ac1eeb453c250113afc0aba228e98a988d4b4c5e13c47cf2ff0f8393e4c908e,ab8a643d3bee8e19919c84149ada41c19b88290a8aa44a6b2935e74448e0ed43,fd654cf75d2308c8275852250e4c9cb3cdc00242481e68631ea4a3af990ccf42,train
/content/section_01_workspace/data/raw/spamassassin/easy_ham/01282.8a72fa3979269299eadf8f9742cc4ab6,0,c965c23a6124a1ca955aff96bbacefd9b64dbaa032a42b64324e54bb29b24c72,ec17529fefb3f3a6f160ebe61c7243adaa758191b385147037a4a07ebe2c1310,c0c7cdff2072e3145baa305bce39097a1699449d03d4ddd66d82e06b1b8263da,train
/content/section_01_workspace/data/raw/spamassassin/easy_ham/00575.c4b32c1dc29245ce6298f5abf2f0b085,0,5ae00157db6bf1a519c2ffa1b7deae5c88b989772f26b5beb233703c29ea4f72,a51b5ba8388bc44461b657fe61612a7aaef5fc37176dd765dcf468a9eaca1891,e30a2d6df2fd9e24d7be99dca7cba9a06df76418666b0a42126bb6d05efa4e08,train
/content/section_01_workspace/data/raw/spamassassin/easy_ham/00034.1d56abea55f3c516d0ffdd4f1e8b883b,0,83fe159a3220cb3e553f5e03d194ced5f4e4feb34202c6159f85a109e7a4877d,e9f9d4767d4c059aa7c699dea0e03e4f3ff848eaf14642d9d4375ba6dc17e004,08a4fc5d1e883ef3b6aa0a1e535cd80647fc47fda18e56d016b0e43b2f47ab73,train
/content/section_01_workspace/data/raw/spamassassin/easy_ham/01215.94a01e7d8bb1206fbb2f1cc7fb3dcdbd,0,649e258e046b884eb6b585547c6d0fa053ba636ef658ac0bf1caf8a581214667,c95b25fd7e203b21ba42a402c7211c8844f871fd95afe4bc0c59620f031d996e,d953068c28c1c5a3371248b06ce1db2504a2e76bce4001c7327e4f5189a55ca3,train
/content/section_01_workspace/data/raw/spamassassin/easy_ham/01435.e25d83af5e02f2d2e97880c2e2f17eb2,0,9d756d6312303dfd181e1514a2a7ecdb6ee15f8362764d60d49b283b1c6f9b32,5bcb612d65f98044ceeeb5b84e26682105326f594a14212d1d1a19ae2de2055b,32ddd13a6bb3fa2b2dba114ef3983352301a05c09b8c44d0a7a4c3b999f4b675,train
/content/section_01_workspace/data/raw/spamassassin/easy_ham/01294.8c242aa8998042dd666b7f9db56a6a3e,0,22521d2051b448406d3da908d40981958e531f2d1b4a06ec5a8ccf9afdb01bb7,90d5bbb269f07063ed68597384b99dc4b0c538963f6ddcd6f2ede54a6d6c6ecd,b0036472f5bf3b712f837d08f58634a2726ba9917de9c72924a1d5b274da863f,train
/content/section_01_workspace/data/raw/spamassassin/easy_ham/02491.c26245be2a5096fa86647d594561c511,0,9d6fc55d1f74866941fc54b08bf96606ac5bcd7fccdd726fcc05270408a034af,e6eb83350aa242f493319d93a32905ad87a2c5829c6acc3d3bb1a20057bd9f06,1246b720a3214cfd427d3fcad20415dadea0829789f89637085ed423cfea4e45,train
/content/section_01_workspace/data/raw/spamassassin/easy_ham/00995.11200ae0fc914c7056dcbf7dcfb4c107,0,6879737f00af35320c81c72da5d4aedc46f6c539cdf0801a2399df4af702c184,063f503df5b99c6b2d308db6ce64556f28a1b8ade1455415478f3ff620a51d0a,3414157d690c46b5e09f3476c2a25255c838211b3153c80d56c0ac55038ba7ae,train
/content/section_01_workspace/data/raw/spamassassin/easy_ham/00412.2f7375258785a03b8f8ca2adb0c72620,0,12ce04d600ffbfdfc15269f3bfeb0625cf2fc3ed3d9893af096c6e685d6ef96e,9cc7d8c77d093a541fd57171a65a49fad1a505de2c0f59f5a456d51f56929115,7f021ca210b4d70274267196060bb9e4747fe5cd76f7bb60e020f4341c8b8d8a,train
/content/section_01_workspace/data/raw/spamassassin/easy_ham/01418.de6a5fe900081a0492fb84f6bfae46a1,0,35fd8e2adbe65e5ec7823188a098923ddc7c7d77c086e60003688599046e5f39,f0ae9868da8cbce06395b4ea845a7f84de5dc5b9bd84a53a72904fd45dce4de7,ce999e68a605b1f32e9abd40f1fd380a41130a9745718362e52aa689fa79bea9,train
/content/section_01_workspace/data/raw/spamassassin/easy_ham/00018.6fee38026193b5adde4b56892a6f14bc,0,1df82f1d5e6d2883e9e669519399cfeeb9ca14460613e06d404ac638a67fb634,688bc713599b6e392681625bfe38a1c75772a6d36a475dd41d338ddf2a647158,2e4db7797d0f63bd30102725dbd2927b895f3e1654ff42fde424cd8496c8b326,train
/content/section_01_workspace/data/raw/spamassassin/easy_ham/01955.9a79544ac8b1f704edf3a5279199a2b4,0,7320ac5b3bf6cc862d62b5a4d8d5ef935dbf6539a84bd839d1337ec3b46c25d8,04d619448b43ffcc1ea6284cb7929340108d88ca6bc9445ef19a09e8f7a7e3ac,c9dc959882e2fab90bb3c0ef45ce10f5eef1063839ec346e9d9be9b303019c9d,train
/content/section_01_workspace/data/raw/spamassassin/easy_ham/00270.d0a83be3891cf0ea26d2af0102e9a875,0,931e7090eef6f2a763db5c9bfe627126c10bc7aacb020d24b2416f8d7879d59a,c9b677bda4c068d60895893133cec2cb32f9913b295f060e627025663b11981b,bb0903fb727d20c4752df50130be2f6e6c4972acb6a8f900f6918077e2b5bc8b,train
/content/section_01_workspace/data/raw/spamassassin/easy_ham/00199.05aa582ea00818b07c867878ced559fb,0,ed3e01fe9958c46d2c667fa562d7611a0c5681b5e9d67019f37cf2905a4270e8,20a38c4267b383bc3446857e1fa1ef0545fed61dbbb594306cbcad8320ae9dee,8626a2ee3c88a34c98d34902f4260a51758d12c8360083151757011d29492dd9,train
/content/section_01_workspace/data/raw/spamassassin/easy_ham/02065.4773cf538284baa6a4b0c26e41115e8e,0,8258c4214eb55ea79283d9bae1316f76f33445902d3aecf03a57cb04a18fc48b,6880a086abc365a155f583ed4d705faae0eb7cba7ece9ee6038d192fd95af69f,7886957c50ad21e5bfefe2fc4bb7db02830be780d7c45fe7a3903f4cfee7d2c4,train
/content/section_01_workspace/data/raw/spamassassin/easy_ham/00786.ca79d7745b67c62712e5a5553c3b83e1,0,104d357274e387accaaf1e5747c36fd5134b3d6f3b75659a47dcd3ba336f35f9,bdd954921945a24017a60385a83951cdbb58f73ad59284a756221ea0c5127dbf,3f6cef6183bfbbad3ef0dfea7a4cf441ce1560f07101758ac7cfd8dd2755f575,train
/content/section_01_workspace/data/raw/spamassassin/spam/00164.8536500ed9cadc8397a63b697d043c0b,1,1530e1884f340c97201e91bd794fda014c84e92321c2508f32426e743710f4eb,8a7e455a1ed14c5ba5560b966f1f3ef5d6e9090d445e27cca15dc77df0df2266,69257d66695ff66cb121f66046e2b6b1b8bb14de45aaa6382cecd50ca336c2e8,train
/content/section_01_workspace/data/raw/spamassassin/easy_ham/02442.ebce98dea2d472fbdc7682664984af1a,0,3a681f2fb49f987f59c32ef1b0ffdff828ae44f2c31e33f29eb35a4f7c84fe11,38674f2750bc830184bfdb1681b3dc5f69369b77a3755e3337e68311e313ce3d,8dd5374456c774ee535854db8fa3f4ec662d5de61fa486961cd8f73a612b1ef8,train
/content/section_01_workspace/data/raw/spamassassin/easy_ham/00255.11be25bd4a3d55702ed4a1f13e7d2a3d,0,530ac73c3f1440c6ff9eaaceaa74ce3d0d44b8b2cc3ac8793be6da5c6dfe1f7e,afbed3f0780a0d18fc5b3eb9236e1bac40990cea0061be71eecd0e5be19e5184,8b240c0c37c8f610ec6db354d3852cda36198ac71e35256b7a23b510a8e7bd78,train
/content/section_01_workspace/data/raw/spamassassin/easy_ham/02269.ee87871a0b0364173f13977f058f3e19,0,134e99a50c3f2c136d339eb1c5ba267bee1549fb604fea178b6cc7f9fb443848,e941badee526d821295f4cc47ee67e0fbf566b1ef1efb4eb4bf594e6ab3a1af7,bd2a051704f48419a9fb6969bf4d964df6bbb38450f3dac42808b96130488bca,train
/content/section_01_workspace/data/raw/spamassassin/easy_ham/01723.26284dbbc6f595fdc9c388008e5aa72c,0,2e21b891df48e9c44b5540f2d43f76ce715dda48e440304bf27b74f15e5e47b7,4e5e6f863ac74037a57b93df7e6bf2a1d866bfb28e4b1479681540d79d0c120e,1c492b6fc5705212f157b43d16c346c3fef78d29977e2210097aeab3e3d1003d,train
/content/section_01_workspace/data/raw/spamassassin/easy_ham/02124.6bdfa74ca5ba8137a6e3cb9e239da331,0,784838c372b6de8f6c646347cf70206649b6c5e0c94151644ae9b202b359a4e6,dadc71e12b5672533f5a1c935d70fb035e1393131e7292c9152c120652233ed1,a6ba81f3f60bfc4af204a23e4b886f4243f705c0eab6ce758afdaacb98691372,train
/content/section_01_workspace/data/raw/spamassassin/spam/00464.8240aba24840864cb7439fc03f94ef6e,1,f28d3e8e4c360661889b2dd6a39bc4c043080f242016d8e076e95117625b32fe,546d48d52c8d681dd947e4da067d076681743a397af66fe40249d2ea9068fbf7,40d31b24bc1daa34a708177a7ebc821b9a7952b6e7c6d87bb7191a4bb4d73a01,train
/content/section_01_workspace/data/raw/spamassassin/easy_ham/00230.9a0c6d7bc5e78a2b597bc050e491d05e,0,21d4f7490a69c4c992043a547e13d23c928ba23fb97acbceeb3adc38843f2d57,f69fea3bc840e055f6fb7ca7f545cfadb4e00fb7cbf6f7a7482e9fa366bff5e9,1799200fd6a984073e102d2173e92527e74958a7deb9e9552432fb502b9d1dd1,train
/content/section_01_workspace/data/raw/spamassassin/spam/00460.8996dc28ab56dd7b6f35b956deceaf22,1,9c57b2197a3d4f3627b1553125f01d468888fdcd651b069346109696a447a70c,b1ff8728f812e26934460c79e8b8c6340d886cef8c058b729cec4cc86df9f885,b82d5027e8c8a572b50db423be7dc88290449e53c3aa96a0fc3b83340017796a,train
/content/section_01_workspace/data/raw/spamassassin/easy_ham/00453.1b26da8f96711b00e186def7371d1e0d,0,9ffd78a6a2bbac7766b1037ba5d178985d97f9220874bbeadc9f4534841ac0c8,0c97286fb0635339647b251d90dcc83353e6e79653e8ef5c5238bdc778031aa9,254f0ef8485716e8822c95a4134bee5c0d42fa440580d9a6ba2000d25b0b768b,train
/content/section_01_workspace/data/raw/spamassassin/easy_ham/00972.b94b5871ba0d2d042da63d0fcaa2fa32,0,3027bfedaab11aba38dfab7c378452cc430dc5d8b6f0baf7cc1719b390149066,fcff4a2402a97caf7faec6103c555d0c0fab9f3b91ad2dccf149730c0e53f532,2137f7f31d22e48a6bba5e4edefecf4ee22a0d476dd993fa9c40f23668f41325,train
/content/section_01_workspace/data/raw/spamassassin/easy_ham/02335.1e8a1512670aba127c43ac4d297a1884,0,341fc06b4984db3b968b018e50360cce3a9b19b414c5c1bf33d264a413acab58,0202c4b2d711c94615cf68c5e08f97858fdca6c0f48ae402f2fe194f550665f4,87678a2973687083dc7a44e2a7a0d0fe10d03aa8357c588578d3ea06485af5a6,train
/content/section_01_workspace/data/raw/spamassassin/easy_ham/02259.75e1cd5cf4a8857fb04b58ff179bed51,0,6ea1a54b00ada68780c50fc9e296fdba049a00e71ea37cf08247438ea4d692d7,ee4a7d90bc355e62e0e4819364d68bb091bddaca87b21537a0688d21a7d426d5,889ebd98ca9657440595e8db7679204075d20a6dde3edf78413ec9a5cbb2c345,train
/content/section_01_workspace/data/raw/spamassassin/easy_ham/02217.480e180ae8976cf6457850fd1ec9eaee,0,a5e221b72482232f8e84255d3c3b16681629ad25f05a19afea6344e5e63de0d4,52c7483f8626aa6d44f09e7bffcfd7e24e648c2157e774b1807f8108bd139914,039ccb2093b24786f605b33257b7ecc3a0ff8433e9ed31238846e3525fb363e8,train
/content/section_01_workspace/data/raw/spamassassin/spam/00329.af4af411fb1268d1461b29fa2d2145a3,1,bedfa7083ed79b2ef16835665a8405f14d8117f0cebfa5ef15eba696db4cbabd,c44ebf8858c74a2c3c8cc4b06faa6328af720930537c4dabac11b89cc2454fe4,f1b6331cca0c0ed10093f3211c2add91d7a97d6ec14a5897f2a2af380ffd854d,train
/content/section_01_workspace/data/raw/spamassassin/easy_ham/01253.17f98c5b0388d2ae46e31cb6308c7ab6,0,c9e1816d2723b5f6af0b862599a0c33d32f549f5821e50a5a2307282843e59f8,9c0eabcb09e174dd4b9a8979d59b9dea40c7eee3b8214e32625c6e63d181e50f,24f5d40842d06b057ff8b15e82046d8aa2a6f82f5fac018b41ae5f27de2764fb,train
/content/section_01_workspace/data/raw/spamassassin/spam/00186.a66b4fc4ab114c9cb37e1a31d1ea1aeb,1,2b1a28539be2208a581e60ec2093c8002add016e50254cbf29d1e8704b4e9101,77cefac67b44a789da2cfa4924d79ab3b128a8b9413449a678e6db2e5a26414b,9b14dce007700cba321b0e5a6800fb551ff0c6ab4835a12ee44e163e716b72a8,train
/content/section_01_workspace/data/raw/spamassassin/spam/00169.86721d6b50e889ed39c7d302adb2a5ab,1,43def6e05deeb0e3604e206d536d618d7d3bda3d76c447d33238c37f029d5bc8,830360026cf46b21edfeb4a8260beceba412c1f66c85efe5720fa5079242d909,48985b0a180395effe8c70a5e083122f78a064cac6d96a76aa692f29e1fc544b,train
/content/section_01_workspace/data/raw/spamassassin/easy_ham/02047.58252091629643882c4fb2e260954c60,0,ffc6b7a92075644de2c8617d30a0e06a8b4c535acade86f4b2d1e156f77e98a8,4dd5ce0688870259f9555f4bfb11e32de8840ce93a209cd7e56d3b743c3d72d9,714cd0bca14924589807057496887be7e5b00e4b34ae640d348330c87817e4d5,train
/content/section_01_workspace/data/raw/spamassassin/easy_ham/01749.da79f6e9c4f07174e5dec173c9481b99,0,f3ea56536d57903e9b42195649f04d4f0fb29ccbdbd6220a84580c500bf01488,091ad89e4f08b473fb70190ecdbbf9cebaa81b73c758b8f795406812ad9e0010,7d9359bc4a48276e02aaa1e66aab7b32ee7596076f46160df39a3a0fbf354a25,train
/content/section_01_workspace/data/raw/spamassassin/spam/00362.be7a346be8746732d4dc27bc549d7441,1,eed4f3e521bb7fee21d065b05284f56bbd9d9c2b7bda54e3a254001c7f06bce7,d0fa031017d68b74ecc4cccd0dbb169cdb40c8d07eaef05fe2633e7ff7ba71ef,ee6def79a1d7db4bf7d78881b8f84b2b479a3be4dbd13ea7a6ca6c317bd372a3,train
/content/section_01_workspace/data/raw/spamassassin/easy_ham/00068.5053f669dda8f920e5300ed327cdd986,0,a8c233604b35beb59add7782d9cd1e171579f105a3dd6a332fc4e7a859b30389,c5421ad742e15f38482bc3bffdf79823eb2e2fe357d10095498a763d3577c175,2f535773082acaf021da9ed9e5251bcd11ce13c07e4dd0ac74f21c5c4dffe195,train
/content/section_01_workspace/data/raw/spamassassin/easy_ham/01514.5038367be8c46c0ade062ddd7e03422d,0,68a9627f4562c2b168f5f41ad17c01748b430e2467bdd26dd38110b046ae2d48,8bc29470149715608902d4cb33f15a6725077ba8c70fc61d1842ce11fe87b0cb,773fc51335a8a81b56e8cf548ba85c9b4a82239ae3a825f63dea910bad972890,train
/content/section_01_workspace/data/raw/spamassassin/spam/00310.3f652995aadb0bf696dd10c89ce30afc,1,d5423e55a1205f39e9d3e3e237d5a04ec41567a7856d95e65b57be28dc2fd8f5,55143bb6bbb6562b2667cf89958e800f723e007e7bd302d3f519f29da37c354e,d47fe6ee72513726dc3b53420f27116c6c8e281a947d8880bb1a7f20e37e3ded,train
/content/section_01_workspace/data/raw/spamassassin/easy_ham/01242.813fdb697bdf7abcc40b61a31364ea94,0,98254323909a2c596fc4104394713d1004e69360e7e3974a3cd64c4707c2e27c,3c98ceb6fff0c02d1d3d1059afd8862e9a8a0725311b6322458d9cc2d5bb8b69,972481b5afd06cc661810bcac425bbd84ad8007e18884451fd6df9c0dad48c0c,train
/content/section_01_workspace/data/raw/spamassassin/easy_ham/00330.9676b57232270d009783f5276a1efde3,0,9f73cad0d9fcf95830ff0bf670375505899df8ebdf187566a113c9648b64b5bf,5b7beed7bbdaa20292946d8bc0faeff90a502bd6878685c7f52ffff3de7fd1f7,4d4926ed886c53ba1fd74ae08725ebbbac3ad250dcd20cfd2cb4c14335629233,train
/content/section_01_workspace/data/raw/spamassassin/spam/00451.5af88ff99e71a8984ac293c250b37d34,1,0a5c5692d3c5e6c9aa3388ad1cbea5343e9ddcd1d5bbed72ecdb566366c48ef6,a34f7fbe95e4b0ae712875a5775ecdfebc1aa1243dd70f50adbce7bed651a187,b44a7c5350239757fdf82495c439c4dc293880039e9a63d1a44260b413bd2154,train
/content/section_01_workspace/data/raw/spamassassin/easy_ham/00918.4fb416f486e8b21ffe522b4074598b69,0,5d6a8c517ec35efe16cf89a4fe5ba5a1a56a4c95d1c1853793ceca8efaa54a2a,364d3a15308ec3e8750d84f052d3fa1f40a5cdc207a1c1cb319af08c104ff1a4,c8673a35082cceb65aeec56a055e62ea7cab7fc686ee9cb1d790b3a13428039b,train
/content/section_01_workspace/data/raw/spamassassin/easy_ham/01341.34cf1021232db9d1c782888dcd1e5328,0,94dba49f65ce09a3ff290dd5732794df137937b099d793bbdf8f0ce9361ec0e4,d494cb682305e581944d50fe3911a5a7cff664e5ddb682d6cb7a144dc356f793,bc22c2a157b0f3abdaab71a2f6b10c8975df0340f17f6e5819aa041a4e6a6810,train
/content/section_01_workspace/data/raw/spamassassin/easy_ham/00810.a290b36b1210ae7d5ad8d224aef851bf,0,d25ec8457d72abe12242b017ed6cb933b6652311c244ca5b2fd65ecfee9f089e,ab63f1561d4b8d46a475290b89d22df0b0e41cce650bda8062d86f5336aec687,1217ccd681e7bae1efd8fe19118948eb1937df4b2afa6461a737bc40b429e17a,train
/content/section_01_workspace/data/raw/spamassassin/easy_ham/00178.e021e35d6b9ec076f35e72ed932356e2,0,a51e6406ee6f8e3f7ae8bd1008909b307e8ebd4675fefe36f32ba7c81e37eaee,8237da2158b068cf61f76aa45519f27a748b3c38f3f1ca48797350a51dd47467,d36e09321e618dfc2065ff8df427c77bed7a66244dcc47b0352ce0f8b512fb50,train
/content/section_01_workspace/data/raw/spamassassin/easy_ham/02095.3a693b19dba1a74951afa2302b39c23a,0,16d9e92bc908bd6b3d72bd0b4961aeec2a3f8e08b298ed4f4cb4975669df0cd6,89e12aa4a99f0597ea731ce02cdd08638cccdfc2c3648f9b286393e1e5ef838d,ba7e95a713d7f79af0174ad405a3da0a96634662e6e95ae2d9b5fc734623966f,train
/content/section_01_workspace/data/raw/spamassassin/easy_ham/00839.e4777b19e2429f9cece122c1d56998d8,0,824aba7d6d353459d8c501304334a2713766fb40bd5c94875e0844c7ff62f054,0db5dd281f8a9b30267f8824aea1431ef26cb5553fd956fe4536aacd0033c89d,86c4f865ac2456ccd187892548431c20e2ce91a0d5d5d703929b0bd7e34e7863,train
/content/section_01_workspace/data/raw/spamassassin/easy_ham/00873.9fa4518a4adfab3e6b194ee33a89b2e0,0,029137eb5e3bfaba5feac89e926ea7fcccd34438fdc02c1149976803274bbf7e,c9d8d3f5d6c328077aa1ab86cc5877402d3d3f7dfdef1492a125acfedc061513,c8291327e10bb4cc5cc40f617789ed32af9febcbe88740cf031f7b88a073dcd7,train
/content/section_01_workspace/data/raw/spamassassin/easy_ham/00001.7c53336b37003a9286aba55d2945844c,0,b3c10aa7833c68e55e3865afbdfdfd2171200bd8b8d797a4091f1004d087f98e,a1c5636ce61a31d6122b6112db281f69c29ec3798a57ba31af0d24493e86f212,435842688d9f6b055655540cddfca7adac51c367f7d5cd1fbed09e576fa95615,train
/content/section_01_workspace/data/raw/spamassassin/easy_ham/00291.69656be850c89e739f4ae1db5b43d90f,0,f70b26c7d7cf8d2583e7591aaf87d7668d24ccd06620d278fd008762e828c082,1e1bf235493285a3aa7ed5c57bb29d2241ae6d1e52ca0eb63ed8c1b85c816edf,9463f6916ccd034726bf20b96c802e9b7ca0e02bbe47e81858f29af96332a730,train
/content/section_01_workspace/data/raw/spamassassin/easy_ham/00499.e9a4884055f2ee93c2c0d974c8b2e7cd,0,71e7297814d1d7c93953d0f69a87d29ec604a8ff82e72007269dd1bd9e084f6e,88900fa5f7b055ccb1384da1ff833d904bdf55c41c8ba1b9ee01894e13559aae,fd59dad8c2e59e86335529ed8762f1dcaa87a73238de48b676686a67fa7517e9,train
/content/section_01_workspace/data/raw/spamassassin/spam/00382.98464d934c8402ef42e6dbdb07b18a65,1,f1d542e67e5d8ee8b1fc1688735d1305f8698df228ccb2279146e1cb4bbb3666,6def3401f957dcb471953f01be7d9727a6bad6af3d22ff10c8188a3f697565ab,3f5d91fc886fe143ea950320af223c2156ff8600b6414a1086e351a286951684,train
/content/section_01_workspace/data/raw/spamassassin/easy_ham/02489.85c20a6f9d75714d9f44398baeddd416,0,5c1e558cf55ff3fae451c3f366ba23eebb6ac8541e4722ed02b2a32d47d8698b,98c045ee4f842f2a216bd5794d8e1feb8e2ed0882ba1906e4e39937ae977d29c,16d167a2b055669ed2402bb564bca0ce74e5a7db2539c0f4e3a7849a47155178,train
/content/section_01_workspace/data/raw/spamassassin/easy_ham/00753.880e08a60a1c96760d26d37f2d6b1cbb,0,62c48898269fc015cdf9eddf720d2112dfe8431ce905e482e1244fa71d0ede30,7f92ba68fe5e7c2c45d87b64c684cd9646b38c7a10e70936fafcc56120ab0a9e,37e471297e79646ff1fdca437b493260ebb738332aff82d4a2fe32cacdc8e93b,train
/content/section_01_workspace/data/raw/spamassassin/easy_ham/01390.b29cb5347273b971d876082ebf77242e,0,a6b3e19ef747f973cc627f1387c95a973525e0817e2bfb85402b33ec418dd6dc,34e17bde3c841983fb1cc7d39d63ab9497c425c1429d96cf7e5e3e3ab4d43503,d768adb264c16f5b36b302c8e85169a9780cc251b7dac4cdc391ee810c979100,train
/content/section_01_workspace/data/raw/spamassassin/easy_ham/00935.8ecbeab3ef30caba2c29e25744a2265a,0,141335717b1c1733c866f47bb8519151c731b16bbed24899fe8f37c4bb90f7cb,2aeb71e00b60b5249b8c21ed52900f52dfc0fea9cf02daab4c607bd1b6e5443f,c860d2be18b715ab380f77e12385a5d9f0ef6fa70b3bc794c0a3554e8a39f203,train
/content/section_01_workspace/data/raw/spamassassin/easy_ham/01919.d7184a960a5372abc840760b64476b79,0,ff0cf2a339c920bb47fc7a53c558191a689eb38a86a99bd395612ce1648193c2,50cb6d421fe999d55f12fdf539794e2e248634b30b1538ab6d0c44f7cc5f54a4,341a3a2aa8521b0eb280d0088365292f86a1d14f8398c49e0c6aa6ff6339e16d,train
/content/section_01_workspace/data/raw/spamassassin/easy_ham/00625.bc9f45777515eeeb8da0c8898c0526c4,0,d8764723fcadcb268ab6cb762ad5a138058cd4ea8d10dd425373830f3e882af5,ccb69e839f0bfcaab6ddd2507ca860fb15294b5e08dd86727a5ee61668b5b49a,fbf8c30f9609340032a91b9dc2f956cb9bdaa315ac448f1f09d7fe1f31250442,train
/content/section_01_workspace/data/raw/spamassassin/easy_ham/01558.72508aead37c2c8073e32f9e33e62532,0,68b41d2322c952987c56c05b32f9cfc2eed13590710aa1aea42f2a7d474724ab,cd7b9fbba306acd9a3350b3dd5d6f1f7ff961a36e3a655ed2d89e6603215a45c,525e281f34c2be62874a77bd0484dd08bd12c76a3c974588297d7263b297cec7,train
/content/section_01_workspace/data/raw/spamassassin/easy_ham/02387.9d5f4f48c229943053ee40235b3fd75c,0,318fbe5e6b1173e99776de3f280cb08a7f3444895dda6c039a6b1258f04dd4cc,8619256406f294587b1313cdd2de07c071b33d458607b83f1527da915156f17c,1dce57d4463d979ef4c53860037df7a0c612df68a416e2ef88a2121d9423f4dc,train
/content/section_01_workspace/data/raw/spamassassin/spam/00312.75c839d7d4f6da9e860a11b617904fb5,1,b80d512eb0bf54cc376ecd7ca60a8c1c7dcd8197df4fc4790748c5d7c603a30b,1dc1d058f854fa423f0f50b9f464fd48f2c45125e429eab0b1425380e83eec60,579665f2f2260b87c3731fb10691ff4b7f5588e0f6bed4d13747cc22a32726df,train
/content/section_01_workspace/data/raw/spamassassin/spam/00495.e22a609b7dc412c120d09e11544c67fb,1,a83acf8717c0915ae773d9e9cdb3c1113fc4ce6fbade9da0b3d6be9a7cd1d20f,f25cfa51a73fc320a0c7bcce8a08ad529fbf3af4f1ce75df93ce3369ebbd419a,3c346aa70675c339cd312a0dbe899d18bd88b31313bd7c56eddf2fb7481daea8,train
/content/section_01_workspace/data/raw/spamassassin/easy_ham/01465.b1fa1feb0603eff01231fa4a5a74cf37,0,ca8a439de3ecbc5e88ebc63dbb87d8ae525f940e0849c80d313f97bb78902318,29f334d2d55a355c372355110a5df9590a77620b29f6453b527fc8862fdb0838,533646c58231afbdb7b6458f4e5efc957f696c1647fb268f181f389196927b9c,train
/content/section_01_workspace/data/raw/spamassassin/easy_ham/01580.18d5a4c41d28019ab90c111133a07d6a,0,1393bd60a7d05d6c689c89a132764f07b791a4eb2959cf1dcfc645f1f08d5fce,7d28f6d0ddbda8e3a0f4b01176ee713699d92e64427b06eba87cc3080120dc4c,12e539640780996eba947a35bf7bbcc3017e8c73c187a43ddcf153fd69fffc32,train
/content/section_01_workspace/data/raw/spamassassin/easy_ham/02275.076ff76b138aa30d495a07d0fe3461bc,0,0236a4db975953b7be63901114915881138c4156592300deff65724ee12ebc52,7f7c87a832bfca3b171132f0d850dc5da2eb3fad986c5744247467425a225c9d,fb4d8dd1e2aaa9b4090c5f933d285f3a29a0b50f83e500b0ce201166e7bb917e,train
/content/section_01_workspace/data/raw/spamassassin/easy_ham/02428.f441443c176dbaf533553dd0f4940085,0,eafb2ead88d6e23ecf6aa940024bb348067897e9e3a34fd2a503fb05df55ce4b,afed930bd8973e7f9fd267f898d93812b97dab3cb602918ac6c7cc683a9c0dbf,33a4ae4890ba59ac090739a7d8e8ff6fea85130ba3401c808fda66685ed4f830,train
/content/section_01_workspace/data/raw/spamassassin/spam/00374.8942e17f10389fe620e1e96cba52c9aa,1,d0657ed7d502e69ce79e101bf4bcef022dc99e8cfffff9c524a483fb18133b7b,ade82d8e2a41ce10934ce4e04af3b580de5c0740dcafbab77af25ed9fc647932,ff96805f2bf4699e6db8feb64a9fd34c5e789d128409055b3b1ad35e880edade,train
/content/section_01_workspace/data/raw/spamassassin/easy_ham/00586.7ca83d6acc8e5b0e44b78a4fe8bab72c,0,6bd505561f54ac2d3b8c08d66fd21cdd85e0f3119c889d334d6237abbc05b3e4,fe97dca4cfb67893a02fbb410a1c28976db44230d3321ba7d446a503201bc0fa,14ed4375fef274c94d1975da6f981510ff4e0a0697ad180e3770923e1b2e7f1e,train
/content/section_01_workspace/data/raw/spamassassin/easy_ham/01864.5c470b3dac9aa63055ed0d4557f9c43f,0,d48d7d860b9af4de6a36c0dffe945bb27cc3094680e357a8b00bd6297c004935,89d8a82e1ea464978b88019974312ff206c44bc3c33c194695597fb630debf9c,305a759567b6291b63a915bd3909b685c4b20bcee4f11d091f2cfa50eefffbcd,train
/content/section_01_workspace/data/raw/spamassassin/easy_ham/00405.c838c0717624d85d5a53371fdbce5955,0,fa7df56626b820599b03ab14940fcd44ccc12d68b858ba80c6627101f9d3a1ce,dccce1458407d8d735aa2389855a6a0c6be2708999f3e67ab04cd120392ac098,789e41e044e4ba16caae65c3a6b4b68fa1b4c323aa7205ad7df897f29fed48a3,train
/content/section_01_workspace/data/raw/spamassassin/easy_ham/01054.7ed05844c2c47feea3059d7173a9f275,0,cca7b3a45f55e5c6ec28088d823fd117dcb804047a98b37d53999812144920b9,d211abdbca07e356dcc0053bfb18babf017fa687c6c264dfe21ea2a020541087,0d9a33771513764505ef3549404b8b8b72a5205546fb6f25a6b97c9ffc880832,train
/content/section_01_workspace/data/raw/spamassassin/easy_ham/01183.36c29b5d6d19a328c9928a157019a49c,0,7ff44e25bb034b191da4ca8d2dde743232e6f041dbd9c97d9ee7842f21d423e4,085b1619e251a62239820ea7929de973dc357a63824e5b286625dd2be916fca1,7f424ca4a614987c019af851ed0f7bfd6584d8d28df7d2737d7039ed52b9088f,train
/content/section_01_workspace/data/raw/spamassassin/easy_ham/00626.349d4ef602ebce0ec03f1505989ab135,0,c15a33e85321bf28f4660fc83c4c1698476d7bbfdd7e637bed3813fac2a35a73,c7969c03a03e183ee7e12b7040fde99384f690977c9de699eca713ae6f001d58,fa9d8a6cba879c1e8c76b0ee993dac6e895b8e2d2245028b45995ef8d44ccab3,train
/content/section_01_workspace/data/raw/spamassassin/easy_ham/00293.d74734bf5cf13ea138e4ee4df7555008,0,5c854357d0a8210cec716fc251e000ff26859c6f1532c049bc44f8bdefa92665,a69cdc396bbabde9652a1cb4d893e061e4ae4b5a6beafbb16325b0d164795c30,f5e2e305cfd0ae4e2bd92169c2e59bc769b101a9202e8a6491bbe6a97602c4f0,train
/content/section_01_workspace/data/raw/spamassassin/easy_ham/01072.81ed44b31e111f9c1e47e53f4dfbefe3,0,0143f0b0f89427e039fd67771ab8bcac5735945ddec2d7e8189bf376eac9539b,4e7998595bbefcf5ee7e3229fe2c26ce8aa0a8ca0e0a712e18ef9542289b46df,4f1b0d0b35030d593bbd637694a1b7bd83459cfe28eb9bf43efdedf1ccc2b621,train
/content/section_01_workspace/data/raw/spamassassin/easy_ham/00771.2ce14d08f77127e0720658404cc4ce11,0,b5c09dcb1956f59979d26342ea2039cd53269ae33512cd33219da9aed1de706b,e765033edd70e0b3349d4b7c1c24515dbb585deca71df423190e0d61e7c64da9,d5a5af022f677cd504ef20953c14bd10cafd592acab46034e22dcbf1a4e76bd1,train
/content/section_01_workspace/data/raw/spamassassin/spam/00373.ebe8670ac56b04125c25100a36ab0510,1,6029f68003d01894188344019c6c9a7333ad4d7951345b96c064d2939417f87f,c062a94ec60088ca33799e8ece243e5226dc5d066fbcce2cf715d92e5ccb7e97,85efece919631a6221e036e1bd1ed2f5e36603bcaf523976fc65422db8479ba4,train
/content/section_01_workspace/data/raw/spamassassin/easy_ham/00112.55ec2d4a4203ff075f5570bdac744550,0,313ff596812594cceb8c3bac3a550457ddb90e393d7c2099fd86f7f9319c9883,9eeb2052beac45f798049b5a13edf63d199e8332ec5764bd9a327dc3067ef6c1,962f3c41b59c4d802f50de990b85f385cb1d9fc2c33ae8dc47ea0afdac35e18c,train
/content/section_01_workspace/data/raw/spamassassin/easy_ham/00179.402096b649c7af65ed3b8b18ca416544,0,686610db561ccc91919f370dc86ab1c4d59507dc3e81ba570667525ae0107e0f,52d35dbfaa0cc53a95f5b66f44b630b041322795b6ef9bf5915411621a106fbb,6335b8d1380df3ae667f81e7e0abe302e09d9d57342d454602a9fc366f345d04,train
/content/section_01_workspace/data/raw/spamassassin/easy_ham/01307.4b06bdd9604366d63b4106aa8c715c06,0,7d11cb370c5409f6ea177792f1981a9a8f856aea4442bd1120133fba29eb155e,2b8dc6824892ccbedcc96e837e6555d22dbad041091c75701e1cd5ba63804699,66101d49a2f5ea3b166638356d6093a06a893ef878f361d8760aa4d2e56c6315,train
/content/section_01_workspace/data/raw/spamassassin/easy_ham/00503.8371a5419a277838b32355a79e9d00cc,0,7ed9d426e99e1bf8d668031fc26289fa6a7a33c7d9b815c2ed8eadb5f8f27100,e26289d8f08ce5214affb288eaba0a41cd91cb95dc7890f715d0a19efbb6111b,82a7c5ffb472ddf2966934be5f222c3e96ce3d5637abf6cdbd380fdcf2a6675e,train
/content/section_01_workspace/data/raw/spamassassin/easy_ham/00784.372fcb5f8a0507aa4a8fa0de1e76fe79,0,e81ab1aecbfd3adfe4ec8d7a588aafc8a4c25ca32bfcbf533b71a20ea25164a3,52a75ffdb3a10893682e13670d44f6ca7d15cd2b1cba6f602c19d84e0065cadd,d312cf2856748acbfdfff29d24feb09313dad721dc910853bc78389d44322f23,train
/content/section_01_workspace/data/raw/spamassassin/easy_ham/02148.b1943afbb4ceeb22287a67baa3ccd266,0,5bb62913667faa14520ee9f31028ce5e03b9e28f995ac1c3d2461ebda605dcd6,b3f23dcc551ff2bd2468e4bfe71ff9ac169602b17aff66c628a7d1d97a9ff275,bd168c788607c47432ddea55d2f1c9f45b6665230b3e5f0b7e05b052d701d1b2,train
/content/section_01_workspace/data/raw/spamassassin/easy_ham/01239.366f4cc20cf91bd48ec1645f27dc35b3,0,d29a70e6815d7831d3de368bd4a9d9bb3c83c480d380e849426cf14b2b023c99,2bf330fed36115ba187974df8e165a96ec097f9bc357dcc2c7516f4a18ba4fff,b8a4fe88a71ae255d9047f5a829cc2d48791e8eb9e29f32227e2c7cd3c032b10,train
/content/section_01_workspace/data/raw/spamassassin/spam/00303.22239f1393297a691eb5df3dfe7a5001,1,609ce0ed483ee2f20f4684078470c86ad071746236d02245a33335a8ab4ac783,4ebb4dad1a4389d9a2012cffcc31f2288fbac19d24bb666dfc4cfeb969121703,097c2711774fd932f3cc211bff366b1c3b6aa32085c51168833f0ea0c48eb33c,train
/content/section_01_workspace/data/raw/spamassassin/easy_ham/02035.842dff8f82400d04db0407a2ec98881f,0,c03a9759870fb4ce8bdf0fee039f0c0779da32b2950cb7b9dac63f2d4ddc3bf8,1b7405d378cb1ae6abf2de28cd66296bc36bc463b37a3737789bbdfca361973a,6f130910b2eec8e54b0cd54e38b0d3f2c2f56abf7397393b2a4de0818ae72be6,train
/content/section_01_workspace/data/raw/spamassassin/easy_ham/01118.fde67e178520cc3f2557da150983ac00,0,b7371f807c83dd400766c73a7f0a965ca4325ef9c1baac6fc44878a9dd842fd9,919221c983dfd7cf3e669522174e73ad56444adb9f1aa3661ae7d78a68738282,65e80613c4ad76bf232c533088e355bb764f6cd43c3ab8bc3a6f401a03debb96,train
/content/section_01_workspace/data/raw/spamassassin/spam/00462.868771c8074e480f540a1d2e6a5ac7cb,1,5ca18f579faec0e356d4c59f063d4752015672661811d62938d88990dd0a6e1d,d779e1fed3a4a2f842585616d35926ed9739202b79f34362e5a78ff60afbc812,76fe915b426ca8c3780dc3e8a91583742a0ff65417352364694cd46215f5a668,train
/content/section_01_workspace/data/raw/spamassassin/easy_ham/00845.c74b7d7bdbbbab316dcb7498825bba9c,0,78274e7bec07311c9502a6b03b8b8d8281fc8dd57a51c80b70265a87f5b9c3f6,b43243fbc4f1a4ae25a3ea817d0d197339630978794c672a5a88e43262f1c11a,d9e92f59f6d970bd055623194211153bc91ff0ecd3a5effb98086c0b6da1f2c1,train
/content/section_01_workspace/data/raw/spamassassin/easy_ham/01313.f8778c3339382c5514c9e201847f75ee,0,0e35d0eb58a6551bd6b9237cd83e2aaa126b7b221b65aedbb7b9e3f5661bd8f9,1d422281cfae3d7dd781f50825c7166c0c65dfb7a6eebfc788dbb948860ed3bb,dcea9e6220fef4c2c7fed688646dc605198a713ef8b16a0503832c0353c744f3,train
/content/section_01_workspace/data/raw/spamassassin/spam/00232.2d55046b9cf0b192ad6332545ef2a334,1,d24ba5917e9cd11b2af407cff60469deb5a9c00dee6f86ae15e8878a6036cace,00949f5a0c98e6c57f95343cc230eee8db6f05d4af074c58c3d16d52773ac628,8c4495fc820840ad7a3fc680e0400c076057ea9a479a268c7ad588df09f9aed7,train
/content/section_01_workspace/data/raw/spamassassin/easy_ham/00437.a1f4bc09ef8406e572438adeb849d31c,0,54c980b2ed0a61576a36a6aa6932951c9c85971ca78143377fb60c68d84f5a72,148ac4d294cbc50f2d6b6312b8fca03d1b1774e81f28f92a88135e61cfc9a156,910f30f2c7dc636a7d5bee023782dc71445554a593329312c0bb628b7e29fba4,train
/content/section_01_workspace/data/raw/spamassassin/spam/00209.5276f967533f2ce0209c1eff631a86ff,1,ae4887e0cb241fd230d6e1be8bc6704e12c6814e5015b5224c8489e093c2a0c3,7234517b51fb264e7f28a5bfa197f41a7a3176239b4a6ad0203c816894d1aa52,0faef945a7eb390ccef2b32318ee57dfc45f1c24a53aaab28382510dd0c98545,train
/content/section_01_workspace/data/raw/spamassassin/easy_ham/01552.340f1924ed7f83b0db34841845465f7d,0,39bce1f5161e0cfccc80fbc25d1557e3ee9dd1808f202561fca86acd3735c60a,e3f6de93e27f50371e31b40acdedece1fb9eb56cf555ccb49caf40f70eb30967,897c5c3fb63a2cb6d51d6c942eb4ff6cd775505179bf430e7baf32ebfcb37006,train
/content/section_01_workspace/data/raw/spamassassin/spam/00141.c30e993ea9a98743b0a98733bdfba8c2,1,32c76e97826fbe67e4610e5322f49ed41d30ddb9f52f70cae7875be75a695213,72b9a8c374d10a04911d9297d28d984c4675f383cdacebf25a049b4329211c7d,6c1d089341b9a3980272a83bfc28eb6a31476e2e073b6cec445e172176d259cd,train
/content/section_01_workspace/data/raw/spamassassin/spam/00471.fc87286572c99b7a554dc8c86f34506c,1,40f114e0a7c8cfbedfa7a32959903e9e0f2a0a9d73fa8490c7bfb092421f0e5e,2985655fe0456c61c8b07c6a4ca21142d92578150608e174607faccf4319c14a,83eb4cf8d45ebb1f835825dac9f541bbf1159c6159133a43e0a1348a0ce8559f,train
/content/section_01_workspace/data/raw/spamassassin/easy_ham/00337.2214ccddb3c9bd9cae70fc25dc9b1de6,0,c34199358bc45f53c8c36d43fc4836eb9619b64b25ba5cd8bc06c23a2eec4f09,ab4491a53b8ba8fa3df76256b61da0fdff011a528a31b2866bf754421f7dbab2,3f82b63d31fb135a26fa20d8464da8dad108c3c41f6c4f4b93b633fddf8942b3,train
/content/section_01_workspace/data/raw/spamassassin/easy_ham/01400.a654793f35a555abaef51abf76d47d75,0,c77182f949cc66bc1482664dae8e1f2de4a7d86a89508b61dc2c4b81c7412700,74cd9d92088da8f443376c740eacb8c77e8f0ed2256262667c8dab4788b4840e,b24ff8ee950f5d92b4421166b2f570d44eac53b398562896a8fb3f02311718f7,train
/content/section_01_workspace/data/raw/spamassassin/easy_ham/01015.8a6eaecc5bc6782f0f60bc0cafd412d9,0,475c384084f64a0768b904a485c2f272829323ad4a85a4a5b432407d1b72dc1c,499f162845ab0dc6fcbb41793198bae81bdac533612196fbec430bcc78c27258,123809efb5c718970b355ca8e47dec6e39001923bb9ab1383c9743a4e70cdcee,train
/content/section_01_workspace/data/raw/spamassassin/easy_ham/02343.5e52d740e7107ba7278b6d8451c2e181,0,0e56877d1a2cf780e5e463911f422a0557ec07d4fa384d718409025ed5fd27d0,d38fba6b6f28c4d16f8652c9d3a0779c3ab7f8f79e380ca7e5a32799e0519d91,1cb27d820188dca22e880e23495806e783ce0a1380ecc3e5c51144874ce1e0cd,train
/content/section_01_workspace/data/raw/spamassassin/easy_ham/02206.ea5ab2238a2d2a4eb62debb104235086,0,92c3716304dbfb66e1a8a175bcad469536de774728f4f98a9009042087925bb2,ff20f03d80f92cc52cf1f9c7d9e15f55b3da47ecda0101631bfd717b69ba7016,6dc4b5c8aadc5bbb23bca616718ac19493deeb2f70732776090d2e68bff97a6e,train
/content/section_01_workspace/data/raw/spamassassin/easy_ham/01662.4257318f87e53aa246882d00e42c67d5,0,9b06ff280d0087696e86c36f8e79b66eacc71fac1dd8e6afa906e72dedf7c493,371c6a7c3c9ae555498d81a707372c5306aab293c3b51f08bd7c56623f027ae1,57597d41dea62ad4104da5c6029aba885e5db004e5b49ea9804cd1887cf71da6,train
/content/section_01_workspace/data/raw/spamassassin/spam/00002.d94f1b97e48ed3b553b3508d116e6a09,1,b184009ede9141f87a8c76fabf2a23ca388f9a73cd8667401db349cce999e15c,b164ce368f2ba5d2f41181cb53d586571ed294e9a6bd5a9fbca31c1ad4e69eee,dc9085ca155ae09ee02add33da37b24f1f7be3094c465c64ca9615a32758d5d5,train
/content/section_01_workspace/data/raw/spamassassin/spam/00459.e71f7a769d6b09c6d75bfbe8711dbbbe,1,aa02c7774bb58b9af0317386e196c8003b39bffe84d6f8c7d3459302ce1c5b72,cc212aa3868235cbd4e564fa1dc5988a1e43bfac668aab9f6403a93347f90dfd,dfe5948fc0cf7757d44000bca145048198ec749d7264513d2a463f79b1a6b22d,train
/content/section_01_workspace/data/raw/spamassassin/easy_ham/00946.36ac3a6b0fc1b34bb8c125fe75cff193,0,b675a14d5d0223cd81d25caa39203f8e0d14a56949724c7daf1d0565a54d67dd,3b11e0ebeffcedd2ee9c8146ae343af946f4051c0987c3dd3e2e8073d8ae2871,093ad0083a83bfbf4a004c348bc4eb0793bc76a1a3fc6c6834dae13f017cb1b7,train
/content/section_01_workspace/data/raw/spamassassin/easy_ham/00731.23dbba60cc6ea56f735599461109200d,0,3917f576b2e99ce7ee6d8d9e172e78c805f5c8455fef8e65df6d0bbed9f3df7d,fb10502f3dc23237091f79b91d6f8fd499a04a809461d478f86d0e4ad0d9113a,a98039e92a5f4e8c265add75c8008e651d7b4821306a4a11cd1d06081d7110b2,train
/content/section_01_workspace/data/raw/spamassassin/easy_ham/01730.3d930e2d4968f325cc6a773df09e8969,0,f1e25fb636d7ee1d1abcd7282ed59eeb928da9c7b8f2e7d488595bba81b31e11,99e69fe23019ece62bcec99144a1799e0a7bd06b85e4e811ebab5f2078786375,f8f4768439b55a9b1457de6aa7ee67e8e1f0cf67099ac8faa733e39e2c625b8a,train
/content/section_01_workspace/data/raw/spamassassin/easy_ham/01990.39a9a025cc77060562dc4aa2558c9bfe,0,6f934d769d8e8049c26a31ab4ee0e87ff654e09419226550409d1485c84daa09,0a2032d36f34fdd4a66fdc7435389fce223465fc7ffcc69ac3b62ffe24d0d69e,fc885f5a05e0455c018318405c8037424b3ebf6643c0990509c50e7637581d93,train
/content/section_01_workspace/data/raw/spamassassin/easy_ham/02499.b4af165650f138b10f9941f6cc5bce3c,0,3f027d534d9eec955434f2fb4ac4a92474abe91d0ff2b7f9b9f657a849eef1e4,ebaaf8aab6899dacd1593094bf219125c3f1a8602337965f42f618dbaabea868,c35c16d67406476aaa0c241f784f5239906f665dd88c784da362e826efc231b0,train
/content/section_01_workspace/data/raw/spamassassin/easy_ham/01675.5e3a4fdad399e2557d6921d7e938faef,0,664d6dd82db033e253118f9080b49f52a2fc578a05e375dbe8d3eea19eff2d21,b45fad0ecb240a5e24a8dcd45b5a4804a29b398e3b8df9c2f4698e0e94f99b0d,8e8168da92a5ee03e752b08d89031185368fdecf10f1e4c86299d480bde9b73e,train
/content/section_01_workspace/data/raw/spamassassin/easy_ham/01680.3c26c587b4fe3b681981c38f90593e02,0,b738aed5ac6d161042f7a50b857b94120fb8909c859cb0e5340d07e55ccf2525,3530b9dd447aaff2d38e8512d3feacdfc6defbc48c0ef99362ec788aa4b4d30d,6590b19e4cf960782fca73168022b8ea928453adf2aa8baadf34694265172b12,train
/content/section_01_workspace/data/raw/spamassassin/easy_ham/00862.b3e793b7c8e41cd45a0eccaa7abaf722,0,be30dd9825a436fd58a9efcdfbd194b345b98805e3509a8fafd7c7d24c01ca42,7b59e329bfd2603b57ba0ab6f0978721953cd2d67ae56641b2cc73e9af1bc9bd,17e802ddbe239ebfac43c21764f11bf8ce5c0f49498968b8ba65d284141d271b,train
/content/section_01_workspace/data/raw/spamassassin/easy_ham/02380.25e823fa7a52cdd64be4b53caf862f34,0,4fbf3e0c4b8038c7f0809234a9a9a1a3e5791d732db368f8258a62b090efc0e7,a53f950785beca9c80c9fcf08b269ed59570fc2446e45d2336cc661e46ad449a,67bb822d5c8945a7535a2f19a75c47f85cf0b1fbbf6fb225056420610b438680,train
/content/section_01_workspace/data/raw/spamassassin/easy_ham/01823.facfb054d9543739725ce71d1c611ade,0,528ec8e44c0b41ae8e3fcff6cb6f45acb5b09a5875fcce1fc33c703646890dba,f163817272aefce7b4a2d9b0001996af5312c2851b50abfe628386b4afd5277e,521abe97c873956106c8f42425ec11560ec2753078ff58fe5b9c020fc7440d55,train
/content/section_01_workspace/data/raw/spamassassin/spam/00260.c75ce8b8d8bfc55723426979d260bf61,1,de0e8acf802aaeb9fbfff434a02da21aee59617cfd5755e7d4f3cf711477bc14,9d92c76a07cfbd2c3b6fa75134bcb9b47dccc4da4e002245b41c43131a4de26a,ea1709e1f9bea932eb0d5a670c9f79d7505bbf22783c5bdc25ae418586113d43,train
/content/section_01_workspace/data/raw/spamassassin/easy_ham/00396.e9b98e25827d06c7a9cc304282011961,0,d9b2c96f48c80f2fd7af3ca2488334a73eb3957a3013198914834255da097224,6af91ba7cb529ba3d52e92a18cedef3722a9be08dd8792b6c21d61481f184f6c,55853143f0200b659e6647822154de991226d65221f182ecb886b64f338fdaf5,train
/content/section_01_workspace/data/raw/spamassassin/easy_ham/00931.c27bf5c9bcb24c213aafe1b28fcbcc7a,0,7944c27d25d29dcade4c3d79bcc61d90f070d25e5e920f4d9f7841288277f4fc,211d5f52531c140e730723b014743f93373f594410446cc060424204d5745ab5,ca508c5b65fbb7f8be62a5edab2f50a3764ac6318ff1ca6d8fbdae9316a618c7,train
/content/section_01_workspace/data/raw/spamassassin/easy_ham/00636.f15c6eabe3d5204cb8704b0a4b845403,0,1eebc4121325330e5dbc58585d22834f85558efe4140d969aa7ca910691f25a9,b1a4f0faf58e163358abd893ca93407976f60ea3bf20d5167c1b736f615c3906,85925d2f15b9135a0c94d1f0aa5a5c0b914a58e83e495b83b972548e4442361b,train
/content/section_01_workspace/data/raw/spamassassin/easy_ham/00654.820dea38bee9162874d734e791ef5ab9,0,4aade90e1637df06a3eeeff98d46890c950e9dbbc4c672c9b5e52ea5013c593d,f479d12c56ff2ea797316caa184de2b42453f4672e29ef0ebed10325fe716ef4,d8041ca0e17dfcb8de4874935342d623b02f13d41108233e4ab1d08b365069be,train
/content/section_01_workspace/data/raw/spamassassin/spam/00080.5a7386cb47846dfef68429241ad80354,1,207c3195e372dcdcd0009e92bdc020c0b81bd8f777f6685fb086cc4c74a16915,0c926734ff41beb57fae9cd10c9d08b21fc4495164d5fb60fe20a68fb26b63e2,4629a1d506d8341d70658f0cd34e24e1046bf51c4d5378d4755f2fd42595aee3,train
/content/section_01_workspace/data/raw/spamassassin/easy_ham/00350.b01dafc878fcedbeee6a4d7c120ef0c4,0,2aee48c8a9a889575599d0c5ca926ab251386abeb932b68575e6ffacdf285cee,9475ce8a9ec3b03d997f00ee538f4e38a15e5eb7c099c1a6b741735549e3568e,9a542df9c68341f060021e65b75b293bf014947116fcafd60c099fc30d6d6a8b,train
/content/section_01_workspace/data/raw/spamassassin/easy_ham/00904.42d2e7951496bc3b1ee4b67185ce2746,0,852f30373f3cfabaadd87c732873bd73d22302f66e0225e39658e03603c051a0,67f4010f49d83b884978e927aa133093164f17659a4033f590067db0023e6b00,80d3a4e93ab2dfdc7bda69fcb59c58140aadde1225f36005a817e38fd7b18053,train
/content/section_01_workspace/data/raw/spamassassin/spam/00316.311d11f764c6e452b2f0208b53b94ea2,1,0a2e75b01730f1d8aa87768a0cdfa66aa5e145dce3cc21adad75f8f27c77123d,4bd872d99295109a5da96c77699aaf21387bfeeccb0645a388ecdf6bca6abd58,f7d97d44a20585e73faf1fdc7fe8b519d42d38160de5c17cc819d8c1c2b3e1e9,train
/content/section_01_workspace/data/raw/spamassassin/easy_ham/00033.2ceb520d2c6500ccf24357f2ebdce618,0,e68f2e166e5f3f6196168ed0577f73ee838283dfffa44f3d3b4958f39b6eb8a5,3d0afc06cb96201c08de85fc82c9ce6a644ce2f4833ffff295e1072b03f68888,ae056100493db52fd971f6eb5e16744e4c6cffb199748200a245b6432f7bfb6f,train
/content/section_01_workspace/data/raw/spamassassin/easy_ham/01496.eb636682660e89dc6411f4587d18bdc8,0,513b3484effa423d4bb8de69fd22ac39d341b95c5220a9d8c93c937b7c3c24f5,7bc09a2347a63659d061e61cea918480a0e17a1eb26964856ba29f573e53a8ea,34e509931f31a05c56dcedae1aaa57199aca945eb1ba6d10498506694d6a59ba,train
/content/section_01_workspace/data/raw/spamassassin/easy_ham/00109.bcb73e4561798e05f2299471ab0be1bb,0,9a04583ae04edfd13d918a497b965f56d88f7489faf27f3d2e3cc93f8942ecc4,68aabfda2a21d67169b2ad9c6d9b75f77faf814bd6101432992570e0019da8a6,42520cbf4d4f6ce9a1d0a9d3e114a95d2208d8dac84f1dc2a17b11ec84684bc0,train
/content/section_01_workspace/data/raw/spamassassin/spam/00105.00951a21b8464f4eb4e106d6b14c68b6,1,5f8422ba715f261bca0dbee012e0653eab4d3b51a70559a7599fffe80dcaeed5,304fbf823cb5cf3790d605d4943a8cd5d7f606095662326f26e007a4375fc50d,65b967530c4381d48446fb5b2d4ee9028fd5afa0d9d25fd120b8bfa7d05d92b3,train
/content/section_01_workspace/data/raw/spamassassin/easy_ham/02092.8d8d4dc1b4aca7317182db0d5deb3504,0,5f0990e83dbede0a80ff7328cc3d8e6706788534e1faedd2101419a19da93167,5fcf2ffd7c111a1f3b1fd49a4c50886cca8ae8672f725e50261d02bae5c1050f,1661188698a7ae1ef67286938c616e5e09db493e7ee8dc2e332dd3460bedb30c,train
/content/section_01_workspace/data/raw/spamassassin/easy_ham/00110.1e36beebd2dffe60b0d8f68d82bde52c,0,deadbd8548f613ad2266f3d20ad076168d353d87196f649f71cdac9bac905251,afb75276b05694819a2a078df7fd1011e3342baea2c58841e03f4d70a24dd086,0e68b63d81a62a6bab627b6315d91a886cc13620d3f46b7dd4fe1c68dc20197c,train
/content/section_01_workspace/data/raw/spamassassin/spam/00227.1171cc6d8c586141b4110a2abdccba00,1,03d402d1641ab499b42ee408dcd3a2ebcc6683827dcee412047b69b7ba100e59,22b339213460e68cd8c3262a89093479bd465a038a0f77413deb0d9f12f5a9ae,bfaebfba474409ae48732ff5e1d4676d5e7a312096929f301b4156f86ece530e,train
/content/section_01_workspace/data/raw/spamassassin/spam/00311.9797029f3ee441b00f3b7521e573cb96,1,02089410f977f217990cef99b02c145d5d7a813023a5bb7d2ef816185adcbc0c,5ee8463989564d5f6dd03e1e61b921f1648eb3b7c3132f0b5730acd2cc799944,70d5995f31753aca8d474ffb296e0e8c64ebaab4735fefeb5c31128e994a4bf0,train
/content/section_01_workspace/data/raw/spamassassin/easy_ham/00126.b0a45fbc9d8f9e6de6be5d3062cc91ef,0,d3bd6a037f00dd9af2f4b5b79bc1c88cc667be10aa3f98b2b0bc0187ee345891,68822b9825c61145d4870271cad4effb379e27bc9d0bfb082267d409b25dc21b,9b2f046283057d2890cdc317f8dd579f8dd11a96d65c2d0e48ab085407692ce1,train
/content/section_01_workspace/data/raw/spamassassin/easy_ham/00132.2eddfbbe44385a450eae4ee89da0a830,0,f1abc292561f5ae4d5819c1a8039ca621c6108eddce05f965896314f4726c5e7,68f06377e76e0d17d72dd64202866efb8bd3801e0fa27f3eaef29c3ddd60235d,20db07731fa3977ddfec231fda28f0f8c3e3220041b41dd54b89ff3b3a849e99,train
/content/section_01_workspace/data/raw/spamassassin/easy_ham/02353.d1d5be2d594526feaefe01119c9b114e,0,d023be342aa4882bf4601c3ee957269ebebdba426c026d33fcb4037b8c4a804f,7560358f9d91ca301eb773d499f07e45e6e741e536d89b85b35ca034c441980c,d3e2350c5192fe8a08ca6c4da9f90441548cfba8faec565f7f1cd027f6809201,train
/content/section_01_workspace/data/raw/spamassassin/easy_ham/00752.3ce51c783c3d6160d34de35e429dc470,0,3a87ac1c3a41ad20974fd62723851e2f22de5734837da0094b04ad3852e110d6,93f45b8244d1226f4bebc53bc8e31bb0fc4205961ad702ecaa936c4c5050ac32,bc2a27a60fcc46b148220df7dbadf5a2bf0f679d3523fa1477fe4dd6f16a3035,train
/content/section_01_workspace/data/raw/spamassassin/easy_ham/01207.3619f002d359bc9c29090c58d7c1b838,0,06c60c1a4576b31333c379378b25846a467abe3a3fff599acd57284e9a5c20ea,21991bb386a8285324ee55839788a033c3bbdf6586b0050e73fde93c73921790,e18fb3b9f5c5efff7968f523e29e195ffa092a41258f98406f1fd40cc286d7f7,train
/content/section_01_workspace/data/raw/spamassassin/easy_ham/01322.3fde258b3dda105ed24385384566c2e8,0,32432511ad849bc8cfe1cbdd31ca5e710346483015f50a5a0168798ea38da2d7,0863746d6bb8ebd141da2d32986712e4caac9d1730591d0da28f13d980960b1e,8cd9afc95e49f8a844cfe306babf0bc388140315aabfde1b99e2327f92e95ec6,train
/content/section_01_workspace/data/raw/spamassassin/easy_ham/00336.6d3511fa350ee5cf350ec4827fab5100,0,dcc98ec0f5572b99b05f609dda7a43d5e784c2a910546f2d0ffe140fbe264e5e,96b7af67d5e4857c2b4c87c498c2ec22223dd7830d0ff4995005cbff3eb4ca80,aa6f65135b7a4a64b67102a5257b1f170f39f957c7799095bc4836e2c24b9639,train
/content/section_01_workspace/data/raw/spamassassin/easy_ham/02016.bee6489a5881c10f72f8fc9ed69647c7,0,ec3e0691535656f20486dab51a23301990e89af20c2436775d39728ab33e33a7,2a80e374303fad9861786b6db6790006ac91e43fd16b637d2dff16295a94a040,8f37c18669ff3555b200ec501be24dfefa0f24e3658b67b86a03cd1e788b4b78,train
/content/section_01_workspace/data/raw/spamassassin/easy_ham/00534.6db349fcd98d25f61e5bcc4552b45f57,0,3d7061808dde18db99d18b6210aae5ed6a20dda57df92ddf047415b464edc81c,b79223156214fba84c6b3dfd974b4f3d75a06ad7d70733db41dfb911db98811c,affdc69d4f3e6f1268acb1b9c7b49b117306259b1ef89b098e7090bb66ae8159,train
/content/section_01_workspace/data/raw/spamassassin/easy_ham/00240.6430542510c59bcb5e4cca0112eff3ac,0,40ac88d7f0083b05280536b8cce8c24fe5479e071eee72778bbe927e2e0f3ed8,bdea45ab0cfcf4aea51c445dee31010627f188d645f1a75455080bd28a11f357,e36e43826d9d69575569b2458202bf708c1311076b4c16cbc560b798be942e0f,train
/content/section_01_workspace/data/raw/spamassassin/easy_ham/00915.22a9c52df39c264be488f62bba9d621c,0,712bfb171607abf97a66a66381784ecffec85c7dbbc6df7a5fed901921dbffaf,70833c4c2ac54d37d7925b99d4c6f695c6b138ec0dbd9c6147a54dca186babf2,6fd78d687f283cc9a47e3de7af9d81853ae97915de078b1bc67ab711410c4a98,train
/content/section_01_workspace/data/raw/spamassassin/easy_ham/00200.883884dc35bd45feb65b9a351371a7c9,0,dbcb9fc45075549683f11df17d3aa6f3f941843991e5f28aeb0bb55d7f0adbb5,11243f90f1c90c75a644cdffc24253f255d086d6e1064e60ba0be44911d8be1a,d4870cd0033317512deafea94abb8a3966683beb1d36db33885dde6f83db9380,train
/content/section_01_workspace/data/raw/spamassassin/easy_ham/02100.9e565da6180ec3bcba22c6de299c27a6,0,9124c15627afeed75e1e0ea24dd48964d17ffecc2352041eb2d7c56e89848db0,d2680bc6bdb18ca34bdd0b791801db757a9d80395b468a6f64e6ce3f223cc09c,a056b8c34c687f7b94bc77b9818105eeb854760bce23c8d598763382b1b2d031,train
/content/section_01_workspace/data/raw/spamassassin/spam/00363.e6935b8f87c5984a5c6f6656afa1afb4,1,d18ca9e4b09a23dade6d745eb4e6352940da47c930fb6e8653dfd804837dcc13,61f563cf8ca760717954244177de4c1546bff4a7ad3f98a51ef66defc7113766,4a49dbf9c105a4e814d2bf22d24b2e53580fb811c552b440cbac9071e7799342,train
/content/section_01_workspace/data/raw/spamassassin/easy_ham/01227.0c0989577c7476c986aa5328e4ef6118,0,55367ef2a0405722f5456d4160148a97d46e6c132a6526051f88e546b3603b59,86d4f34682c326efe9187f3c07cec6f70a86b12c1c38b204d18b3b2942d2a71a,e400086b60a879c65ea32efe8eb18b12cd572108b0faf54194242a227ff9b72a,train
/content/section_01_workspace/data/raw/spamassassin/easy_ham/01317.55468871d6f7618afed9a0b07ee2609e,0,15563d742a43a06d29b407f70d3182d831a43f7e66b17a25b70902858574d680,5adf61df62f5d05de5937f99d894b167f9f115c686d21e32044b3497dda4229a,2cd77227d069d4c820aa6830163931a5085d459561cfe06e0865d3dc4c1c9a9b,train
/content/section_01_workspace/data/raw/spamassassin/easy_ham/01388.69b4bb3955f65fc32e46fa6e45c65539,0,1ba8409dad130a90ab67d9f38786edc7e0959ac7fcb5485322aa1b5306a2f2fd,413c20dac0c0ab1d6bde3bbb79e3b31de64fe1b17460fb55da0f0e6ca1cbcc05,391b1e4e7f3fbb6d9f0cbfa951d56d1c7acd6ac7dbf0029a4cccc1046fac7fa5,train
/content/section_01_workspace/data/raw/spamassassin/easy_ham/01790.b34e1f2eb1469c7eca5e14f49bdb1956,0,c43f8d03be42f095c906ccad501cdda93a52710057ecc82c1c3e266d5b6ee5be,34f4a789d853de255a905e060b77c3f45dc362542621394d212c37d05fd1204b,919e1d6be76b034303b4c0bf31fa980ceef7fb58bc2d84535d2acc30bb4eb398,train
/content/section_01_workspace/data/raw/spamassassin/easy_ham/02410.1e210a6beee21bbc102e8a45e80e7f2a,0,ac8687afb978e4506ffd87bd075e534e5d319debdc8581d9f70e660d2e1f09b9,cdfcaeb9a32f0c08653f4da0fd60600fad47295f4209767b6a60da44c4571f4c,15fb1c829971ad3470f0d4bdb9331e8863fed106918f71d4fe53c955032ea233,train
/content/section_01_workspace/data/raw/spamassassin/easy_ham/01524.59942583cc58fa95ab7d333121598c2c,0,8bbf7771c47effe6908aa0da609233b7a776254d8ebd0a27b545c5a0d5cf216d,2057912dd764bcdffd989884e55fefd58376bfab1d477b6d0f7b944c8318c0ec,80ce6cbbdcec723f35520b533e0ff219db50637e3b32b9ee4cab1c2da67716ad,train
/content/section_01_workspace/data/raw/spamassassin/easy_ham/01503.5e13994a5676296ed31b14e83367031c,0,12813495193fad74628cbf64cf5be9c895559aeeda26e0c4032ff3630fb930be,f017ad17d28fbeca528cb7891dcc28293337bc3c224a348ea44c3bbbe165c25a,08f60864fe13fd5f66964b113ee98c0b6e7160b568fde87b4b54677a989a147c,train
/content/section_01_workspace/data/raw/spamassassin/easy_ham/01637.cd9dec755fc9e6d819137b8e0111e031,0,4258b127519918c7731950afcbc1d29606edbb51af79d504f1a6cc0642724a7e,d60bcc9b898ab71324c8061521d72dbfb1d1f9b0236bbbb2346eed8142ea915a,d9766fa3a01a8b78e84ffa345ba8f43d29c4338c6c11f1eb46fc9a270193804c,train
/content/section_01_workspace/data/raw/spamassassin/spam/00357.b523d4209d633d6fdf86b93bc19e3aa2,1,d50ad62c8c4b2162ac61dda40e32b862a1f3cd396975a35e49d5fcd8726453a8,31c700b20b012a725da73979ed970ee5b65051a75854766fcea7e2b5cd817ad6,36dcbb32f51278e75a5c1dd6513b2909515b4e6ab1b90b84c1f2b2bb30ce15a9,train
/content/section_01_workspace/data/raw/spamassassin/easy_ham/01004.beda866d3cdf304a31d178d03960a3f3,0,1f6c4306996855423bd8f1623d37da8cf3512a1f05f46b6d0bbc104252d580c9,ddf53bbbd1b22397bd30f3dd9991810c18e8a53ca8f295863e858da8e8fd1706,5d4b2cad4439cea6ad60572dd392a9b3da6988d1f2a8939a38b03fb1610dbdf6,train
/content/section_01_workspace/data/raw/spamassassin/spam/00484.a34bda1ad8a88b5b21b13b8ad05d0dd3,1,aa8b519ee81fc1e3ef9e4be7544e8c9c1b005bc4b96e5018319d7dee2e3516aa,196ea4f02b614b36bea73bf8cc5a4a37c1c8eed15a3fe8c2783ffc9d9fbc153a,98b24e68bceb9e0d7aa6539f540b71192f20a28ae48ff0c18a4d63eed126f29b,train
/content/section_01_workspace/data/raw/spamassassin/easy_ham/00024.59c2cb781c60594315241e2b50ea70e2,0,a51d2004e70b352ff32fde99412e62a1313c780236f44d8952ee025036731cdd,2a3b2de883589dc0046eedd80d1b273a6c4ba8a11d9c9fdf1fbe7a15bdf80697,3f606936f2b9feafa9e86aeb24899bebb339eb793b6760e48dba33df8e0f98b9,train
/content/section_01_workspace/data/raw/spamassassin/easy_ham/02447.5ecaa423bfa4ab050e5b9a0a34f6191f,0,ec210a71d1d40f32a5402fcc9a890e635c5ee4408e04a5f0cf38c89700f65f25,8b42ee8ed451ecbd421bfd7f6a164867809a8d5a865430d81ee62855a6901151,4dafecfb1899c205339f7fe5c446ccba685dba1a0f6adbe84c7ff1ddc67c9a24,train
/content/section_01_workspace/data/raw/spamassassin/easy_ham/00607.5032b5e20289cecc351fc872b92c2003,0,971e8126404b75a235924d91244145d27533a5b301028dd433544d81df7e8320,6af52a0faaf7c9f1c437f028ea6c54a3207a92af54f7dbfd446a4ca0bde82b4e,4b858772525b3579ffffb1bca42bce342cad0de5e0c9578b0ac9ce0f9c4bb1d3,train
/content/section_01_workspace/data/raw/spamassassin/spam/00267.ef433fb350170f28a1567cbc24900e53,1,5c24d6e1923ba4640ad7a4542ef55b193013583c952b1c318e4a8999b667c0cb,e7a5d497cb1495b5e0c9b144be8d5de27924d3675f8fb44dec61e42e182c2795,1955d4859b79f7cc7544804688b183edc7e7d09f972a3b668083a4f43558f87a,train
/content/section_01_workspace/data/raw/spamassassin/easy_ham/02192.41f1b8c296ad29aad5d34d66834cb265,0,765c362eea107b106849dfb36b8b08796f5afe639967ea899d53861e171e0444,b75484767d13ecd975b06b137869845ecb124c9f42368233f642f7ac922dc8a3,a12776b2829c5992aebd6224b234871c3d3427c79cc4e5eb33fb4f4dfadcedb1,train
/content/section_01_workspace/data/raw/spamassassin/easy_ham/01047.16b625191a9dc2f7b4247daca75866a4,0,72898ceb83e61e60f8ebcce64434d3e77ba18e445503c503f4a81832f216f583,a1f582608bb9a7591869b4165a90c5591ed92318f4bad0b9eb8592664c4814c4,c15458051b90de708e41e7669e1f723f00d0feb7cd0af68c7df2955100cbcc48,train
/content/section_01_workspace/data/raw/spamassassin/spam/00410.b3134c2bf520f95f9b90d4aef4fdd683,1,3a95f253d32512f67a14531d715917e4f40c1a1850c2052ff9523bdf0b9efeac,ab0a3671463a280d7bb1748af480ff91681c5b07d660b769299a982268c22b20,9e91db8b3b29ce39a5f0057bf1b62efabd9d5ceee363393b172403edce101305,train
/content/section_01_workspace/data/raw/spamassassin/easy_ham/01841.f6e93800676ee7030137e589a2906013,0,a936d5c845b5fc622135d45459f3a628741907f892516861adbb9f2d61511540,e6fd2e1d8fc623ce8a93aad38e5d7ac08f3e96fe484d2af04623bf5511fc1c13,b3b169b7b52e770b9d318ec8f68a9af89a9e7fe81c50a9797b8e36a0b685de5d,train
/content/section_01_workspace/data/raw/spamassassin/spam/00421.ca2fe949a956845a9ba81c649a7db6c0,1,61f105c0b8d62bfd53dd24ea8a9c676f618161b2daa8b0672887d3e9fff81891,2c3052029bbdb2d0e79f015f758e240d3d5ac874119be25a6b6e46bced83171f,1b585595d155f28a41a24b84355b242e1ab3370714654f478b8af4c7d270b8d9,train
/content/section_01_workspace/data/raw/spamassassin/spam/00482.980c7ceb9333bc5027cd8d1d360a8c6f,1,ff30b5937f313b805ffed63cf83205aa1475c0ef9ef5b04e29fb85e16a56856f,183f6e7222095f499974a6473fb19b61e91de31aeb6e4fc798c0fc5d39aa4e73,e6992d31461b741ed37925fe0c91b664b933f9bcdf2eadb7c5b797f5127f9260,train
/content/section_01_workspace/data/raw/spamassassin/spam/00467.5b733c506b7165424a0d4a298e67970f,1,9f56ab99690685c7ed2a379990d66548c032e94f3b91394d903cea769c1f1438,a1d2772bcddb126f1ecf82c23f1372507fcf5afd1ec8b96c07f46445665478fa,1f42b93afa6e585aae71efdc2a3cfa30cf86aabb1b1e32b0f709cfb9abb3c1c6,train
/content/section_01_workspace/data/raw/spamassassin/easy_ham/01585.b819696d5221a8f929902b77a2fc966b,0,6e534827273bbe679c8dff2d3edc6b0a3cef45e455fe01630d347d4c31c303e4,987c5ea3d2bdbcceb9d62307bfa2b817e02a25858407a990facf3b11cb26f7ef,3dbbf9be6686026e5f39c7a5858f7670f34c9400db9a0a781efebf347a96459c,train
/content/section_01_workspace/data/raw/spamassassin/easy_ham/01716.8e1547062c811ff9b62183ad65bf4ed6,0,932893a3f4d7c8358fd690c0d740e0b852232ec965ecd2b3f3a5de76c6cb37f6,b9b0a53fe4020a070cbeabcd4f910ba6fa81a96adea739806424ed4b68b8b579,50a9d1c8321d29535b9ebb84b18bb43c2fa12d372403134c544654d561fb6536,train
/content/section_01_workspace/data/raw/spamassassin/easy_ham/02371.32a223c606465d39cb1788f4dde71017,0,5615fd1dd09d2ed1fd80182623f2f78a1b5d7576bab5037f536581b83f55525f,32b31b2dd8308b27ae551d9245492f6fa50a3341a5b5a1c74aa23725f2e1c905,55da89bc44c4500fdf9eafc5ec44005640747fd83d9e04cd8080cc4b21c38009,train
/content/section_01_workspace/data/raw/spamassassin/easy_ham/01564.a9ec7dadba295233cc729b3f7410e983,0,8debb0085ab0bf6dfaff269604c654f1f7092aec390e279019685f6154c0a82f,34c9d19777a4c2be1010c6170e9e9466804fdd7264bd13898faed3ef23a27677,47911a05d5d5dcbd9f989c912c996aefbe47e082a2161ea36941ce9ae1bffdcb,train
/content/section_01_workspace/data/raw/spamassassin/easy_ham/00135.bd3bc1c036eab89c9c50cff40958c939,0,f069e7ce75b2accfafe57b631dc59c35f527fa5ac78af305766acc498d713134,2102c816caa709e16036accd4fff7163644c216e3078c96d097a6d2d5cf1900b,282cd1012c99cecb9c61e9d2ade3e1e6b14d8ce8135517e6992eab2ff1f4aea4,train
/content/section_01_workspace/data/raw/spamassassin/easy_ham/02431.00d4789f409f10d1047e13e6f9138282,0,2aaaf0ff3176f00473aa6902f065750097d27c0f8df983c9c5cf9223790a5a47,b433d73116423a4a4291cff095b33552ccfb28e38e7c48c5e6b131779d7b9ca3,c374087ba8370a84e8479676e950121540990a7cd8dc61e035552c746539f2ab,train
/content/section_01_workspace/data/raw/spamassassin/easy_ham/00494.ba6ae1d625f2a4e039f6822868ee48ad,0,498a088136daade5fdec0341da10c1a2cf11fcc726289eeaabf3b27e9652712e,86b515730e0445905f503bf4d9f8c1c8880e96cccb6a0ad69838395f5ced2ea8,b3267a2d70e5fc6c489737ea42e09b7d138aae75dfe33f35676a5be6f1e8a895,train
/content/section_01_workspace/data/raw/spamassassin/easy_ham/00739.9034df113ffe0cff225c698efcea7426,0,f9f1fd45ce08e11fa1902403e3be0174c71efde2214e9c10d36106804a389756,49e9ccea276c6dbf710ecec96ae78c97ff74d80a880efad594f81df77037d87a,32d6c67ccf44c8cfdb3055bd0fa862ccdaca14a0bb37cd9a39031b398c201361,train
/content/section_01_workspace/data/raw/spamassassin/easy_ham/01964.1aca2f1241d31ef4b04d07804347b592,0,f3634c89c8e391b4deca3a2bf9a8a38562773afb856d54f69be787136640ac4e,3244419d4adc68603994f452bdc5db27550c1c19290b27a8b7a3c82840d1da17,c5461f87bad4d6485630cddbe135cf27612a4d97a2b8c0a1aa3b77f042e3035b,train
/content/section_01_workspace/data/raw/spamassassin/easy_ham/00994.63ad3cd73487972bfc2eb3e78e2e7cf9,0,fa6671458795adff46fa18f8a2ee2d8ffe874294dfe3f7e49faceef2385b1fe7,bb2c2181669906f6086ec3bcf36a523d75a893302321bda8ab11854bbcbf2641,6cb5a93c25c678a487bf57695bac439c7176b1f9a4e7f799f3c539bc6bce44af,train
/content/section_01_workspace/data/raw/spamassassin/easy_ham/00052.c6c74aeef6d36423f57807ad4c901dc4,0,5e6e21fa1f6d58ff893e392823c2b943e5f55f1d976d9a819f695b38f4c62cc1,d8a5b1b952523a3f4a60c9c9e506c824a0a7fc85e1984cede4f0cd40db104f36,3fff3254a8a368f21d4720723101c04ae7716380c7d3c8a14fd3d038f12d47a3,train
/content/section_01_workspace/data/raw/spamassassin/easy_ham/01907.e3d6292e517c3efb5e11773790b9be4f,0,ca6200684c8a7ccd1b097e20ee955417f07fe923c7268fc534bf9506588d185d,89afa24e845dfe1c7a523f3a028bce84372a5d213d1b51386a3b45900cd475d4,9ae9ee16eea083a8cfa2fad60c5e83acd986689342b93d74bac6e53798d74db9,train
/content/section_01_workspace/data/raw/spamassassin/spam/00161.ae33257753c9bdaaadc9221347868496,1,56f8b6ca6c7cf0b98d70d49660eddaf723b5510baf9b90fdcdcade4dd8a3f820,4e01a3f2c911f019173993453204b5f1761170c4ac7c3e4fbb53d6deb1a0810c,dbdf0eb9dc435514e93485fd675fa8038c07e35bbe213c39063bc306b9aa00e6,train
/content/section_01_workspace/data/raw/spamassassin/easy_ham/01176.ea3b78b12b9501f85cb38db408286ba1,0,062231a26f355ed2db4568bc738374b41138a931611463875419a83794555bc4,618f7d88408e54f011c59e78972bd86c3e6bfe5f887cfd79bc2815dd13bde15b,6a366a516a02a54d1a2947732a14a56273e369f7d2889d00bce2a822868afff9,train
/content/section_01_workspace/data/raw/spamassassin/easy_ham/00689.baf30774fe011781f6822746345015d5,0,c16feabd7f4a6192792cd0f72a3cc24ccfef2e60fa333fdd54bb98090636f987,402317b6c9ecdac5978675bd656c74dc46557fc52036114fa09231fd51f2471f,915ddfba346c52340f5de3f7b5ca0eaac78efd20408f96608d8c582830d48f3d,train
/content/section_01_workspace/data/raw/spamassassin/easy_ham/01273.0fbb8edd390685df241007451832f145,0,f5f92b21067f22818c58345f0e9329b9058978d0a700aa23aebb4cc0129436bd,b9bf6828a3b0843de9994a2ea3d0b8ea9792489c6fe3bec1b41603e221b57fba,97d5d62a61eea70bd62f2f745b0044928b7bd894108b9b7e9c9ee5be4704c5c6,train
/content/section_01_workspace/data/raw/spamassassin/easy_ham/02054.56a00df5b128866454ef832ec5ce78a2,0,354fad370d591420864b2cd168d481730ed451d442bd2c1b469acf531ebaa79f,1c262bf1ed07152a3eaad83e6a7cf76a69ea0766cb9b60f2584730395c6214c7,1e30ba7d8fcb002687bf75bc9ee3cdda36415e295bfb87adea74ee51ef124d81,train
/content/section_01_workspace/data/raw/spamassassin/easy_ham/00720.60fb431980df487172ca5ba412bbedc4,0,25dbb0789ba4411efb6d8d7931db05022646fc3e816843e094896a9eb9b32aa4,ed9b923ea6fdd7ba0d0e0fe03089b6ab4d7368b533c2d2ec0f1b78e71656d970,bf8408fc27c99cb8db427ae97ca33f70ade82eca8536ba3b89a1bd7e35fbbd1a,train
/content/section_01_workspace/data/raw/spamassassin/easy_ham/00300.e98a210bc3981e1d64524ed9984be049,0,8cf129f2e3fbd58619a477ae829f96e98c1eacab6aad3ce38f709c30bad9f3aa,3dac45a884901faaa5660034b12963e5874824467cc5af3337215e9a25c9c3e9,a467d1b1024e337b2e3367aee4ddc829018248376179e5c255453e6e3abd7ad9,train
/content/section_01_workspace/data/raw/spamassassin/easy_ham/01873.a6f902f85a5f8170fbe24b3da8ce78b3,0,a023b75ed00be9e1b504905d4b7028aa172ab5382ccfe02d1630cc4b7bee2624,848814d4db9201875a792da8b2100b78c155173a8c2112ec0fc24e06b1ec0ab5,24e3119f85e6dd2e889868834846f8f60c78e8e70bfbf8606c41ad248b74ea0b,train
/content/section_01_workspace/data/raw/spamassassin/easy_ham/02208.b6600296e30c947432d10f7b0999638b,0,a14c6e7a914c06a7fb802aed231b8cade3837bc39db03a1d0b3dcffade0ae8c8,ad739b556403177373ebb6c945edeb773782a6a732a056f40b202ce8870143c1,35cbf39e17ea2162286b4f3183f14f1ff57d17ea6996716e6f9e35bf60b88d1d,train
/content/section_01_workspace/data/raw/spamassassin/easy_ham/02207.fd9ab7028cda31c1fb223b220113395b,0,c1e3d8802986db8dcd0ea77e90f42e47cb3aad43929489dc691f0692be8883ba,e7e9947b50deb62a11e213ac175b1f798fdbd7f1ace0feabe1e16320ea74dfc7,7be209b9adb673ff895aff6a95dec6398cc2d44cd4d0e5807773cf69e669613a,train
/content/section_01_workspace/data/raw/spamassassin/easy_ham/02219.ac02d646e0a69417b46a3f0f475952f2,0,79070db1fa9cac5d4ad23ca727bd4aa501e787c44a042b1a794c5abcaa2cc067,0bbbe918ac4329bb78b45f42da8fdf05f7f420783f6c97f1b196046c172671a3,967c37edf7ff692859f0cb7507cd7ad61b513474a86f00148888fc01f7330125,train
/content/section_01_workspace/data/raw/spamassassin/easy_ham/02019.be738f87dbaaa59311e56b502ed7a217,0,350251fc0c8bab519b1e84cbc23ffd73c85bfe0eccc8e0a9dd5f81eb75d36231,5e43515f4c17f2f201610fafa2978431beff0e7b1040be1dc5217816f719d0db,78085d3c75238887c1a42269cafc06b9bca239361b0fd640c2253adab205602e,train
/content/section_01_workspace/data/raw/spamassassin/easy_ham/02040.fe93b48dcafdc2c4a30bd41682baa446,0,2d0ed593add7ceff82f73226c07e5e75c85a3006672f7258c927cc62ae7905e2,764ef46c8e8a71c1e7e8402f606da5bd7db41bb631caf0303fb219b7d68272bb,bf93e42dcdad188d41fd2b002996f888c01badc858a70f82c1945c998adaf978,train
/content/section_01_workspace/data/raw/spamassassin/easy_ham/00954.64e0c6e4f6fad8027420d8082164331d,0,d4e966837d058e70f1f9cd2af92e03d1bcdeace6edd1d1cb944de8f6fd9b00f1,cca5eede898fa9c53e4b27a97e103c4bd7887e89ce7f5e60e1a275cf4731bf70,35a2864c183051bbaafff310a411b9402a4dc12c68e3e824bc42dc4b7d5536e8,train
/content/section_01_workspace/data/raw/spamassassin/easy_ham/00245.5d4317b10e081f87fd2cd84e6fc94cd7,0,81866b818723070ca650a89e86284b60eb3608fea945ecfe2e86ddb9720746a5,294525a039ea60fd3381d49e3f0105c8c966c34150ffd4f50582799312cea6e9,02afe65e8a4797001f0944fe595a532ea612b7deebda6ae3e7b1a56ac3a899f9,train
/content/section_01_workspace/data/raw/spamassassin/easy_ham/00164.8a0a728a1d5e56631369e5192f0348b6,0,47c3abda6fc5f6b67e6635083a31d8d78f2f4e46ae090e3f5ec0eae9d4f04732,580479b8cd8dbb768b5eeab129ac4505ab88c911c480c8aa9b19a322046d7463,bdf0276010e0ccd4e2a07147890ac797dec93653f5fa32d7e7068a7dd1aafeff,train
/content/section_01_workspace/data/raw/spamassassin/easy_ham/00475.90154e8e3f3761b155d35323f54aaad7,0,53f25122a77d160a9d51b207847e92e295b0d43e09ef69674f265a995f187ce0,180ef3f8aa2f7b4be147f0913682f5b29aa28ecad2f2140ae887bb98d8832cec,b2d864b7343d6fdc208c6f0817a69b8f8005c31dcd3f24027f6ee3d544013a8c,train
/content/section_01_workspace/data/raw/spamassassin/easy_ham/01513.80c5fbd984e4ff243d1deeae20ca78b8,0,418ec630d07e6dc0c86f7b45d2fdd3d5ffa1db7f6f086bcc52407efeb98cac24,69bfea8d493c12d0afbac920c39ad7c7a22ccdc4c7450aaa72c8a0592d14066a,a053e09a74564f009ee9d109152c411fa1dc11b06841d7e2bb81c2b2a1cae114,train
/content/section_01_workspace/data/raw/spamassassin/easy_ham/01293.d9df56671e03c3767875a6e5d4673a09,0,e2edac1594976ef8565c0fabb76e4dbca8cfd57c3955f65dfabd22ca8f64f413,e842c7b2f0f6837365fd85f8e4dfa5b51ef275c1339d1c7cb4ffd31b894fa2b8,9bcfdd0243064a2b0fe743b45c8dd98872ddbfe1fc6dff1d3e5a13d24b0e8a0d,train
/content/section_01_workspace/data/raw/spamassassin/easy_ham/01697.75f57c5146462b574d13349e5c0c4bcc,0,5e127e1108f7684b1bba29e20cdaff243378328b61379dec62c696df6b2dc41c,067792df76c2169c0130c256d7bff80dea51cb4bc6982e104208f1c0b5c54eb2,fa8d35d55a5cbcfd84d77b3076cd52f6725fc68ac348d1d5781be5264c71ad17,train
/content/section_01_workspace/data/raw/spamassassin/easy_ham/01543.044ee0da6eaa44adbadc131be0bcb2d2,0,d079e6dc2d1ad14bcc43367aba296749f0e3e7d46d127f7049f410537f7354eb,0881b3b1a5e2ab03381ee169dd90a687fe3f4d5aa8d00754f4fffc6cead0967f,cd60ea3da0d44c7c2b9689b11befc715c859463b2be2b83517f4ce65f0718df7,train
/content/section_01_workspace/data/raw/spamassassin/easy_ham/01549.a465f982502ac6d7c10118f1939f6974,0,f021d03849d7ccf5605fe34a251f530866aa8c686fd2bf14aded71d00756195e,ce7dff85f6748a4873f8ffe9cd9d5c2529f7291f0b0a2e71c940103920e85e3d,41e63a93484c44ff4110a7ce231b84c038cd61fe9be0a7428e99cb4e5327a497,train
/content/section_01_workspace/data/raw/spamassassin/spam/00017.1a938ecddd047b93cbd7ed92c241e6d1,1,78e10f85100979f136f79686f05ca5439a9a5470c358d18188d7063baaef6e94,0f8a49bba64170629b1a8b096b6ead53c38a7c81eb8c0f60740ea6370ad7c741,24de55049fb8593a865ede413c930d138860498650f0f8126d058748639aedd8,train
/content/section_01_workspace/data/raw/spamassassin/spam/00332.580b62752adefb845db173e375271cb5,1,c1579faac52ce5a7af29bf603d71941faddfe8a984878b0e60e7a0b490ab0ff6,c88efd7db36d0546541e94319de4494ef325f5e48c4f0a96ecd96227180cbf4e,057903459b06f705fadfcd61cb5fd99f8363d9caa3fd74ee43d1ee94158bd0fe,train
/content/section_01_workspace/data/raw/spamassassin/easy_ham/02253.d5c5abb3f43de2d174990b4cc271ab5a,0,4f606b816310ac7d476d39f4befa386f5c2b5be528a45b75e57a9ee4614e7e26,65048d9da5b9ee9c2d61ffbb0876cfa124b304ad36e2004f9bb40085c19015cb,ccec72a1ff145e36b27af9c0df702703949e3c3faa3dd44c173affee2549d742,train
/content/section_01_workspace/data/raw/spamassassin/easy_ham/01286.a545b12da2ac94e36c6a7033bf077072,0,89bd364d3d8ffab47d7103d104daa75e24733c3212957abf142827ac80237a3b,e0627c2c995a1c18ebc8b9e6483317d235f88445a85f5b367f8d0c654295b1b4,53c42940e3b43433e753965f4dfaaa1bd1bf736090038996e51710cf2c03085b,train
/content/section_01_workspace/data/raw/spamassassin/spam/00235.45b5f386cf62b5865d9d4440d8b78aab,1,63544863d4743ef933d5a2fa819a63df8d9a908f7ab17ad0206b43d2ed765630,15b74421b5f30651a0371e88fd8f237b4e8940390d90d4759377c9e421ed8b0f,38b3303663bec7fe23f98fc60b018d1eac3c363e24c287a5bb159ac30fb20857,train
/content/section_01_workspace/data/raw/spamassassin/easy_ham/01592.2b5d8fc350354b303b6baf2d27f531df,0,a2ec606cadf560cbd596637c476976c6ef72a87e261edc62f518dd87fc913979,dd72225115b11479d7f15ee2eecbf44e3158d9edd07d9feac837132438d76f2a,505b474bfd67a23ff2803f2c64edd6aac695f92731d0df79c04ec733e9724338,train
/content/section_01_workspace/data/raw/spamassassin/spam/00178.cdecf0f56ddc0bf61e922a131dc806c2,1,950fd48fef302d896ff49aa1c8dbb8e0470f7cd4550a568beba05b47b0800515,8b62fb0f88c2d31c7af135ebf373bf48505c00f02d4a6560c9b65e3e42b30bbd,50ee79f1e2f11df253407b07c0895ff7342955c3496e39cbc82ac2d3d0702e1d,train
/content/section_01_workspace/data/raw/spamassassin/spam/00051.fd20658f0e586d1f27f9396401f4981c,1,1450bf8fc3843f68fa9671ddc730742d5989cb27f3110c16b9f2f59c485a3ab4,7b451fbcc38ac7cd8a62e2c8e16f00927534639edae21546bbfb6734d860179b,6d4ca9efcb1da6dddc6ab5d08eb2f415923fbf66812a6f05d9da296a625aa634,train
/content/section_01_workspace/data/raw/spamassassin/easy_ham/00209.d685082621cfefa2f7a2e614b455258d,0,346c8802c0c0985b8aac2a432845f8ab0a431297f9769e19f254ca1c17f86820,a47c064418830f2515cbdd5b49d16fa1aa26f3a117c7894981dd6a7f186459ec,bfbf4e1a37e3d90c34ecacd3296f3259402622cf47bd9041705caae1de0133d5,train
/content/section_01_workspace/data/raw/spamassassin/easy_ham/01191.07778802f15f6579b274b85a867ebde6,0,5f0ca3d933a7db728fd6336c1baabf5f043d933dfc806f831bf7e06d49f4fd80,16c3c8362abaee234530a59c4370c8ff9274f13c9c1dcad654bdb6d0c669c263,cdcdf67f64a3f206ec892d10f012e6bcf764bd06d584b23a5ca42a3f5e709392,train
/content/section_01_workspace/data/raw/spamassassin/easy_ham/01967.c30def1b9cb26faec22834ab35e8a4d8,0,a1095d1e13c2489ad83842c7743bedb145cdf8ab781abe7bcc673db8da22163f,d332c23c747c811f1129ad38c66cd345a589222b1dafa8ea027531aea8ca0b90,1ecfcbd351464b2c96d516f6cce14367309ed5cae3780915fec8bfa29177e4dd,train
/content/section_01_workspace/data/raw/spamassassin/easy_ham/02143.dd0f85f71161b073aa383206a584fd9e,0,643a4c3e375786eb94cfffc5fbe360ab56381abeae5cef05a0f84d8efd719482,eaae188733aec12731852818763557c89d6382bcf18963fed7f423789390daa9,ae4a54bfb28a16459de2a8875f6f94731cfa448dbd0675635b5acd8a1e946469,train
/content/section_01_workspace/data/raw/spamassassin/easy_ham/01693.5f6c04f93ace9da3b5f9e0906ba608c2,0,bac28e58c42fa5f62ad7a1f8ec3ebc0073d485f714d4189d1130df60b377cf6a,1310645a7332906f88c7665f730829fecdd82f94819817eb08e426f74525a6d7,dd64b5a8fcc506fb79b0ba6aba39e8f46a918206935302d89daa86a17c1b081d,train
/content/section_01_workspace/data/raw/spamassassin/easy_ham/02218.f615f1b7360b9a22a0c9387f285a5af0,0,a8c97217e8be87da2deb9510357534102f6bf56d470e8fe972a7af058f702524,1e51e9a7e1a55b5db56509b32638e227fbefffc4fdea4e2617a458897a9fc91d,bd0ae856c0d15c4cd0dc64ee61d2132240aab29e0c55235666ed8d055abf2665,train
/content/section_01_workspace/data/raw/spamassassin/easy_ham/01537.ded3233d7649ef141c30e4cc1349f790,0,a2f7d31f79bbc19683c4838fc631a7b8792067b003568a29b6b0ed2feba18938,625bdf199edcea6811ce25c5087963754455dc0e59a62bfda786d70f848fd6a5,8d242a371a2a3db97518c7e69b95222dd1767db7ec37261b7b1a3210e97419e1,train
/content/section_01_workspace/data/raw/spamassassin/easy_ham/00665.f1547d981d26d8c8ccfa9375dcd7d222,0,6af8c27ba410e039c7f7d242dfeb4c4be06a7a061175a3fbf8ca08ac2bacd695,90dc9c767c0b4f193038e16d5342966d8816dc7ad9f7ad351a2e8b2f5f032613,cc57e578bb41eba7d152c6e0377d1f77fce2c2a7fdb26e0d187d3dedd1dbfdc6,train
/content/section_01_workspace/data/raw/spamassassin/spam/00072.d519a73b92f487519c2bc5ba45f5eb2c,1,df1cff8780176b77e5a8d21f1ccf81c0ccaf8b215720e17dc1d31eabb55f6a4c,f99a30137b45cbd1f21f54762df2a692cb6d0d26f286603c4694ecc0f662dfd8,a2e32c0b111a662fc1faa8f442e0fb18f7141e2ebf218265bc365e09aee53ca4,train
/content/section_01_workspace/data/raw/spamassassin/easy_ham/00999.c78296e77769d280844fe48f2f3babde,0,9fd299d3780fbf01c237611966d337017f55577de8bb16655afd47c3b6c63b1d,cd302eec7f705de84fed7af8aba3440630bce877213ab4d46f8bdfc4c315d906,31913d5094a70487cdc374e43b1fdbac68d2c7915ca4c0c6729a1ff29e18bb00,train
/content/section_01_workspace/data/raw/spamassassin/easy_ham/00926.11b20c87f289b3743af174cd5a1d2c4f,0,73940ba5fadd4aab7b975a29dce90d90737522c90dae88ee026b9046d7a6fc5b,0cf452393732dcab0d997dc7fa44cb1736b08b0a173755c72d4135ba905a2b4e,3677c80425aa2ddaa21428fb5c899f6a4b95a23e0120ee0fc334047ffb36b390,train
/content/section_01_workspace/data/raw/spamassassin/easy_ham/00693.6849440c3e1d1584a9f05b067d0062aa,0,3cd2a2db44725e2767c0e761f63b607b1536fa21084085d8dc948b3d3dbfdb40,cca20708260b189153d86cb18ae80ce91f582f20feab736a0a007b6c6bed5070,984d2485fc440e19883949a82730036959b0681dabc26861e62bd6ebe26b8e39,train
/content/section_01_workspace/data/raw/spamassassin/easy_ham/00007.37a8af848caae585af4fe35779656d55,0,91b14bcebb41f5dedc98e6545f652bba2cb672601f9b57dc2729c5d0a56b054b,80e051e8ca476be5985bad069d2e5403b4c5774d71143686e4fa59abf56af872,7c43da64897d0a13629103e860db3ee2c3a7e22819b16b8233b8630f503bb556,train
/content/section_01_workspace/data/raw/spamassassin/easy_ham/01657.a57fd76dcafe47299543685aa2387d32,0,9650d44569581f651081d6aa82e8d0450d5dc169645eba36a57a408e67ce851c,13159fde23cef23f7e596a9a009cb0c3e13d67e1e31c6008be0081e7a80a4d38,98199781419bb9e659cee4605d89943d0db16686a3bb3cd9a22318768c99d648,train
/content/section_01_workspace/data/raw/spamassassin/easy_ham/01327.1fa998a9866210caed63b142b5b44156,0,0a8599d9797fe91fbcd6967b2fd228090e856872fc77930c96447e2608f3f211,edfa4c6f4da1015f60b7c8ff1febf726b8fd6234ea13eb962d1c1b7bb704538c,3ecaaa3ea98f7adedd2f138187a0277cf03b47330d4fa2105c3bc376e68a65d1,train
/content/section_01_workspace/data/raw/spamassassin/easy_ham/02478.40723f38488bddaf5a24ef2a91679c75,0,d87b6bcadd16769bc35b08743a334a0157a3e1a0337ce515c1b690b0ca4190fe,600577c3b4d3a79efef956f577363b695e40d655a2cb464eff4093369f5aeb46,b9e66d8b9fd89ef927cb932ee3c3870dfeb412bb32f3c121d7b913b7a001bbfe,train
/content/section_01_workspace/data/raw/spamassassin/easy_ham/00700.7eee792482a5a8cf20f1e4225f905f6b,0,4d412356d416f91679c845500cabc1d04569c8aa7e683801eac984ac2cf69319,b3a4184535160ac8b3719408df10177f140ede5af93b0cc344f58a5fa2cda03b,46fd3d6d9735a0344dc687a90a02ab4edcac35155db0c463ffdcb77a9f2f021c,train
/content/section_01_workspace/data/raw/spamassassin/easy_ham/01542.ed72bf2cd81ccd4c076533fb0af004e5,0,775541b2f5dbfef6448d10c83cbe92b1756fbceb3fc4202e6444c1b1e24fa1dc,c342b31ff9e133d7dca67109ece1c2f9aeaaefb580288695e635c917c572121d,3901040e9f60adbfece82ba6637b7e21a9a43438465e841b807ee2125f3eff52,train
/content/section_01_workspace/data/raw/spamassassin/easy_ham/01403.240c78274ebf62c726f214797242b409,0,99850601aaef7aef5455116153f7170042fd31cf7e087ac98d8827e0fcf7dfee,31205f94f70a75632c3624dc1422dde30a8007364f31343659612378c6a57337,288297231ab880997c40ff8d1672310eac8505259583ff52c2fb12989303edf4,train
/content/section_01_workspace/data/raw/spamassassin/spam/00034.8e582263070076dfe6000411d9b13ce6,1,658e2c14d66f0b185e531c9a2e25a98254c16dfcfc9fc7d7a015644c2aa8e36b,89d409e3478d98957601ca4adb2aae1bb878aca544da25a6a78d6fca41e2b694,6065df88cabf9ce75e90f8c453921f2bc8e043b454fc086760c26e55050a66c4,train
/content/section_01_workspace/data/raw/spamassassin/easy_ham/00459.1b37170cbdad7f2ad4051ccff4d2b863,0,6d6a0f2ebb7f2a6d44b1b30d25c1f1f39ced023e51e3f4c20a0b46502e3cd530,94f8284289e899f829a448524822e4be621a26943fab84cdec042081c6ac6397,0db315da41cf58da6efc425c05617b1796e2cb29baaacb210b041c2e10f39750,train
/content/section_01_workspace/data/raw/spamassassin/easy_ham/00301.48ccf486575754a29b80e4eae2c5e227,0,5a9184620e6e9449397585293a585c2ef117352b2339672ceab5ea7c0d82c3ea,4c7690525073c7a24f4bb06eef7f7dce575a1cbea302d57d148031c6acc9f47d,1100fe65aa0aba8f1d0c3167fa80e591596fb5646bd88ea39660edb7f8332d8e,train
/content/section_01_workspace/data/raw/spamassassin/easy_ham/01225.394c24658bf3f9f8f741bcbc94ca017c,0,1cf74e0be016c4b8125679179e2d457a149ce9307199f5b958bc924a01d017f5,99e6eb63503669a4bcfdd24fc1309d191493e71aa71cfa8f4eb99a45bd6db85c,4c59c931823bbb704840b1440e00751ddf7916426fb3db70548a693e1efe8d50,train
/content/section_01_workspace/data/raw/spamassassin/easy_ham/00477.ae6b0e13cfb834b905857a31327dda32,0,04248c842ff978230969c1a1cd132700655b83bed74d6f1e552408bc3eca7a6d,e7c5ee401d659de30d373e4fd9f4dfd4559c830688874aca4617dfe58dbf1f8a,ca3f29d8e09d994b1bf52c8263de2c91f1dcdd42b37ec30bc88d795abaa1f166,train
/content/section_01_workspace/data/raw/spamassassin/easy_ham/01855.19acbc78b4bb1959ace6f1ec1d6329e8,0,abb4777eb1a0293dea2a540686f271a275a7098a4f99b7d5b2a1fba6bf70732c,57028002c8fbe222b6266e90cc59e036e237c4d92e30d0e08033e6cbbbde0b32,67bfa35de068e1d5e4fb2af148d48a150d109860431ecd048780568338420ca2,train
/content/section_01_workspace/data/raw/spamassassin/easy_ham/02404.da865baa8492a392d7a5a035f0d3b7a0,0,cc814d0866b6032d022facc42ffc7fc5df54bdd19786c90a8c593be937bb7170,1b9be6b19c2d6a183357580c8d76e933b3af478b2480a65511bd3b3cc725c1b0,4ad994b97e50ddd5154984640d25986d2d35e8b879515342f6b2ea8bb97e15da,train
/content/section_01_workspace/data/raw/spamassassin/easy_ham/00495.3bba63110f3a2a97ae71ce53268766cf,0,6e5b019f7236e53c0944c41e69e5513b89e16806828b5a0064d49831bcda40b7,b3b84b476ef93168712da441a01c017b35fafdc3a04f40555306c0750e70482f,2d33d6df08232a4458117ecce86b71edd75d3eaf85f801b58c54c4875fbf0008,train
/content/section_01_workspace/data/raw/spamassassin/easy_ham/02222.9bef51f7af05a6b348a6b696c687c23f,0,c77993508c93c274c2434f35676600c0530f00fd8e8d79668e82f5c2f5bd5c3e,6c6a92abc7b99054367949a8596b3a4f2cefb0fa13d5f33821c51e236fc261fb,593d65b4140ee9de18274217439d88303fb4b033b55044a08d819297a9914f92,train
/content/section_01_workspace/data/raw/spamassassin/easy_ham/01218.9ccb65e5b538133faf5c90bf7b3f8374,0,10c118577c4f6248d49bf87d75b84fb6ebd69409c9ab707e7d7b0cff865f589e,8f3b5ca8946c29ab3e359df67a2a71bd9682b1ef73d4a49f50f314153059f743,52052ccdac798587efc3c6d317232698fd99925a5c8d307dd4ea3a0391053cbc,train
/content/section_01_workspace/data/raw/spamassassin/easy_ham/01340.2ad5807dd42687fa1f00f40143e175e4,0,276b31ddedfaa7c9045e3882fabf7ee2675afbb82d95c6e916bf6ac23416ac9f,45be5c48d3c414772a76fbb01616bca3aef99ff1e6383d4ce2787c793ea9fe03,ff0b2a3bb96d5d4c519fd3b4104bb1953d5554c2dc0b15b4e076333f8d87a392,train
/content/section_01_workspace/data/raw/spamassassin/easy_ham/00737.fe2d8d182d9bc421411c9ca9012f3afc,0,e3157734fd0b19ef1a1803dadf4b18eb6e4d56196165a60e2742ff59621c84a5,ac8e11f8e38052a92ac76d735b1f5529191a8cfafeb98f87f5d709a05fb6f86c,156af91c5bc9d655d2e89a1ee362cf190a4f7ea352ea9109715b6ff7c6dac551,train
/content/section_01_workspace/data/raw/spamassassin/easy_ham/00699.29e599983f044aee500f3a58c34acffc,0,7cd2539385c6e6cc957d436b1187d5f679ec12b2b2b508cabfc27918f74f8332,54247fc8f5b59738b4e55ce198470cd600e69c3de2037dd5c512ffd53a6499b4,2561d5241b0eec1e9140c0a135bb881a3ba87b05ea02e5e243707d0402d481d2,train
/content/section_01_workspace/data/raw/spamassassin/easy_ham/02125.65dd6c7fa2821edf108878b7d8358659,0,88e787cff8d73d94786f2a4462f974033213a65b597ff6655765fd7648d25fff,639ec2805d9c330f4d66ae20d371a461010d6e671241004da1350ae9f8da6f21,1db37ba5da01eac5ba2ced462fb113d93f81b202f0b52648c177914377939fe6,train
/content/section_01_workspace/data/raw/spamassassin/spam/00253.83b95b05e275286eddcf557ea581e754,1,1da83c0135362ab3984624beedef560be162fcc0974944b9fcae22935a8fc851,dc8645d0ff5fb59eebb3c3cdfe064c6defecbd08c80480037e26992d53c5a5a6,c6b9f07aab5a50e1e5da9b854d0e4c52b08b02fa671298a1676d975842b00364,train
/content/section_01_workspace/data/raw/spamassassin/spam/00493.1c5f59825f7a246187c137614fb1ea82,1,7b0c4f969836550a4d6a2868c69b2bbbe9d29e89e214fe2414e7bd593e70537c,5536ad15ce6013e025f21e6ca96882245581397be23cfee7a28527d6f2c8caa8,761ae2ef4929782a8eb4e269cf56a366eb82a203ebbcd3cb787e4f1bef44cb49,train
/content/section_01_workspace/data/raw/spamassassin/easy_ham/00951.23649926ba46e21259b518be64d300af,0,3fe981462f9e4206e7d3196c09bccebf598a62e550477a238905903677fe4bd8,5b17661df43344cdd766f4a3e1c90bd22bf759588cb571206f6c5dc59137c743,c09fdc0de17b5466fb106f9be209afe3d67e6ea585cdd89519b4a5fef2198dd4,train
/content/section_01_workspace/data/raw/spamassassin/spam/00308.c80d7cb2a6981efac408b429d42d2b89,1,1f42884763e0d5ba7902d2664ae8bed75818e37960fa46ec96bbc8080ada8841,54f0650af4d8b8d89136a3b3a168e8c0e6d93234114fe4519bfcfcfa9ad3ce08,f0feaf50a129aa1e6b2ec29f8e6520325abbd75200b9b585959decdae6832bb4,train
/content/section_01_workspace/data/raw/spamassassin/easy_ham/00003.860e3c3cee1b42ead714c5c874fe25f7,0,b6a4d0a4dc3d1e2b1806c0159941a3d651c6b7e504b2443f483265085cc3992f,e7a74793ee0b78d849d7bc38314937d3a16ea66a970d974a6ea3d064da8b241f,76626985acf3ccb1e41bd757130b8ccd86d186348a590dd90cfd13c83fb398bc,train
/content/section_01_workspace/data/raw/spamassassin/easy_ham/02050.180c2df32d19ed66c26e0cf69df96622,0,a242bba41a410f2b0920d16678eb59fcf64f4049bd903dc1be7d6578f72a2006,69049328cba34eaec796078341a51cb62620f77a1cc5a79b3da237841afe72c9,a9a58a676e28baf9094dfbf3b1b235f12462559837eb2a93749917170b9386ec,train
/content/section_01_workspace/data/raw/spamassassin/easy_ham/00618.bec430e993398552fbf09c76e04b9994,0,d1eafb99b575a3df462bd54017f3ad65b5ce1ba19af3b3482b9c0491ee753558,951bdfa7a793d98d653f09860539be1aeadf17646651b97b950562d18f96a471,f583e7098763876b2a59f2d96739cb507a282c73bc71a281ff38fef8b85184a6,train
/content/section_01_workspace/data/raw/spamassassin/easy_ham/01939.189b450fa1626558188f4eea2216a77f,0,03790900637a69f33b979a3153fb20b42271c21098aaab3f789222a88f00c9bd,1a96a661c89a251b8df46201d871c195e47945e32a5ffb12d1db44cefcc07777,8393d75ab6d5bc0b3bd48c804d713267f13b9bb7c5aa7104be226f4ab5f072af,train
/content/section_01_workspace/data/raw/spamassassin/easy_ham/01285.64cc8542a7474c2d10de1d890a849307,0,07b15a92c0d73eab42b1541a341d7d1ce8f7657a6a544529e070265846cc2dac,567a2591b62a713b2e485f793e37672d8e09e83a448d79f628a04737b47c5343,5eebc06c843c1110e9c5f02a5af41db2e6fce6cf120a6098a643e2c24e908264,train
/content/section_01_workspace/data/raw/spamassassin/easy_ham/01956.48e99fecde779559c37f2cbe80268a5f,0,df2ad223e324dc53bf6d2b39cf13649f1be80c21c4a87db59046ba97cbbc2f1f,e98b1cb34a990c0e43ea9f1f673f973d3a6e241a4530276ecea24912c4035e4e,a79c503c2f55e00ef9440ad8b97163759b1e1200c9855eead4aad8f5da0af07f,train
/content/section_01_workspace/data/raw/spamassassin/spam/00315.0ee82a2e087ffcf6efbd30b36499ead6,1,f9e87dbcf5fa24580af262485ebeb5922c571e5d1cab607a02286f03ffb4760c,21f55fbde12fdfb9f0e6d4f4852a5f95f5312625fe42b179b8c588cc02c1c3ea,1370501ecfc3bcdc444017b74e807cba74102b8f6cfbf5c667a1e8ecf8a38112,train
/content/section_01_workspace/data/raw/spamassassin/easy_ham/00638.62a452b9264fb77572bb34181f71a325,0,f05e855efc8d6afc6b2f086043e6b3cb465bb5c24bdd73a11d3037230c2f9b5a,62654966eaaeff2cd1fc0a05e901fb1e73ed1be745ecfba3911459af78c2f3bd,4cb58e2557dd26f30851f0af5b624812ed19023a734d261d218345c4fdabb7b8,train
/content/section_01_workspace/data/raw/spamassassin/easy_ham/01670.2f86bbeac16f343c0c9e8d9d363cabb2,0,da51e6b5647fb698ccb3f2db89b8fdc98d2db6205eb1bdd2784b375876e04c8f,708271011f9ee89ef17acd740a59297303ebcc6ddb98cab68c3c29b677150094,591248cbb8a3527d597e3c0cd6c510e4a75de99ee33f2bfcc2ce5225e81f8ffe,train
/content/section_01_workspace/data/raw/spamassassin/easy_ham/01617.dabfe28cb18f031b5c9335955ba0c164,0,b8f30f1ac057dfef792abb90ab0164b3bc064852826b936de1c532c5dbd7449f,1707611509e470e23f2b1d57fb6eed10534358b20e131012ec0d2aee1ce83d28,16b7d1de6a3e90496f8f85b30fbbca82aa209f97049dec1edb09c4c9424a0c6c,train
/content/section_01_workspace/data/raw/spamassassin/easy_ham/01321.837b8a696b13b820d154fcb1a0ef6465,0,7892ac5c87491fd0d5eb66674af112b33f5529a085dd458de6d34007fb5bd226,81a8f710124a3f76aea04d5a6f0b216d36d6ffa5598747f28c6f2fae761a722e,428c8fcd80a786c71ebfb7c6fcd356a06b1cc0082524e95fab9a583d345297b2,train
/content/section_01_workspace/data/raw/spamassassin/easy_ham/02169.5424cc156b999457273d8f8d8f630093,0,cd6d864355c50c90e6d5be82a3bb98830743f78f0b746ce665ed78cde1e43466,9676a293b8ab7605ae662c13ac74d16d6aed295243a51cc708853d00ee715967,449abece9ab909cb060cfa8b86585c66237dae7a9b139b24c2a70410430299a2,train
/content/section_01_workspace/data/raw/spamassassin/easy_ham/02009.905783cbb4da8e14c78b45e7e22a024c,0,a120f80db60ae6287ed47a46e73cd46330086a878367a3c440520774930ab945,4c231fcc960254b9e31c1d21c9b4215df13efff3af5876453d46a3801c0e66d2,82df1a27af9a94341949177861743e824e62b5c3ca1343aac647ec2881dfb72f,train
/content/section_01_workspace/data/raw/spamassassin/easy_ham/01652.864cc509960bb627696e65943038856e,0,9ad302a99e6ccb9abeceb1db2b82b28c3e4815c83ba16c78b193e7ecaa753206,c4533de87c4f4c353df0c9cc82435b1042931b211806888e46593773d87fb5d8,f6f1a15131ea21a6d0fb7e4b1e849783427bbec87227e24b75df4bc1f01caa05,train
/content/section_01_workspace/data/raw/spamassassin/easy_ham/00331.ccd0a9edb0852f4811a401d533542237,0,596f2cbe434a546716f7851aac940e4c924904040d627f1400239722c025f62a,570df7490fdcc94addb27097fe8cac048e6b256f9aaab94e60564179826de22d,b2adaa3b26e8bd0f3f5180c6f34ce71d62d18cccaef3fb584a659b5c1ae7160c,train
/content/section_01_workspace/data/raw/spamassassin/easy_ham/01782.278f53b8f65fcd422cb26c5bbe74599d,0,f81c33bd28eaff237b34f4a43542f15beaf64ecc0ca599c458519eff70277575,8223aa2d3c5053244dd3768bd3e1f8f26bd0c0103979e8591f04f5fc63bbdba7,dd82907d4d7971313ab61f6759d7eaa8a5b4d9cc6179420b13e4ec96c60c89ae,train
/content/section_01_workspace/data/raw/spamassassin/easy_ham/00860.a2a3bca553c3ec8e6ce24f45b3f2a9a4,0,85ab56384354202374601d56f1c5d16ea22bef211719d1a3e95d18220206149c,7d3d75d9a4c157d4c87c1fb660feae35316652873ad7332a84105d90fc022499,350024977568e5115cd722e468baee87672edd435d93e023e779236d79fc9224,train
/content/section_01_workspace/data/raw/spamassassin/easy_ham/01674.6bb054bf786bfbfeacc78dd1918ffbfa,0,fac1e5070a951e985ad2101816cbcce2ae11c1e4cefb5d240554b80cb8eb26c7,6847629bfce7e14c767f561b86b520488fc582e9763150d176b862c8a1711da7,72aa5ad97baaa4c39bc39d16d67319ee412bacdbd2df0dc0e65d63ff11bc90c7,train
/content/section_01_workspace/data/raw/spamassassin/spam/00448.a6ac96e93ef03ec1a638c577c6940f5e,1,335a38209d1af17bb39713317279417ba14005ceffd39fd024a93bd4062df6a1,2dcb443b2c117f608bf6f4d9f67f6f346d8bb69c3c04a18c6faa3bb4357dc62a,efee6c7a1f5089889926f32ec63dc64e1fc10b7080753865186fec3ec8b35cc2,train
/content/section_01_workspace/data/raw/spamassassin/easy_ham/00211.3ccf7a2df02a7f7ec7160e29eacfd8ee,0,9790b917a44cff5f1199a60fb8784478fb57fb43449a39ace38a262f68c12299,228d471d554a1b05e53ed13f3106991cbd358a8f1c3899c631038efb1987343e,1e8a3c9de6698fcfd5082e01ce1b02e8a91b8737c5d231a79094509092d5854a,train
/content/section_01_workspace/data/raw/spamassassin/spam/00183.38d9e73b56e7a59ca1472e08076a9b71,1,814da93467ce15be94f5e729f7a59db40743ad55f89c717c953515d4b5f1bb9b,dc3a4a900683bcd0ab34b52685812d076d5f5e422672374bcf3f195983dc03db,0b663065c78a8de1e4200c5251e8940ff3d9b6c4b6713255477ab205e1cd22af,train
/content/section_01_workspace/data/raw/spamassassin/easy_ham/00272.c319ce83bd9b379fda60a7991da1b9d5,0,896754f35facac75cd55e1f7698324979d5d1e39437863044f1ff3482a3d6328,f0a02ee337e06ed6cf3debe87c83dd391089ad3c59b1da397c912ef4603be39b,3625d582447e668ad0d413e6a6ce45bd8510beb8aea02c151f9cf23dd7922884,train
/content/section_01_workspace/data/raw/spamassassin/easy_ham/00067.23813c5ac6ce66fd892ee5501fd5dbd2,0,f1c5a1b8ba869bfd4efd31e53a2cdeb18a877fdaa7444f40d982e0317c6a6824,a8ca08721cf66dbb4b67d32557461d3857268e997174fc1e0254c4f0a87a77e6,e92099a4b47c6bc4986b1a98605b1fdc84431f5567199869c59e052ab9cb0b2d,train
/content/section_01_workspace/data/raw/spamassassin/easy_ham/01569.f7c58b134199bd4d821ca41598e7d79c,0,5e378b6445b4dc7c81e456132595ba7325643dffae2721ab3d6160e197e118c2,f189f8ddfdb78d4531b8670778296278b2c1184508147e943df2cf7587d75955,28e6961e822d57fb09946f0f04993ac35919dbe29fc9993b6ce06885a573aee1,train
/content/section_01_workspace/data/raw/spamassassin/easy_ham/02142.5e6033b9cc15ca182478cf380cbb60f7,0,691e709fafcef8153ee30e174cfbbc940cd072b80bc7314a3d5bea3fc65821c2,62e1966a32c7fb17f0bb0478110662440b1cf9726e732c80d3eb56d2c0ca9f11,ef4247a119e19698c3c0b885c21b1dd874df19221b598c199caffa765af2daaf,train
/content/section_01_workspace/data/raw/spamassassin/easy_ham/00418.93eb266673b3731d82ce305ce6f9aef4,0,1800a9fd7d1358da05abb374bf2b247ad3ee5496a06ddc903b8e326b85381d42,bc16cc19cb67a67e008374c3d86a5264ed26b1fa69d5245c81e0adee17e93679,dc82f314055489cefde5db81be6944597aa39fcd4281e2dc5a65ce1e82c6dc12,train
/content/section_01_workspace/data/raw/spamassassin/easy_ham/00674.6dcadfb64e1a333f826a1c7b5c722f5f,0,d2dfcb60db1a386efc6b127ad0e95489ca98ab65723b40d16a7e9345996a6f3d,3290201beedc21cbf8ba30e6c87784468483f49b9061c52f545d79dd3bb8e365,ebcbb7e791933b6b78544542100c0e22f73953428bef600db67e0b8a950e3f05,train
/content/section_01_workspace/data/raw/spamassassin/easy_ham/01190.9f9b5b58c404059cc3cc6e20ee4bbe6f,0,0f16a74ece20b37fbbb19b2ae701b6d68c2ef2a4689b51f4202fa266d577c25a,0fb7c6bed26ba5ea17ec25d36bbfb9583b4fcfbbd724c8c150c4da62698ae417,673a291983e109cc751c45f984ea37a8cb314cbd7671def60d3b61dcd78b6f3c,train
/content/section_01_workspace/data/raw/spamassassin/spam/00140.eba666846fa0a138a90aeef51a627022,1,87fd410b22b2a704f0660c0506d1802a8da687b21085cafa08226119f2d03d95,78f12b136965f607980ef2db26b73bb3efefa9cb065bf6e575287f542049e697,6544bb315fd240806a8b9a4636633479a9390be0f7ee18977fd5b48df5086ba9,train
/content/section_01_workspace/data/raw/spamassassin/easy_ham/01306.01273f7d32eaabde7b20f220e13eb927,0,38b75dd521b20d13f665333a86bdf44e8a9dd9646fa233974d6258e299de0d50,48bcdb7b973bffb892664a87a816b38e77e168a33d9b250b55af8766f37050c3,f7a48e509fe364aa7fc6cbeb59fbd6b7c0245d5bf14584f56692e283ba820da0,train
/content/section_01_workspace/data/raw/spamassassin/easy_ham/01612.cdcef456e3de75e0c6478cee11565c41,0,e697bfcce93f3b487684fa184e1469c6f24063acfcc873a0eecc9f19718b8eac,ac86119badffe549e19cbde651f3cfcda494daa05ac1c924872b09fcb5adf488,5daf5bb65535b1278735237f33a553d0f928209cbd37ba20826c8bf67c140d28,train
/content/section_01_workspace/data/raw/spamassassin/easy_ham/01742.e5c02ab6101d2a7759f059da0e6385ca,0,00c6f6c6f4300b012a3a93c5c2d4f27db364c3690c9c52402cabda8c9ebeb782,f806b17b433e74e5cbee41c6bdfd60e6bd18cdecf6b7a32571422c0ba1169b9b,268c27710b607ceae7abaf32a63bbed326bb1889a7180ae5cad73aa4b88e8a02,train
/content/section_01_workspace/data/raw/spamassassin/spam/00275.4675c4cce2bf27adaafeef693d562f8b,1,598ceceaaf1396dc9cced9697d0f8c3d3c3b65f6e59165756af9fe65cd59ded9,cda032fb555bcb249356a8e5aad96332086daf42e6cd65a086a99b121a120f1f,c54d438220adf3e6a246890cfaa6b25e990f1432703bd5fda4bfc1ffe896f7c5,train
/content/section_01_workspace/data/raw/spamassassin/easy_ham/02114.c0b6a6fc087fc1f489402941ee3ccaa2,0,bd6e2da282bc9ceccb9bf6bf608af139357fc5d2ff89b5f866b85efa52893cb7,7a1af8008d694b7da0673d572d6cf38e2d5ffd2a083ab4c1b7333e211c4da914,fe237769ef5d9bcc16fa88ad80fa6e50ef6d5c2dcaf2273b825657bb6e92c0bf,train
/content/section_01_workspace/data/raw/spamassassin/easy_ham/00710.ab32156df4d26cf061b7e553b51547b5,0,ffde58fbb9104f5302dbc2e9effb59c09016e587b6e984edc0d62bdf0725841e,861522307e2de0151da25d5ce1c264473f71fad035ac9f5b2bcc6171da7125f2,2827e829a97fe39a4d9887d42da164722d9aeb4df5d9942e477fce6dad32a9af,train
/content/section_01_workspace/data/raw/spamassassin/easy_ham/01523.bdb6a45d09498aa3d8328161459adb26,0,916c72d37d37fe42135e73cd1f1bd28ce5125afb854acf9f146554b87ada0426,ff0a008716f107c21d7636f58c5f2893a399fc65b19753c0acc863cfdb5a2519,f5c76989728fd4fe1cb02bcfd09ff4aac222252a6ba4c92348aaa7e2d7576770,train
/content/section_01_workspace/data/raw/spamassassin/easy_ham/01102.d178bf64121423fea27fcbf754d5f984,0,6c7765dc53c046a8d21d7f15c2c54c23e7e00179db8d88375f34de3c7f0685cb,9bfb4e9aad85dfe243b68cbbfa4888280e5359b60e9a061109ea305a8229386d,974c40985270216de9c160663bb086044a55e1b4f414ac734841c879c8e3c2f7,train
/content/section_01_workspace/data/raw/spamassassin/easy_ham/01373.fe9c60e3649ce258e8f5f6c40c9b2ce7,0,4040a71db4c40c44a732e498006bfc9973e71e5e79c07681a776f1a0e47f63e4,7d126cb8efe07f06f9d1ed1743227ac4b32bcd847279b1a6ea890c25d35d6995,fcdcf0d4cf39845621af1be125b8af5c600cc4928319a5f126590b5305424bd0,train
/content/section_01_workspace/data/raw/spamassassin/easy_ham/00485.51303357b6e195501f2bf225d60161b1,0,299158cae7bf5a6cea5839d04b9270d79e82e8e738891adf93f6fb0751a40702,a4bef05221fbf03d8a8306864ff61da7d58f88e13bf3a96af94a8078da3f0fbc,2dac139a27fcb54bd9210aa6eeb476af7b7598ea258d9a9ec98850dbeab79c15,train
/content/section_01_workspace/data/raw/spamassassin/easy_ham/01312.f553517c829fc5778f61f879aa6330df,0,a195be8062b8db094fed9ec7af4417d9938a989b51a3890e7aa36658126db93d,c4a6e174a6923a2d2439b00be758bc75a82957390df8b145b254aafd517cde91,9992eb73fff927e0cac8dc701270d33aa43822662d5de815dc58d0a7b57572bb,train
/content/section_01_workspace/data/raw/spamassassin/easy_ham/01536.9182389be6cb243f644c8cb962a5679e,0,337cda74063cdffe4645081c556b5e43e2e6a9c5a581253db2b85df5cfab3aea,2e07b0da9016038c621b132225fa0124928349e6a2b303ee81507abfe66baecc,0a251937ab682ef1204103115c5b5610dc45430f68c783a8a99bdf16a205f5a4,train
/content/section_01_workspace/data/raw/spamassassin/easy_ham/00611.62116da308e2b9eb2e57ee12de12b677,0,31bf7817fcd9fd370878f9dfa3f130148c25e33102fdf83328fb11721d6b01e0,fffc15891cd4d0690db9a17342d5a9f77d2bd69a07997af853132f435f722cac,b7424ed9269d90bc61de523a8aeab9ac5c0a0045a3619d33e9ae0d805781c9a7,train
/content/section_01_workspace/data/raw/spamassassin/easy_ham/00804.a27b268d92e03d488d534b6e69d98f43,0,d9df281a3909ecaf0a203972045ca5b709a4c30c51b2b9c1bf8d7b8657809600,2f2261f240d8539f495488e779d9a723bc20e6e816c42c9b4ca1a1ac31b3c78c,84bb8b259f8a78cc36a79f706a2cc89855c3227dc9aa8344b400059988566e70,train
/content/section_01_workspace/data/raw/spamassassin/easy_ham/01073.b7af066dcf93f399434af1a0872a33f0,0,6bd134551fb8e78a33a2d2f159a3396fd4f88f2bb50bdce80e4c0e427c17f051,3277bed2fb85d0025d372a02cade8522e2c6e10d262c1f979d82fed90b23b9a2,13e356f292e243d396233cb403c1d1723ae6a7d30ac7784b3fb17be37a56e3bd,train
/content/section_01_workspace/data/raw/spamassassin/spam/00325.58d1a52f435030dc38568bc12a3d76a2,1,53ec54df5ecb41e26da3989aa9b4aabfad83869610dcf47513a7e85a3827b257,6a0fe4023374916ca2e8461b3c85c42381fcb6b218174b43ea48d2e165569817,0e9eb57692a9fd3cd8b558554fdbc7dc67014f9b517433dc13aef696605aa456,train
/content/section_01_workspace/data/raw/spamassassin/easy_ham/01924.1df566db37be7bab3b91a279282a055a,0,ba64a7ddee637a983f09539df35afb2b8062d4af9c2db07f40f3b1eb2501c712,a1b0cff04697c3655ffa3c89c07233493d03401b7a3f112617d2110e76094978,0907ff8d7b5f515fa59d17e54844ed94b0ab2ed17b84502fef1cc471c6326e65,train
/content/section_01_workspace/data/raw/spamassassin/easy_ham/00529.f267247f996b2eab55c6e18b63e3968b,0,f4194a57240793f9a1839d449925a4e89f85c22b88c842307db941b23a5facca,c4f5a4c538923ee33025fbf586c13f1b928fbb8e4664da7dedfe2ab4abfd7be7,502872ee1265263650a0dc3819a9bd650c151f919c55e3b2b66f7c08633cf9c9,train
/content/section_01_workspace/data/raw/spamassassin/easy_ham/02200.2f5bbdb813d3a4f97b7191e764e1ce61,0,863e239a7677e755bcaadffa9730fd7fdc4a8d9ed0cc2fecdac9deec958b0ff3,81a3c1d2a64ac599af58473a7f595f18728bcf4010d7e4234ea07b2abbd7fe6b,34c8a6ba61be8059c61a8716515da51c8a4089713dafc917d957e00166a9d416,train
/content/section_01_workspace/data/raw/spamassassin/easy_ham/00791.0150510afcb54992415d2eff33d5a8cb,0,b12d555f3e5b3d3bcd433e872db94bd5932f0fd8eb496dfc7fd696ffc855c6fa,abbbdb4dde814b45b2d80b77521fdafc2f019f6fabaa22805e602d52370cdce5,fed86e629e2d9a4cf45184cb27235c86d3857eb7b4ec9e6805c41055e32a3455,train
/content/section_01_workspace/data/raw/spamassassin/easy_ham/01394.cdeefbed999cb93e1643908d2c30f217,0,6ff30c3ff588e43cdacbf5806f96f17e00e73b819d901d5d6b7fd683b662e820,f240df84db1ddb918601b61d40206cf932d75a63ef590a9662af609842c03f6a,78a08d990476842343a5e00438fe0cff2d53596cd0d7f80fa60d6a6de9ca4cee,train
/content/section_01_workspace/data/raw/spamassassin/easy_ham/00970.b567daf8f05ff88b2cc4418bdc993913,0,a4538802c9b03be8a6d0e483e81cad45d2885ddd501f3629df9b5a9dd74d6685,81e3f8e2e16d06140571f8065ff5dc93508c835df29791833029f3ded63df8b5,db7c5cd3700bf8c175f19db4fc7ef9dc885faa44995535914482ce72b8894773,train
/content/section_01_workspace/data/raw/spamassassin/easy_ham/01681.0e74974631f665395f5e6b01148b4bee,0,ac8560ebe2144b82e4da8c2acbb1647710f37f566f2cc9ba2243b2ac49e2eb7a,44b0c2bf5381d34d30f0008671fcad1e466431473961b0b05b1c4dac1bee9dfc,82962d2a35a27ec8e8b8b13eae9467b3ad626575d0e7d36fead952d86c7e3aa7,train
/content/section_01_workspace/data/raw/spamassassin/easy_ham/02349.2043804e03b68a6d09f3a08e6a9ec7d6,0,8f938a321e6d0a989d390eba975fd90c776aba138d5a57087f098484c5a6ee93,6d107c712b7f73d1fd64b8a5b7b8e62ef64d0fc7ff4c88e5ff9ce04bf41c3e62,42d805497ce98fbae4dc782db26a9f8dde5b6d144c6e87b8ed735e15c25b2407,train
/content/section_01_workspace/data/raw/spamassassin/spam/00085.f63a9484ac582233db057dbb45dc0eaf,1,1e7b901a63477d068b9151dd2b2a9d4402e7876d6dd762be33ef5b9dbf1b0313,7166f27cf76beee65cc892ad78c3de416e575e07ccefb1e98f51d34a15094972,3e209a6a803c07a6b03043177d7b864fc617e67f014ffc53ddd471791a0c903f,train
/content/section_01_workspace/data/raw/spamassassin/easy_ham/02282.600d0cbbcde2ef57a436ea913c7b4dd6,0,3aaa368a1211d07e247e3bfd3fcd9311d8512c1a3ce3eeb99359f8186f7125cd,6960badde0047f146c412370035b1d388060f4d0d9e7854fd46ee9c140206e37,600efcf8f259c4b9e93a99ab04bd3b0004211ec8671bf06a39565d087eabb897,train
/content/section_01_workspace/data/raw/spamassassin/easy_ham/01404.789355d67d32ceeedce39b891883eed5,0,0d43ce44858e270647a03cd8a50ab0a108c6b137a2f4c96c13c7a0709ccb90e7,dee2faed571b955082917379e445b88b7c99cb98bcd70203da6a9930710333fe,571cc84e8c64d8b97006450fea3d6e1e0356214abb878ea2aacb73b849f2e75f,train
/content/section_01_workspace/data/raw/spamassassin/easy_ham/02026.e6e094c6110cbff0c3a55e0fc5c9273a,0,0fd3bed0ea178108e6c2d968f7f6e3fb5e188814ad475ec0229ba0c57b0a810d,83283be959d7c0f812f2e6769c4323f3c7206b9cb040add060c600eb51e1599d,97f7218e6e4b5ad5885cf5329982d9ce89ffb90810b08b512c7da92a5a6984c7,train
/content/section_01_workspace/data/raw/spamassassin/easy_ham/00545.99996f28814c7028ce6aac44270ff3cd,0,a5f98724e4791f501f3cd5b40bc291941a715810d138085e9e2ddc125ba05b11,6a5666fb716b9f1ef1f71291c2010b37c3ac69ca2bfaa32c042850994d84b80b,b653ca3680a617af8a9404f2e461457434e48ee5ffbf1f72962ab9c2c0a4e3fc,train
/content/section_01_workspace/data/raw/spamassassin/easy_ham/01796.a693e22b61e4ab58fd68f1b52c39e293,0,a5012ab85fc49b1a2caf317f0b85dc05b2dee5d8c001952b59f91c16ac1878ac,0fadff712570d28270438892fd666eeb9fd2edb51ef6946c5d50add77c574ab5,5441d4318ead0e2c16ab81beb19c0d9d22d89d4dde5ab11ab614284bea6966a5,train
/content/section_01_workspace/data/raw/spamassassin/easy_ham/01334.03de0c9d7098f5546c8b95ba9bba0265,0,315553169cc82e99b3bd8cb7d09abc48ca607d1ebdfcbf52c0500c4bfcc99822,2bef382ff35225a1f969779e931ac6c0651093aa57ef8564feec45d193161c82,617c51a2ef42f4b73ab8b69bb797cdbc6e5a08d48f778926ecc28637c4704eec,train
/content/section_01_workspace/data/raw/spamassassin/easy_ham/00311.44caa311ef0bcbaf2efd0c9a4e09673f,0,6672896583595c68efcb392a6c207dbc784a8fb0c92248301e019eff5b74735f,e78d7b9d8e2f2e1835cfefb6e8610b299361ec917954e1e70de4ce434fef4bdf,e1541974db6438f18d68849d9eca85b132d21ca2ff709906007de093d10f81e9,train
/content/section_01_workspace/data/raw/spamassassin/easy_ham/02017.0fa26737f69e42fbd91df35b8c40798d,0,a8ba5b536fbcd02214a76d7c006aaa7ddd8c68908806699c9f3ecbc96ceb128c,eb22a97502a490be953dc58624f0a291e4e2bb11c272d277633fcbe652f448cd,813d4257e54dfdcccd94be8d7f3d0a229bbe3e63e474ea7fb1286b2dd2cf2d34,train
/content/section_01_workspace/data/raw/spamassassin/easy_ham/00671.daf16d838d9b71f5f6cf09d54ebc1e3c,0,8d472a583b4244e897b7779ab2729967a8853fe6dc5e893da13cf1edd0365b3b,1f94b4b4aa79ca20f8011618617b58a2c3ab5e987c65536d559339bfd7853d25,ce89eb463f8bbb0b4bf2933dd4d1254c50faf001d0a1cd89d00d51111ccc9f82,train
/content/section_01_workspace/data/raw/spamassassin/easy_ham/02422.cdeb9f1dc58b063c7d8b14e1f5cd66d3,0,7a192587db4aa24e239fb8f063e1a6ad07461a67b4b1a8e483c8aeb8db91f311,18890b69a3a2d5d30fff0f6804298ea2cdef5d248fd68c288139498bf392f903,ddbfc1922099ddc69410f326ffcc4e4494418953d9a94cd5cb733be9b743c337,train
/content/section_01_workspace/data/raw/spamassassin/easy_ham/01868.387fbe2fed47c184aba7bc60bb90e6b3,0,c9e6e1be26d8b4efb1119db8c60a1ead66121f4b40b1abc282d829c8e32aebc5,86314c7be1940c8117d130cbf265b019739097303b6a5edd06c8e5a42bc8d1f2,e5e7a7b4793ba1a41971244510382b28f6f5d89a279ab9b8e6c80c7c9d37f079,train
/content/section_01_workspace/data/raw/spamassassin/easy_ham/01310.770eccd33b2cdef430359fe8a771e2de,0,92d88627bef0ec265e8018dbf664e2bc9125163fa14683acc18f648379cfad99,e347904be5efcad29cf12af8329b457f66d501204bb8a1cc070022249ba56573,7aa15bfe700bd66d06ca06369600a13216749aa440f762761ba48b5840e16bc2,train
/content/section_01_workspace/data/raw/spamassassin/easy_ham/00374.67d51286926b6af9ae9be32a9e446b29,0,1e8ed6cffd88708bd89091fdea340499757fea086a2b780d1e62566af3a54b24,3a48f7533cfe553bc58dfaba9cbb45b4376d400ac9e8380424119410cf836491,fe147fcd9fda9dc84d049845b346aaa8e313b52f8d1a9162aeb5757dff8b322c,train
/content/section_01_workspace/data/raw/spamassassin/easy_ham/00898.611a5a9738e5905aaff6344c1cdaf32a,0,4df5794e499f2f523b1a63ab80ef854d48131903ea2f29dded36479ce5c352b6,892f076ce693f5569479eff6b479f482a60ae743b7667b2a7e5deaf9a16aaa55,e27624422cac4949daed4adb93248e2fcb55dae25a362dff5fc66c1d8841e936,train
/content/section_01_workspace/data/raw/spamassassin/easy_ham/00130.77c75ddeffde2b89edaf8720370f6afc,0,da8111874a23c2f8a86267c5f1ca9981ad22ae9adb1820c645df023151f7a2ee,dba5d089a195a79f843bbeefb926700fe4f22217e88d219a7f24cdf0cb5d4e17,3ea07dd4e5d16fbe5f726d0a32dbf9641dfce85e544fe9e903227fd0ae301367,train
/content/section_01_workspace/data/raw/spamassassin/easy_ham/02321.0982ccadf7cc01460bc93bdebb833034,0,b08c4b1117fb2f05227d7fd8b1329c285f959b5bda4548f49675f149cd721d88,133ef43a5c5201475e0e112074eeb2855addbf7d06af140892e08b75c785f3df,796a132d18979a282bb3d444929a4c7ca44ecd1fe202d3b17ab87d4f484ab7eb,train
/content/section_01_workspace/data/raw/spamassassin/easy_ham/01257.cd426b4dcf52fd10d26e645b7ace3e14,0,ef75ecbabb182285354a6ea09ef11461e42d2414df4d5ea85b3e1ed5a5a01857,f26bea44425ca393b68bda92f1701f65cf76006dafc004a71e1e18567e9c99aa,388db60e9d097ff316a7cb467351dd1840a6b08e93b0d580c968a38156a1c24d,train
/content/section_01_workspace/data/raw/spamassassin/easy_ham/00805.15e21951a8e03def748ffb6b0de7220a,0,ce21e9cb50cd92385dcd8d8524618d493342f1627aee6cd90d96cb9b16c7abe8,70aa6b680a6fef8333f6c15eb8c6ee8295342611e1664d4ad0166e6272efcbee,2e1a4f581bc90f26f54b730904399a6804c674106373798d97cd537dc25ac37d,train
/content/section_01_workspace/data/raw/spamassassin/easy_ham/01859.8998777b348fa74fc13a7140fd95766c,0,5124abf0e183103846d448342e3eba773001202c7be01c2943c8173e76a09e22,b3e02f62e92664da2654117a89f7e3a5ad4eb5d1b8928e915cfa313969a474b3,5ef0732352b6e18301bdce11dc3118f8bbd0d2d52720ee93a99b1473d42a9f4f,train
/content/section_01_workspace/data/raw/spamassassin/easy_ham/01920.cd24c8611ba6d6f47ea171fdf5907194,0,1da6f14b237133d2d28bbfa007ea272f52e7a60ce5343ecc0a9475e8fa86bdea,4fe875c1f424db9561ff4b3dcba24788cfc3ad2d07f68a36b8cd4225f8b29f5f,72cc5ece6b40615672c130aa50b7ae99cb6cf5337067051a2aa284658cb3dad9,train
/content/section_01_workspace/data/raw/spamassassin/easy_ham/02150.8afb54d691650381863620864dc83f29,0,44d0e1a37888bf9353fd6a083d8c68077779a61fc5efc094574a1cf24c4a385d,5cbdd0cf18259792bb624219c473e08f03b06921e1c51d47c60169ee0ca66f39,234ae011da5a1fe84b0a306d40f9409b75c9df0ab45fdd0d18c4372184a703d0,train
/content/section_01_workspace/data/raw/spamassassin/easy_ham/01250.d793a216ea4b705ea8ea27e396fb115d,0,e53c7c71742481c1e7b3d7d90b47bc37b575471ad102c5f7abaef3ea9dfac1f6,a185e63ca3198cc5a3af31d6b6d835a714ca927e02aa59b82d6f3ec01ae8d29d,c41fb4e4bfd71820a63583c9611e21c44d3d19ac1444a2c88b007e2141a01d34,train
/content/section_01_workspace/data/raw/spamassassin/easy_ham/00474.df7437b06e0b8725f8309196ba8dd09d,0,42b66c99e7b03ee2f0069cec2667c0d227025f849a833158483b23e3856ae4a1,6638a4fb915ffcc458fa94988f8adc9220ff4c33cd69dc2ca6c81dd25b3d923d,15a3734a2c4a72b537361f5149b74d885530898beaea70c941cfcefe621fc16c,train
/content/section_01_workspace/data/raw/spamassassin/easy_ham/00248.668706b3eca383f610723863786d422d,0,aa27235869ffcaefcc86992480accf94728b62869e249a51ff1d25cead24dcb9,b686ccc4b9634a5393d0636b5180845391e938044ac952c249ffdd3717e20636,a0cc1b0f7b5346cc555b667c868f415baef225876f40c7fc6bc9026ccc38b866,train
/content/section_01_workspace/data/raw/spamassassin/easy_ham/02391.96819f50982c2bbe2b1bcb5ac241d2a9,0,198f65864d54c01dc091f6b84a98aa6eb23682568ccac8757b1cc579a0ed365f,7887fc0c2de424e250a0aac9b72042d0153cf118f392e34c31f91efd20d3641e,3eac80714d3bd628b9756fb8d76cc3aa54a4e7aba090ebbf435fa42d5aebdcac,train
/content/section_01_workspace/data/raw/spamassassin/easy_ham/00071.a1a5f4834bebcb59bb75698821cf9f9a,0,c53c0f88aafb7fe99aac59223d1bf01d2597825062ddff1965df57de6a881c2c,b766bb4c3c8eb9c19c3100d3b3dc77caa07dcab3ea72bfc77a79a58d1d7e9afd,bb752987b77e49075b5376b5cdfdcd7ba7c152aa56f41478e7bd2aa3972d83c5,train
/content/section_01_workspace/data/raw/spamassassin/easy_ham/02280.db9948c9442aa9465d50aa344043ab74,0,2119b0e9626576f45c40290f6c70c6406159fa31e6de929e56e4f0728545f4fe,8bb26aec0e271899cbfbbd9990047a7d109577ea3a1dc2e4612051355b775d60,cc0e2fd765842834937b0c6a4bf7cd233cf5beaf14b890cefd26f04c20dea17f,train
/content/section_01_workspace/data/raw/spamassassin/spam/00270.5dcd9ce3be2992222b9038d7bf75a23a,1,eec728149e9886d71ea6cc9578aa6e65a98850fa2adae78c9deb4989e3433723,ad09e24113073faab1cf3beeda25c9fa2ab02d1740e6230fe1ee76fe39091de7,b8a6243e37ba9b19553f123e12a3ab2f1bc0d6d61811e0cc60621517956aec35,train
/content/section_01_workspace/data/raw/spamassassin/spam/00397.1a99f98a5b996f99f3661e9609782932,1,1c7597fcedf31e39be090178023823e092f881bf5a83cce9ceeb6efca5cf2e93,339340b031cbd5efa4cba836356005662eb6cf6734f5548ce412b10f6335f8ba,9446760c7c512d0415f3dd441d2d110e85719b12165c1d6f5bea8328df676e1d,train
/content/section_01_workspace/data/raw/spamassassin/easy_ham/01943.8c51a0c70d8f706da2c5435fe4f2bdd0,0,9c4dceea6fb0da393cdc9d572a95f3f326305f8c8b2bc7ae1bf5873523edd5bc,3b6b33add03570157272bdca2b07b85bf9819b32f773e072bd48e241e35921bb,c301191465d0d2898e387a92688ce2231d47c1746123975e504ad74f57014357,train
/content/section_01_workspace/data/raw/spamassassin/easy_ham/00028.ddbae7c7b229813409ae50c47624ddb9,0,382f7f4669c130c1ec832f6b9e60a4c3a5e0d749d5b24744e3e5963a1114f7ce,8e81a56a64fc8d9747ded108be2e77f8668c697eb85e5b7ece7d4bb4120357d0,0019b48c0cf80b90809b8f0157e83e517852db2ca9ff137eac38056ab43c68b1,train
/content/section_01_workspace/data/raw/spamassassin/easy_ham/01545.0ead90c2ca16ba3631a48c1fff4fa3ef,0,f5d873af83d03f4ae813d02a39bd9131e14e228134834465f735ba6749583040,b317c4c78eafa66e849dbed52f66154432e478586ad5b5ba80f48d87b37c0c12,2c09e7544118ac27b695d6758eead2bb1e3e8ad52abd02e382e9deb7faedb1d8,train
/content/section_01_workspace/data/raw/spamassassin/easy_ham/00316.cec9411f0e3de588aaffde5847356a72,0,38d57288e9d36af9bdd8effaefafcd90c0a1d4efb739a9ca83b5f39674f6a7ba,ceb705d3dfd360580fbc39df59fa4e397e6efe46be5c907886518bf07608796f,1c776feff9e82b231cedba488c704a0314a1e4a5d2d187f7ba2ed688f74b05c8,train
/content/section_01_workspace/data/raw/spamassassin/easy_ham/00774.1af9be3cd1aba6a371ee11dacc7d1025,0,bc6be553aa871977a6d9a09ffb7d19b32e14c00efd2ea0e6e83f6e7d2d4b48c9,09a302c22058c80028e6c09f0914978e068b65b856afead7fe6b067a26c4ef9d,85a65904fb234b81e8580180602142ed902da594ff535c91cdaf0e4aa864dfbc,train
/content/section_01_workspace/data/raw/spamassassin/easy_ham/02042.c31b1794eb5e8972e312ef4b14fe3c9f,0,7c4bfe3ff6a1aff587b6d01510757c36146a61b645d09d60993d46b29465569e,43a04e0a4b8399cf58b1126955703cccf5a7148061341171dd721dd685c586e7,868867037139f10a3ec51f0a1760d0a0f1455bc9c0beac63cd036c5c9139aeeb,train
/content/section_01_workspace/data/raw/spamassassin/easy_ham/01531.b1009af0f58d3f0002fbcb3d95f6c1f1,0,3226bacc0505f127bddc01592be684ec3e78b790533293e80984147fa541c6ea,3d39e8e9c27feba8b0d4c1b2a30fb84d149ae3b3224ce12a0a9a387c7f4aae95,a687c0e75a6da1872e80bb56918a8bb4ef11c4e349951a3629188316522705ff,train
/content/section_01_workspace/data/raw/spamassassin/easy_ham/01353.cf72da836d8b771bea4110c8f9b5599b,0,d2a6d1004e8014d843ee29a0abb3f690b79a5405fa018fe730c5910937bbb780,2f1941c3715e5fcafce8831849f35dbbb50ef4831acb09cc875965e94ff93011,a6d1574b04b51e51e232966e5aa5e6889e313f67fe7ef30ead45dffa974d9c98,train
/content/section_01_workspace/data/raw/spamassassin/easy_ham/01651.7cafcb2d9dcaadd665afabc65c267f36,0,fe0e2838f70e425d8d40263033222928fb307ee888e3561e5fef2e0833e63939,7b56598a4bb766e6dd68828935aabfe55ae597fad8b5e6c3247bb2368489c31e,2ea600c0a2494e6cb40d64fe49b1ad532aa32d2f3d3fa1751c9e436a8171fd07,train
/content/section_01_workspace/data/raw/spamassassin/easy_ham/01259.503b1765330dada13ff5c85d8b5d9d29,0,6449d2c73e468de01966e4ee6bcd556e8be19aca128bceac9d8045adfce1fa1b,f232b7bf7a56636883cb87b64361ad9091ab079913e87616848691a4fadc0f58,66e919e8034b0c85d43d8a70a888048730659a11f9dde9097720d1a77e6af987,train
/content/section_01_workspace/data/raw/spamassassin/easy_ham/01846.af884c94693e5cce571396b4fd151167,0,88186ba1504b27cfffda5b12ba13012a6f863050700267f7114384aca907c61d,30c681edeb8c221c63be84901dd5113bcfeedbc6a9a7aaa6c4666aae418b30ce,07336eacdabdcd53abe13f9a0470e39614e33473ea4971b8ae65bc1b7caa11cb,train
/content/section_01_workspace/data/raw/spamassassin/easy_ham/00649.b630711c0f63812f552cbe85b22f4568,0,d1c5b098287a6be402368086c6ad75723899539205a3b483364b18dfec6fddca,dcfb624920522d097347636933fa683991c5f0317daf7e48669df39d0605749e,39a8688b7b6eebf85185f8ce5dbc9b3c87d838697311272831edc9dda1c4c19c,train
/content/section_01_workspace/data/raw/spamassassin/spam/00392.ffefdd973d6b1bf1243937030e3bd07f,1,18f78b60db3dce557c67118818a97224decccc261b848a79283d8517c71350d4,68ab205e4c6d545f7adc9edb25f77904d88227ec36145a07c4c3782aa2dfec86,16affec4c2e5d926dd24b796e9ca4408f40f1a200263512d0c4e40b8d96abfee,train
/content/section_01_workspace/data/raw/spamassassin/easy_ham/01852.2f84d9c30b714b8acda055bdf3585a7d,0,04776c96d09bccff560becae3cf904a1c5ba9ff32f03686c59223f8f0d13a7f9,6df1320ae17d63dc8a5b3ceb4b541ea50f66d0f81997d2b3a9e7bc5e9d42c6c1,39e806f7e96dbc9a130489c69d3fe4187323b59e53ef0f877c64405a4592bf91,train
/content/section_01_workspace/data/raw/spamassassin/easy_ham/02080.dada2901a28c2e2eb93daad554ff9e0e,0,41962c91e64942cbcd5b5ee4c56a88be4df9618b1444025d2974de4f5e0c6650,86898f8f13687fd255aa5902ec0ff203d38f546a3a13ec9996912605b87f2815,22788d566642990a27fff3612ca1db2fd53e6a801aca7b2cec64621c3b800dba,train
/content/section_01_workspace/data/raw/spamassassin/easy_ham/01771.dafcc5e0c21e3748ff6169c2c9fa0e63,0,4badcd52b6936a53bb8619a635ce2988d6dca64966dab2e3b68e1d1bd400730f,96792f1c965046d1c5bd598994c56077627ff05bd7c187aba268d5ff56e17c3c,dd5970a590b19eb53f12fe8352b2034b113b7f762d26d559d5fb7fd1f98b98e3,train
/content/section_01_workspace/data/raw/spamassassin/easy_ham/01169.ef0eb0827674dd4d69006ed7cb2f6c8c,0,98510a42d834cd1729a583de26095f5ce1e52f1df55557e1e383ef21c1579bce,4c6ffb00be2c0a211a8bd2a951d4c826c0638e9e24e67753828c4a004b5a99a4,ae2358c20125eefd34d31359e7e3b2e9ecd45def5ecd2d86eb21733322495294,train
/content/section_01_workspace/data/raw/spamassassin/easy_ham/01689.f3dfa7db118b7738bcdaa1cd81a0f1e2,0,8b811caddf0f7e16fbd1d33addae768894e8590d9486a8f8fb5072531615ba9a,dc172869e2d0d4910fdd6b856a2bbfdd6bc7e4128641abecd3c60478e8bd7b62,451bc4c6d5a7e5c2f8ebb5e3abbc7684c568b5caae2ca700f61bd72a3249b041,train
/content/section_01_workspace/data/raw/spamassassin/easy_ham/00243.356078a6eb0847e4670477133553b3af,0,2510768f51edb9236791492ab185298d7dc33763fdb5a87b74253e550704736f,f0e50b6bc74614f4321d18af99fa9735dec6bf0b6c1502c928d70e200324e426,ff9a827bc9cac4ec8dd8b73de07711804262d2a11eee3c1c9964a143bec5cec4,train
/content/section_01_workspace/data/raw/spamassassin/easy_ham/01149.a3ac28c8860e0beffc8ace0ff49b4532,0,a1c243017be9da4f471498d81461849c729707f70b609108ef5ec57962cd7695,1ef571402bdcf2094ecae333d3c75346f49205dfd721f36756efd46feb2f8489,e457d48f4c1eeaa52c2dea382fcfa3fe87cf433408a4a65c19327d29cd6c90e4,train
/content/section_01_workspace/data/raw/spamassassin/easy_ham/01805.10159c57f30716e6768671cfdd865e7d,0,735b9c997e1ad0462cc5c14ffd3d2e0d1d117e7407021666bc36b5cdc57ddb4a,db6e2ffe2461ef25836351b37198b0bd6ba2c4947e0bcfe3622f90b7fc73bf3e,ab68231a48c3a607ed78d84fe6293b818390a009bcccaa5a7bcebcf6ff0bd2e4,train
/content/section_01_workspace/data/raw/spamassassin/easy_ham/01515.8eef4db7541adb66e4da229a41666635,0,9727e35c0edb581b1eabdfd68f7338d3969de7b7a15f2b18faea7855ddba5357,2c642baccc118384cc67da144360084a3df04b3a93b0e78317f0412472ea8523,b9330d2037348386b69832a9819ed8f6bab464de09219b83ddf46333c0a251ec,train
/content/section_01_workspace/data/raw/spamassassin/easy_ham/00867.9e8b300d814c941ba6bbedba138239f0,0,4ed01e70c5764d92cbf46a23176b1e9ffc326d43bd7e463848c4ae35f71eb073,5a059dcee5aa10aaf39a4f49ec59f299013d6b7d61d6f5432f9763cfb756d72b,efb78052ca84f300d6a55a804b652d801cf2d218e8810c78c34d5ec7256d9103,train
/content/section_01_workspace/data/raw/spamassassin/easy_ham/02044.49050939c26d30dbc6f6c21bb5d20879,0,137a15d7ae324086a97e165a35a22cf2004682955ff8fc8369592ce0b07bde28,0a989c84de5ad3080afa6ad6f2f7da12a97dfd48f24df4e0619ff637a88851d7,702f65636fd102f70776b42d0b4b65efc395f456c54c95f877a7fe7419e74946,train
/content/section_01_workspace/data/raw/spamassassin/easy_ham/00098.90c05d1ad65ea3fa796bfa2808f71052,0,76bf895fbaca2cda563eb08cb82ab41c55663e89967e99301ad18ef6ee7f430e,f599d3216d95f05d05ac609804065bef628b79ca667e776c166a7f5f59c95fe5,2f9dd042efb2d1d67427a54db1383ec19f7ce90364dc737c533534dbc030e248,train
/content/section_01_workspace/data/raw/spamassassin/easy_ham/00490.4734366879f0805c510b6665d99d8fec,0,2b62fa6bc140cc925190316e2148a828f30eeeef9ab652bb75867d62d139e032,a751b876e4766e5c0bdfe41f534407d74a229e52d5c9603f02ff0df4ff375587,4fe064745ceef552208177ed46ae6a47f12f6606cd56f0c74fbefb3ce4c0f9c9,train
/content/section_01_workspace/data/raw/spamassassin/spam/00479.a2cd6780001042d8203b05a6ab0f34ac,1,31aece47f72929d957827b15651a9cd5b7ffcd7e08fc17eaec86c2947af08715,86794d1e152697e65936c3ce518756b7a1395f620309868982e0ce6f5491bccd,5e5d9532b15cbc49edb46ae7d113eedc6321bb03649aa88d08dc020ed5cdb427,train
/content/section_01_workspace/data/raw/spamassassin/easy_ham/00309.ac6da28f3f125547c80fb3fccc295f0d,0,b36d853c01f7278cef7904e8361d2ffcdcc4feb0fa28608eb4eef794ee3701c1,19896ec94436da319d29173769808707d81cd26fdf0ff26cbaea6287056e18ad,e6c0b14b768b26d532db81641113dd7b0531597c222e7bd2da4a01b0f1baad63,train
/content/section_01_workspace/data/raw/spamassassin/spam/00368.2c1ab4bc7f408e0fcb22dca9b2d5a113,1,239f270731633b53c481c6e8ec57d68b2b5f15bd0da65bed6ef01e40e47f5687,4d513c648757ed7e76cedc54024515405f4ec13f6e88bb9b72b43858e46a25df,297de91e0311d3b93e944f324f23c0780577943c966296b2ce0781b9945b764e,train
/content/section_01_workspace/data/raw/spamassassin/easy_ham/01837.35d2e6dc532ce52d25be82b08b6daf5b,0,38b6f24702c0a8af7d6ea0ea2ef1143535f5ca056ecfca9f197e5d7d6d7f9b9f,ca6fb6399d010b3ca85703dddaa149875079cd957d7d45d4c4925656dd1c3f24,a8221670125951ce1c5bf5e9e3b9b8be457a0c454435734ccafa1b1445f52c63,train
/content/section_01_workspace/data/raw/spamassassin/easy_ham/01578.c6f29a4932ca0d892e409d8233619022,0,08da6f8d42b7e66625dd9bb8fa3e22072ff6918465df340607092afa330fd15c,83814ac1c5c5bf900aafb1b12bf33f3ecd76b280b7b475f3b20cbd9fe993eaec,44c3713b5121e5a368e09c20cf800826da879a3b2d95da56e4ff439bfc5983dd,train
/content/section_01_workspace/data/raw/spamassassin/easy_ham/00728.b5de363dc254b32b4a44fc37743d9322,0,d3b7353ba5f6d631559dda01a1f6f53931191d99565255f2d37166727346643b,c9c70b81003d391587110d9c5ae6a5e289642bd8f144ae0cf4c0a28963ad8c9a,c745ee65673741e2a5f6beee990025a72beff6876d81a7b866ae4678d4db76c6,train
/content/section_01_workspace/data/raw/spamassassin/easy_ham/02385.f62055b86361f86a511971dfcbe54fd6,0,436fd1ff9534f5b0520c2723d005e5bd863ac3522cdba80460891cd8d1310f8c,89ecffc9e9131048b45924e33d746365b846501165791bf10b4cd2239c58d8fa,86d50e82f2f94ccbc85834e61cb390ee4640d6e95256dddbcd0edf15679034d7,train
/content/section_01_workspace/data/raw/spamassassin/spam/00301.68fe7955b96d085360ca916289e8e716,1,df42cfdd5f83ab8e2e9e09e9707b96b166f5261faa66597ca1053b8c2b25efaf,e3a9167da3b81708cf9d04e081bba120a7cb2b806e06a7ea8ea5391a4e997d5e,ce98ff1c096649fc78d2f7cc718aa168702b7b2086d16cf8947ff067ab4be4aa,train
/content/section_01_workspace/data/raw/spamassassin/easy_ham/02352.7e2d173161b2e106f6ebf8bdce836b82,0,a0594488cdd415386617ff25eedb3bce079c521dbc74cf190144de389cf29f7f,5845cd336dd855bb2a08fadbbe023a6ff03f28c66778a9bba3688c0241c499a7,c1c75f2d62bd94bee7f37923c33ae373a2ce0cd46f4191ed13ea9ec8b8159af5,train
/content/section_01_workspace/data/raw/spamassassin/easy_ham/00595.7182665eb052808e2061bacbc75ed5ee,0,298cb4ab95f7b0d337cfd08af3adacce9e8466d5a52f66588c1c78512a94a2ea,5342de2472a068126ed8df94628d8f05b5a6e87b3a0f4d96dba68ee66ed89cb1,e12f750214318c7023ef9b104a2d88a010ef8389b265343f6184d2ea14ec47bf,train
/content/section_01_workspace/data/raw/spamassassin/easy_ham/01036.e008967440cf8ad7931ff05a1a845084,0,6f449ed96b76760a8f98dede04d45e3b08579051f855d624174781e40cf9071f,0f1cc247f86311043fb0dd83766d31b551efadf2a0972968e37db31d63f46915,f083933568574570a33a14a88e86a5a996c38edbefdd2bc10b7147c7be946f82,train
/content/section_01_workspace/data/raw/spamassassin/easy_ham/02400.e033408c1d071abb62c3a1322a87bd67,0,27cd2d99fdd4c592245f9a4e7a87b64217315e4fd073728c469e0d74df0930ea,3c017cc2fc745d79106a2e9040ecccfdcdbce336e349529cbc3edda7b24cc5cb,7bc7b286ae7e6e610dfe604259a04216df3b7f672a1552706f5311cbdd41b0e2,train
/content/section_01_workspace/data/raw/spamassassin/easy_ham/01044.33acf4acbd1ac5f96486771baeda20c7,0,dabbbbea51f196a1978015c448fc03ffc5e16c20e03bc4764ded155c29de35d5,5e0a18039188fcd7932280e3d6e9574b995307ff95a10634901af4cc6df6e905,a7be0cd576f16b3af51f84bcab786cc80cca9f9cc1347bda7b5f0928587b7158,train
/content/section_01_workspace/data/raw/spamassassin/easy_ham/02021.8cb448c156646bcd63bd5f4d801445fb,0,169388980cd9f5b5e91c96a8363328461c997fb210924962a6c20a3102d592b3,07e8f9f2c91937994da2525d94c1367cda0bed4cf809be15465fc5ead40edeb2,f9bc2078d2cd9139a9c73b8b3183929b563817adf01be2f9fd63f447f87d8735,train
/content/section_01_workspace/data/raw/spamassassin/easy_ham/01892.701fbf72f73f9dacf3fd176e14660a04,0,17b80b7cd21d76ac7ec05c178058ebbac6a285d74cf20a0ab5576f868c1ecb40,e11bc09e21c3254707fa2e288ce0f8df4565a3aca9e35ed5b885006d92bfc055,4e5e81c190e73b53a6b28c27f3a7ad45f55be0ef29f75f064c111e4d4f4485d8,train
/content/section_01_workspace/data/raw/spamassassin/easy_ham/02025.0beab0f85f7c33fe9fd50d2006defbfc,0,e65c1ad86717ee2e3b313bb017b93961145fc919552a529fa1e3e6295309dfd2,6dcb4b759e645b74ff6382cd451ff818392fad814d1b1f9eb986b5e949d0173c,9c8d7a1e69bcf4605c895e788781a1cae7255bc2ff19ffa549163224a355847a,train
/content/section_01_workspace/data/raw/spamassassin/easy_ham/02291.c5c8900bccc84c58cfb6d73ab1b678c6,0,1fb6c49b900ba3eefd9cd73cf5fba53ac9758b4a8825069c2df55caee8c8361c,944a8705b0d40e8f2b5db43641357daa481eb701083ca0f5ed4531f203a35ee7,353b02706c2ed16f939b1b57e8023ccbeefc49e60a5a37daad2e16a885794b2c,train
/content/section_01_workspace/data/raw/spamassassin/easy_ham/00244.d6a35c3356b3796b5ddc77ed1b1995e2,0,871cb42b93f78c95b94b44341bbc87cacb959aac4a26a105cc954b5ebe14d326,fe065ad520f4cb1f142685470d6efaa85e543ce689c29e8104f25d91fa47c436,d3faaabc4d2c4d255c52050ec707fc39430f822f092e5c68ca495f41e27d81c2,train
/content/section_01_workspace/data/raw/spamassassin/easy_ham/01872.12ce21b8ad1ce1683ad4ada3ad4d3f8e,0,c579b9a869e7f370d0776ca1522e430b6380dfd46df573e354e226281c53dbd2,3bb955a8e7a002f35182c241fcf2666ac3ab994fba74b4739fbfc8f520b5e405,c068e6a7ea647a08ebe6dff84fc82d35101974012a51f5277fa1a52855815f10,train
/content/section_01_workspace/data/raw/spamassassin/easy_ham/01851.7d72251b2e0ef6c5092d34b393efac00,0,3284fc0bd37f623510ba1847739b8d1c1a17bfcf53e7fe414e166d2e3dff5f76,5f3a93669aeacf4320a5928c1eb4fbc15e7806d26c60b0e9fc9ae239feb4feab,dfd92b3a1fe7ac62be044d48eac8b0ed1c0b375589de97193e462dcd6dfe7c75,train
/content/section_01_workspace/data/raw/spamassassin/easy_ham/00749.5f32bf86d99139f3256aa4afdd607f58,0,cba2df6115cbe5187e8db40d5a0593b456fa7b3405a2b226c5b5222e403f401c,d4ba16797f08f90646091ca90bf7987e52eb58550f04e8ffc42c240347f43829,a8f4aaac0f148cc8f716a469c5d53f28776aa20fe05f1867d5100e995f1198e4,train
/content/section_01_workspace/data/raw/spamassassin/spam/00071.4b7e06d97286ec97820a0f8725878126,1,939017f0782a8899feeb77544c84ade1923acc19802eb165ac1b7da0f5864277,2e1f02252f264b7d67134a34ca24aac9fdb74416c00c0b1de5146ebc8cf82481,dd65d983e2a3e11b9cec17f6313763e66e41d9095d0215f223335740a68466b1,train
/content/section_01_workspace/data/raw/spamassassin/easy_ham/01006.4a648f164dd2f6076f59272ea14c3c03,0,9b28993bb15e1a1d096b15b7d01c7ae15cea6fc2c806b07d0f73cda0bdf89bd7,bd424dc0cb81e942f983d448154c7297c1067323b8ce688a438233a1c5f457d9,ddc03dbe3eaa9414455043064dac50634175793fc13ab6cd82eb47f409210a1b,train
/content/section_01_workspace/data/raw/spamassassin/spam/00477.24ef7a042f97482f884387c75249380c,1,170e5bccd1340b167465a85e9b402ca69734a69a843d17f4927e1f6b083d1bee,49f1939c8bb4af8bb711a77e4c6c0b30851b9a764e7524bf2b97c7ded453a92a,27b25710fc3156eae26e2e2ee5e6dc98d548b7bc580ba32370997d6e9c4e58ed,train
/content/section_01_workspace/data/raw/spamassassin/easy_ham/01231.6586e5650d4dc69bff659d38a695721c,0,f2da9a1f040c56fe30dcde9de9b6cf1c24c377a934078ba56e4bd8b3e58c4eee,bdf39664e559d3eab96460310b37e90f0596ba88778540f4a07e131c91e5e079,aad7349dab0d7f446c7acce9ee4607eb18575853770d273f8ebd8caff1475dbd,train
/content/section_01_workspace/data/raw/spamassassin/easy_ham/02358.1a83ca0239ea10a6b2b19e5b3ef8a01a,0,e571d2cf5d6d4abba83a93c1a07d5f92e97d4e830c43f609eb491c587a1e10c3,815f62ed33534182e8de9e7ae5ffa9c1a4a0919dd0abe311d25e55ba0ea3b4cb,c804ce508c078e4e218fac4cde420e30ffa46d24573a190b440ed759e10f8a01,train
/content/section_01_workspace/data/raw/spamassassin/easy_ham/00923.1a2af021ec7490b689a04ecd0226f9d5,0,73c6844bf495300017cb803d398ff7b36b9c374156d7fe661777cb13eacb16f0,6179d1d737e5255c29f6974da0f5ceb8a7fdcb0bc9403a4c05322b8d941e01ab,a49d32d78744d172c42c707dbe299e814c81e63d518dafa08f55e78bcbb7ae83,train
/content/section_01_workspace/data/raw/spamassassin/easy_ham/01205.e3401c959bace9b175eba8c24da908d2,0,54909fe98951ed2657b32e98581e924023015784e162f8a1af6eb1ea00b2ac65,759c543a4bc8ef0ed1bcce397601ff785d91c9533e7029c2b14bfacd209a26c7,759e8f0aa792d47ac294df923a3e7a87b6ffafb1ffe29475877958382e00d6f7,validation
/content/section_01_workspace/data/raw/spamassassin/easy_ham/01292.554aabaf0a334854817cf994e6951ada,0,298ed370d239fbc151ea817f5025b8aba7eca3b11ad169f73fa9cf53c4e955a6,b86087c5537d1413868bf37e52f03a4ef6f402eb5e830b41d263c25fc8a7d714,002c0703d9846d43bb0c79ccba0b3bb38540c60ab5c7de74ea998ebe1c87023d,validation
/content/section_01_workspace/data/raw/spamassassin/easy_ham/01886.a5067b050d45de749e4ffb058ebb836b,0,718d339f093d87f42e4aab9f6f65824d68fa7a47fd9df28522ff92851b11b790,99d7e931e9d1f30ada65cd06e173b88f51a9c7c1e0b0d3d0407ccf2ffdf291ec,ae097720d464ae0a1750ccaa27acae7b4461a283ff9ba1add639389b431e6256,validation
/content/section_01_workspace/data/raw/spamassassin/easy_ham/01627.99a91446ce39d668286e93f7703dba3a,0,996b5073aa9a01fc53933c907c0ec66d7d47493ac0dbaaeed7392bd20ddc9f2c,555b0f74ea474f5f890aa86962e7633b23bb84e55c8d8ed9689ef3b850021dbc,9c212f70f6be797643bf860b905f97bc360d601e17da3b6c836fc55ab7d8891c,validation
/content/section_01_workspace/data/raw/spamassassin/easy_ham/00518.9aaa49b7c1be4cece3992633347b8a40,0,fa2b4653fa24adeba9a83cf3de5776939090258a304849415e13dbc26512e770,8f206be67b6ccd5bc0d191d57b89e546a5961733b4974e6da21020cf8ed88eac,725d79a5d8f1d72ef6e11e62b787b54a6ac18d24f9f9251875dd194139d842fe,validation
/content/section_01_workspace/data/raw/spamassassin/easy_ham/00646.866a1abeab0f141ef2de39b398134d0b,0,46e94b0fb61261cbda8d06919ee1c4db23def8d2525e4e8e57a50ba7465936cc,862d497a891f7e6de9ce6efd108f7d0d6e445b647d3d55a32dc6d800fe953749,5fe3ba926ca2816c21d0eb4eebd937ed4c6597ed1b553aad894e8b8dd912699a,validation
/content/section_01_workspace/data/raw/spamassassin/easy_ham/01899.c95b24588b4ed006af5332e498a23723,0,2f4ad0648340b07b9c777dd2670e55abff8281b26210bf9d6fb48dd13f12b2cd,564750a51ccd6d6e52cc9fdb1be12c44dcf87e051e7a9b2b5c9cbc24257b5707,532de80bf73871f473ac6c9c278bf2d879a6b77779b6cfa558005d789faf8e2b,validation
/content/section_01_workspace/data/raw/spamassassin/spam/00020.29725cf331fc21e18a1809e7d8b27332,1,7386a92addb9a57d2ec34de38f08ecf9cd08f456ade765deb475d1d193b9a33b,701dba101ffe134a3ab2b7ce1c1aaea3b8925daa6272858049ff793cf4847d83,0236bd35945d8595708a5ecc67ba13fa1c6cfcf198fb5162796cc06f3dcf359a,validation
/content/section_01_workspace/data/raw/spamassassin/spam/00263.13fc73e09ae15e0023bdb13d0a010f2d,1,71f76c86afaf6f219a7058225d44ad8d967dc9455dfbd20e9a0431a0cf666ccc,1bf2ce8313418e975216033720baad2ccaa8efc2551a5cae3763b1212212eddf,361623b81017f57284273d2f6724e1b7c85dd1cc55d953681c2d77fa01be2c25,validation
/content/section_01_workspace/data/raw/spamassassin/easy_ham/00664.dd3769251f79f493bd990b8c3f870f24,0,ad6b07190f82e2a96c9557d4daa3b173a360d11c1351a848eab2a119cfdd45a9,122c084acf74c2d8b6d504bfcc5cfabb347b25fb213ba5a96aa983fad0b3570f,324a894694a13114fe5cf8b0b75914a282dc514493c22f50348b2c29be5fd3f0,validation
/content/section_01_workspace/data/raw/spamassassin/easy_ham/00888.b1cc484869abb3e20ae3843f597dc307,0,956eef3fbbb57a30a1a1f61e0e884bfe93a5775899dfc7880da4f84d8e2344f4,6938277a23c30928b2ec507d1ad0578cd800b23d413ff09204e0dd92417fa644,bf24c514695104215ad9de4370a0e82b2e89c69f989b8293aa558c227d5e6086,validation
/content/section_01_workspace/data/raw/spamassassin/easy_ham/01029.2daa3bd281a583d4044a97d591e5155d,0,cc567ff795c147fa03f97475327509f5ed20f2e1eec5f7a2f5722e2d3e03aa86,7db810d27ed6a17c17285351ce2dff04a52a7d0fb0f0a2dede88a0653692f37f,c4860b63388247916d3027dfa61cf4f57708328fb3ed651f19ce7c8c17079ab6,validation
/content/section_01_workspace/data/raw/spamassassin/easy_ham/00229.5ee5fd3867d69cd25a5fde771fda0094,0,dc730a9fa12d17ccc81d24f346ad64e4f4bd51554ec31f1ee339679daf215a39,87e63d1106feea16acb635bfd448f8bbbde6c2bc0773fd2d1ef91db8ce000103,9377307aed773c96f46f85a977f2f9176c4112d7871aca485fadb509b43a6007,validation
/content/section_01_workspace/data/raw/spamassassin/easy_ham/01508.8e4d2554f8964f6b4d78170884abd0d3,0,cb970cfad4f1efe8931691ca0ba113a8c1b5d46c23d1fc5fa1c46e1606c09d35,caed6ff4f1b5fd59c1f209f35560b29747b8bc35d243ee2cb5e036b1f20745f1,b3d5e7215fe66910b5fd6ac39b7949b6217704e0eb63e72fd3f6bdd15f6f6795,validation
/content/section_01_workspace/data/raw/spamassassin/easy_ham/01499.a60b4403c9b03c1812b8aaa7d3e666df,0,3185f52f58845f1f888b3152110305905c65333d457db3b99b5f90f16bc30679,22c8d5967938948bf547f5919880a5a94bdbea456cb959e2a48b867b27bdfdaa,400d898a90c4f0b1e2487f176471badaf201098e47d2dfdaebde0c2d4680efba,validation
/content/section_01_workspace/data/raw/spamassassin/easy_ham/00208.f6805ede51fb25adfc2bebfa72e70f3b,0,df025f07688e186be8863ef0e65253a76bad71f0a0ee3cc689f848e46c4fe5d6,993916a047ceb348d834aacf64df0c5ee13f26dffd3f6596a182654c72068683,807915976b72076237bfe3d917e7944e607779a0f2a4cc7ae24b859ddd5f055d,validation
/content/section_01_workspace/data/raw/spamassassin/spam/00067.ec108870b01dc3ccb8fabc5def869ca5,1,8652ffbb2f2e06cd75892ecf15274bccfe7fa4e17cfe8155bc53b8ff0901b92b,0d1049bbbe1d1ea60adc2eb19a092a529eda95f12848328f1a7f2c86fbcd4cfc,ca2c12b490618020de3e0a1018226d6682b149f96784b65adce806262fd26e26,validation
/content/section_01_workspace/data/raw/spamassassin/easy_ham/01219.45cd32c7d6ff5dcbc288797d8e8d7514,0,8ca4f842d6af459e1129b7b7871d4ba419c3febe3e4b90130cd29ab521bae436,3eab8a26a41a3bfeb426f59cbc320bca16e9de318439b7b5d7d2913a4fa11aa6,c0cd32f0b672bca0f65c6bede9c5ac1abfc9fa5b2f3af2f76ef530e23fc5636b,validation
/content/section_01_workspace/data/raw/spamassassin/easy_ham/02106.32e64793fdc81898147d99f0f6088022,0,f909af0dd9f2593fec1a78eeffdf6ce224fc04b0acafb149639b962100587c64,57c1c663b547d5919e820b108a7607ff1446fff60153063a4c4f7132249ce228,4a2064fc8e47f901d60a79b6fa7dd5acd1472a3dd3ae82a95c0d660d966ca6c6,validation
/content/section_01_workspace/data/raw/spamassassin/easy_ham/02438.46704858cc30f315ab2c937257bdf43b,0,58c1ab8ec78adaa1682873c2680323a39658bcc89eb5f9d4998ce0f63f6171f1,f1c36647b3fa8ac9e794a5ec8740674700ffd780b595de2f81dded64664b6c78,19039d9ac78c29a57aa5a269deddd0f12beeecc2f0a2c1f0f3b846c50296b6ea,validation
/content/section_01_workspace/data/raw/spamassassin/easy_ham/00588.708ecb20113d4c80b91936cd1c86b186,0,d0f483ca18d0f6a060b8a098e595b5ba8c0df8ee1b8d5577f06ec242440620a5,ef34035b736ee106a5301667268d5f648002274b59499f1788e41894ec049278,e5dc4cb15208ea12afdac8898168668354b41824f796714113d333bffaf86220,validation
/content/section_01_workspace/data/raw/spamassassin/easy_ham/02279.4592a8960372d98328df98397554306a,0,792b8b467d8ad7c08176ade05e842888b28da506b6fcb97f08d871542a95e5c3,2ec2826d2c54d10744af75feaf251d87a1007a6bda82082398b28f15d867e0fd,d83ef3934926d08b9ddef5202335a9b3aadfd954e025b344f59d96f40a1be8bf,validation
/content/section_01_workspace/data/raw/spamassassin/easy_ham/02452.22e8f668f27122f74442cd887a02be07,0,db7d5336c17a4b4b09d564bf63f18694b9598d8fca63f47235e8765819c6545d,31d4455c37e4707e59fc61157fcfbedc3be51bce40a7e644fdb35ce6148a5511,e30a8df3b2e604c4794f5d31f7fa8b1fe55af2cdeeffc1166a62c4592786003a,validation
/content/section_01_workspace/data/raw/spamassassin/easy_ham/00601.3db4b70f50e83050fcec38b75dee609e,0,3cb785293c2b70dbf3b675dfa5cc814af3281660aafe5fdcb97d87f73b2e4b5c,9765476d14ff4eec4dc3bc6d9844c51a118be1cf52bbf06d5c77271e67cbe68d,e5223c7141a367aaf424cd7a81046e6f7349b75c908a2ae83b6381befbd28e8f,validation
/content/section_01_workspace/data/raw/spamassassin/easy_ham/00968.747f6cb40f4a18a2e7185454549d06c2,0,5c11a07ef382d351150bc4f381be8d2fc5af919450491138440b37869e378aca,2b32786c2bbb809c557568184f65f348d962492a884586a590671eb7a6e062f6,cf3bb6224d516e855cffb2985e6263429156cd3e1ad85c78938e26ad0b5d96d9,validation
/content/section_01_workspace/data/raw/spamassassin/easy_ham/02423.1dc909c6b3be62619e6679bb3fec1ab0,0,c9716b2dd2050a42f5ae08a6a0a13f508aa47b780c2b13f07b0173033c17ea1d,eb1992a4a4a564f30cc615d587c08b465a16dc8df65a663ab997d035b0f38ea9,cfbc6c1937cb7d9a2b9142c0db0b3133818909bdd6c32e703d849fad5422a436,validation
/content/section_01_workspace/data/raw/spamassassin/easy_ham/02383.833224f74156975eb4364e6a4ddf9a0a,0,09bf3e55bbeefe06f653b41e8100ff9d28cd2fe2d2fc178160ffc38079ad571f,f2e61520a653b55b9eaef969453539834af46f1aea2e444a71c930460d4982d4,3d925422d44f829ab44a3cf20b0b3fe06c7fca57500e0b7b36ef033303de2995,validation
/content/section_01_workspace/data/raw/spamassassin/easy_ham/00480.a12b636b1444ed8273930c901422c6d8,0,77a66a682747108189056dd5f9336b86098204abac4e12ee0392ef4c7794c3d1,c4a5c0c2aca85be7fc672b6689e0c3032b582cdb8e1791c81e1549234ad84a23,adc600631241eae9a59347eedafba3d33a0fa29c397631c5a0a47f7d0456ea99,validation
/content/section_01_workspace/data/raw/spamassassin/spam/00378.143069173c8ee0047916f124032367d1,1,8341bc3f929bcf5ad1875cdbfbd6feb456c896f95072ff71f3545d160b910ed1,fbf2a8250c22316261c7c303a6539dc563f7b19ec5d0d893aad4de1336df24ed,1424d08d0318aab7186145d71d88abe26292f54dd8c176f0dc8772f2a2da6c0f,validation
/content/section_01_workspace/data/raw/spamassassin/spam/00272.8353b9140b08dab4be0e8ce53f09172b,1,e100b62d660d4ff03c90951ad8b2e582f660872152cc76229a90dd8ab7a1248b,f2309f0c278bed3cd639df058109b735496430d8fb07214ac613bfac996eb698,71090c6e863d7d6fefaf5cf8c8dc550a9e10f3fd2ba93eeaf2320f343a4f6270,validation
/content/section_01_workspace/data/raw/spamassassin/easy_ham/02147.755e772a933ae1f7a6311e10bb298532,0,31adc57a18e6122dd256b9ed5557ebe74723eb0c13887f73ed06046ecb3e50bd,8050626265332edbd7a85882d3cadd72d4c18cc62c6c13c9909981db7b932e60,f0accbe74944969715dcf318e035af34a384c36b9d8eec6938506a7344bc61c2,validation
/content/section_01_workspace/data/raw/spamassassin/easy_ham/02030.596414a1b7f0e928af1b40535a6cc0ca,0,2b4746b3349587766af9eb962ee75d5fee756b24010623c3dc6152443ed3ea37,f53e2edffefd6af02b474865f7727a5f7ffc61f6e76d8ad3c50b2f8b260ce75d,d0af0e013613bcd4a9a596f6b4936b44fd40b71796d0fd6d8a3fba50f25a21ce,validation
/content/section_01_workspace/data/raw/spamassassin/easy_ham/00186.7fb6108d51b6cf37e682b16713376f98,0,383b7537675ebf4878f4329997dceea081796aceb2671b641f71977ca65399ec,ebfa9c0c61f7dfad18cb790e61d3e9d48d90ad28b26c860b1b116951c30d3774,ccdcf911e2a246e63f4125ba91bcf30e18fa9702220bde9f79a7b1db5f37b835,validation
/content/section_01_workspace/data/raw/spamassassin/easy_ham/00362.bfb007d2df523d5e4ad58dfcdbc1b8cb,0,49b2b743ee067d4ade7e9d9a92b6ac59336ddf76949525aae6746b9622f2fd10,44735c9e364263f48270a6492860cef7de54503a7373660f9d11cdec9b59e60f,823809b0ce6439856250a6c19d3166369242b952723f122cf10fab09d1bdf1a5,validation
/content/section_01_workspace/data/raw/spamassassin/easy_ham/00714.16c4d34ab2c9622fe82de9570946f9ef,0,5c0f756ae25c957b71e5c5ee618764e246873771bdc472c6205e284e851bc481,6b2cf5aef4680f2b38ae8a95cfef45f086510cabeff0eb63e04165bb75ec978f,92b94db36250ae59c1e01d3517f4bdb1723c4afdc95301d15b2854d9c3730ac2,validation
/content/section_01_workspace/data/raw/spamassassin/easy_ham/02433.9cfb47708291604f2c38393706175160,0,313b9cb3cb9b1c815e8b16314ab70f22222c9f81a27e841c1c4fd49861f6bc66,06af3c24b7902dcf493b7f0411c3e2aba279c9858165ba49b419cf7fa93b6ee3,2116d679f8746467dbf1af096a18b16525e6a06524467f09421bec96088975b5,validation
/content/section_01_workspace/data/raw/spamassassin/easy_ham/00469.b1d31cab7c1b3b5897393f46ce62b3e9,0,f8ef77f07415214542822cb4474f70a077133ccb6c7ee9b44e535ce311498e48,8aee89cff749e0d45a8d95a97c458b3b5517615e91ac503a920f1a615a2a73d3,e923539e6d0ee94ca6d485e9999ae83cb1d4a012bf70d379b90ced308bb640e8,validation
/content/section_01_workspace/data/raw/spamassassin/easy_ham/01656.705cfa5ceb056324fe8fef48d12754db,0,63322af6f681008238f113c329d91ae3f32a200d08f9fc9f896f1b01cecd4f0c,95103eaac7779e71e599fa35e18321c7318b4bc8b09e28da4ffdb36a0d61902e,6d9779f929a5c9488640218cf632219a6c9f0843534b3bdb933ceca0ca4b6094,validation
/content/section_01_workspace/data/raw/spamassassin/easy_ham/01658.eeb706ce24cbbf2cd21648a4781a1464,0,efffe42d9cb3ad1aaf5a6c98255c4ea15b90a29288a42163246e2728bf928713,94ced1602032bbfa7eeb48a46e0f590a7cd23c8f92802eec104ca3ada39fe26f,bc3ee06a9f244e3a230600633a18eb91f8d518ba4dea9c2d0f8df8fd9c9d781c,validation
/content/section_01_workspace/data/raw/spamassassin/easy_ham/00045.f0a8de2cf2b3cf745341b960d7a0119f,0,19752a422dbd2437cb40139da34c95198aadcb9474b9c7d9e92837abd634fe3a,aebfc0282090b05bc95d936bddea3cfde7cf2d5f64805822f05bf8b242dd656d,ee27c7798e2b809f527333c029b18509ce953a58de228cfa9b0fdf882dfa27f7,validation
/content/section_01_workspace/data/raw/spamassassin/easy_ham/01516.c4f43cc7b838c86bae2005e25850f08b,0,b77c5136d55cb8edcac4199b1957fa31223877da44bd1a950cca289d729f91e3,ea452c62a7eeb25b7a419652d169a28a9281b81848f9c27ce6dd4da4153b6863,957c17f9b69603a2222a9dee3635754a997de393ec89092c492fb2ee3466d99a,validation
/content/section_01_workspace/data/raw/spamassassin/spam/00066.6afbb1258bcf3e4d59d53c847a84e469,1,0b127fd85b4f7433712eced79d79b1e5a7960b1418afa76f9b9dd2805010a2b0,ef89d7b5d0a765256947989efce9bcebdd1d1996c1c35ed78573eda64eb8be16,dffb5aea079e406d6c5730901377401d1cedcc8ba537ed5a06c0c925f42cbf1d,validation
/content/section_01_workspace/data/raw/spamassassin/easy_ham/01274.bfe4843cd130926efe53dc96bd3dfeea,0,20161b1e00f0bf628aa47f0656ffa2dd4f12e2a91fdd7c78199404fbe46ddd66,65488676ca40b95869a1e62adea780b831c7d2171e95d35c827e344fff197228,9e795ecceb7fe090ae8bcf95cc6a4e0cbcb413e964a3f7139e4b45d2aa4eba8a,validation
/content/section_01_workspace/data/raw/spamassassin/easy_ham/02336.13de9eccd455085a1ff722dc09a059a3,0,da43822130da08c6efb6dfa12698fa174d3338f1ad7449408d6f092d106cf143,120fa2ec7c6fc282353a173a05f6deb56b9b08c53642ce4662c517d9375cda79,d868a99893eaf26c70906cc7cef6e5df9218e84d548f004be340a7580a850913,validation
/content/section_01_workspace/data/raw/spamassassin/easy_ham/00308.ba65bb8c48b44b1767ed1c1de1825892,0,d37e5bc897543bdc9362fb2f8a81e64840877696611ea82c8a5e25f5c4e252ca,8aa23f13eba686417e0517137e65d87598311a07c842deea9dbd07e589ec385f,3725e31765809a3170af65b117fcb953e7745de0d5a60d90636807f4d76ee097,validation
/content/section_01_workspace/data/raw/spamassassin/easy_ham/01772.e17237d8112c2741c1b8819ed4cff474,0,f69e341d80965775a197f14c6a7520d8142ab7e509320686d2cafcd8abaf2e19,66ca1fb5a7886becb6b13c70bbbd132c2bc103305735a5526bb7d70eab2fc453,2b05d91bc698cfeca32cac561b1dbafe44a95d3fa365aa3281cddb7449668d2b,validation
/content/section_01_workspace/data/raw/spamassassin/easy_ham/01595.2dda182ee17cdc04e14dd985a9845330,0,aff4b24dbc93b604cc5e6258b6acddf7c05ba3ab2a424984e5c43f83b33e3e74,9190696fd50231cb9bccfdd8b862369697b4766aa5e9b1cb7982426cd4b558b1,3fe35b51744bd864e9ff2576d4d116d9de33924b95ae3d4d6eb88cafaf58ca21,validation
/content/section_01_workspace/data/raw/spamassassin/easy_ham/00386.d929d7bb175845f6eaa3549dedd8a1e6,0,5f526d08b87d3135ffbb62232c048f779330d01ba63d369eadc9a5ee6c0b9895,db2574ecd82f971bfae4974279227dad050655d18ecd34288ecd1c5a92968872,ee6cff38877a2b691d6610a7aefef1bbf0564e5a5f4d2ab7ad4749be6678cf10,validation
/content/section_01_workspace/data/raw/spamassassin/easy_ham/01013.5e43d991c292968615961b1ccfc378b3,0,57e30454dc70ac6e4407f4338cea244509898896ccb648e15e10122db26280fc,ca9f64a19cff8ec3383cc5d666513f0f87378e3e9212af8bbb7728df2cf2f566,23a5ff42acd68ffecb60ae1c767380b1fe1fe2e62707e4283f5b6c2dd5d995bf,validation
/content/section_01_workspace/data/raw/spamassassin/spam/00476.af3a29817853a5c56bae5257c2d4b742,1,1cd324bc9e5f7e9488e8128b95c187d5744592532486e23f99145c03612bc53b,6ab8a8ca2aa5cb281aaf0d9ea430c87739ae7abc2f46e7625cc6f0678ef2bc41,aa9773ac1124eb56f6681fa7956fad25fff607804ab74a97816ba51570ea4875,validation
/content/section_01_workspace/data/raw/spamassassin/easy_ham/00705.e481bd3281b960fad92e6dfaeb567d14,0,c2b2c3c44e5729740028619d60894e99a5ebce043a89767b0ab3d919bf420f54,c368118199f6ed54b4ce8cd75fd7172a9581be55108ea858192bb9e65ebfabb7,99cdf816994f2948a0a8a615fe2f83335fa88aa16dba6cb21967a6b3932e43f6,validation
/content/section_01_workspace/data/raw/spamassassin/easy_ham/01084.f085d737f5244ffe14e8743e9226fd30,0,9f32e98d48fbe35ad93fe1703649976f2c2bae41a2ada545e55cec4c2202cf67,9cbd23ac3173f843aa411d7095e9c1ad237bb9c9bad1ee5181a20edbda3742e3,ad6e486a41509a8bfe94b003afb64706bd6db92560afe3aa4be3053742fe1a5e,validation
/content/section_01_workspace/data/raw/spamassassin/easy_ham/01352.400cef8d0d007f3d7ba8a0c7a8717fcb,0,c2554aa62e2e3c38711bfb7fac2f822a0504be6eef3e58ad5258cdf58d5e4ef8,28b3220832347f3abb628b7f6ce102a49963a27009cdc71afd7fc16e29ba6b08,dd7385d3d925974f12ed9753c17f9a0ac1ccded5b0148816ec58f77fe9aa264f,validation
/content/section_01_workspace/data/raw/spamassassin/easy_ham/01010.d1dee04c1b00b3b3fd642a475b6ef52e,0,a0b76a67dbc71130c2444eed1f04f6e88da9420d070831d64ee0ee310a8cc401,b964a7fa9e7136b31bfb8932f93ae79d15970c4e74e00b34f381429d28c869cb,7577341b711b2ba60274c1be21e387f570c7eddb61bd44a084308ea6ab75e6ac,validation
/content/section_01_workspace/data/raw/spamassassin/easy_ham/00359.dad4917f824800d6623db29ea557b514,0,cb65cdd87f5cb20e493937674cae30b6228ae6b42e9f06376774e2a562473119,6aba7e045e4069490b6ee6e6536b52af92499e56b150163b5259620186ba4112,534f95c443615b5cb6fd7243c9d0eeb381c119124dd546dd4b05d57955630e0b,validation
/content/section_01_workspace/data/raw/spamassassin/spam/00349.dd7982f40576ff4897c18efc813e38bf,1,3395505c4e0c2420cc0be87bb857dd7daaa1e840f7b9cced9077134afa128fc2,2a5051cd7b0785664dace50ccb118e10e3447d9e2afc1b5525531bf99febd39c,e2e7e04c35293ac25872df44da7ad3f2ba8220243cdd6fdeb784353c8e7116ea,validation
/content/section_01_workspace/data/raw/spamassassin/easy_ham/02258.30db9327f0a0591eda268a3dd46a42a5,0,9f117a8afe42dced945b696a6af58d3bec1c0665603babf508d791651d64eeec,a069b4c8787c9341a9f95819c4f1a458f9d3092882d56456d591f0a7126db8c8,3fea8eba04d1a3b0ee2eaa53bb3cdc91955d85ce93f598d1ecbab268178b6b95,validation
/content/section_01_workspace/data/raw/spamassassin/easy_ham/00936.e8fd8c240b680e948f85f2326cc87250,0,d9289f3ebff4f5d2493d006480a48806c27b915f38d97adf76d2e3aada5be9b7,e5486e4cdef3d27ba8734e4df4ef3b3b2a51e8b703b97d6883dbb8dae1dce8af,c1f100f4be24402cccbb4c7c05ee31656e0c5a89e10a3e79cf32512c46b5b09d,validation
/content/section_01_workspace/data/raw/spamassassin/easy_ham/00592.9608ca87c212f35feae1ebde5567c0e2,0,cb104e878e0f19bf585ca2e527561df153cb85e6860f5642bceb08f0ed15b369,bbcd02675911f3363a6e585bf5a86d6a0bfd55d1ef40547e8dda6749563a9ef9,3eb16f74ed43b01cb8014a6975dddfcdf2b0f7361cccb7ed5edf9cc7ea9fa663,validation
/content/section_01_workspace/data/raw/spamassassin/easy_ham/02331.20925f3659cfea80ba7be52b3c379524,0,5229845aacffd5eedae98fbc6e2795f9e7632117888e1820236fa8ec9dc72d75,16685b341e53e6e66eeec698ef8e7bda4f56a84254894faf6f089d8930852567,cafbe545d8a2d688d692797e83f2e2afad5fcde60751ce7bdb6657cb571c0311,validation
/content/section_01_workspace/data/raw/spamassassin/spam/00211.d976c6049e8448e7c407c124b580e0ba,1,14bc7bde0d808ee0522e800fd591ececa1199ab9e2cedfbbb94378565d0ec136,4626f096ebb256ace52fc75275898bb2ba5ba7cd7fa5c32078abee34000a2e7f,ee4d1ce0588addeea125edfd6014d8288e6249447af5ac95ffe210357cc052c6,validation
/content/section_01_workspace/data/raw/spamassassin/easy_ham/01254.e1ba700d620871e67b4f7db4b8859ac3,0,ecbd45e26cef3291e5e47986df3a720a5d5383943ac70fa8e8fbd96f510ae6c2,6be663a71950e267a3c900bb0077ff140b08502dd90821115d6a9f96fb26a340,6205d7c5f20f5f83be33c92f631958f0bca6517c563949fa0807452d2c49c894,validation
/content/section_01_workspace/data/raw/spamassassin/easy_ham/00577.8f3db8ab8b69d38bddf8e5a91b353da2,0,3a635c9872112665cdd09c3b3b5ce29d78bc7ba7862a672cf49534a44a58b265,b462f7d0ab77511933adf0ebd1534e6b6d17153ad87ef24d5c17f46a64092527,2e0676eb8c4c3a7b1aa0c07e15201d321016669cac6c5e84db02e9b0f6ebe0f1,validation
/content/section_01_workspace/data/raw/spamassassin/easy_ham/00547.59bf01e07cf08c7e3a778b747e020989,0,c0ba53688c003173089dddbbf873c50673ae491a95d69f1ac8f058b968e719da,d3e2b7b5e8784aa6386793d966ca1cdecaa94df07967064c8aa4c61f9b6374e5,9ce5216c8668a2f63bc6ebe50297ce0dd7934e9cffe87288b7df8280d36f3216,validation
/content/section_01_workspace/data/raw/spamassassin/easy_ham/02372.ba6a7288c11b60bd92e3245c76652846,0,bfeb8a831837998ba26369c0cc2f1e68f27286d7a891608593552471dc9c4381,99188bbf54dcd9fb8b607e5be403c90340459a441d3299a94c8638e0e7cb1f09,a9a269afeb8422ebaf9de7b20f307cdfcc73cf689508b332074759c8b6fcc718,validation
/content/section_01_workspace/data/raw/spamassassin/easy_ham/00906.bdc0d543b54cc81cf378c33bdfa39d4d,0,5d143d71a50e11107c22cf356e0c0d0373d8e32359a2a52e51d6ef8753900cd6,3193f55a5bc2faa01f8607429de3f3459d3aba65bbc5f3cd18542a6a42055c52,90fc44f3046c5b5738a5b031820c8d149de59157b2626606c6d5a7335c0ad958,validation
/content/section_01_workspace/data/raw/spamassassin/easy_ham/01568.ef4cc7ced238f479403332ec27f3e562,0,2aad1f66f783daf53755ddfef39a7bc0bbf219a470724701f2edaaa97983954f,87480faeb6db3baa51274db74cba7e93c0fc46d1bb0dc88a1141d41584b96461,0247b616fc130b9c21c75e629a8491662332c3acc68f708ddec97f94de63557d,validation
/content/section_01_workspace/data/raw/spamassassin/easy_ham/01996.042a235bff6cf2c28002f366a0014042,0,3175d9ca7640ea2e5f95d7fccde86dc0f48ddcae83d2312830b3ee51c3375b11,73fe2b75f0ba4fe02c19ddb703800273d107906df4a657e57e8fd792bf1ac3d7,ab2e4699baec8c4d2e823e9efa1f1dbd848410251fdb0caf0a4da2243afac8ac,validation
/content/section_01_workspace/data/raw/spamassassin/easy_ham/01655.c3fc45d31d7f105f7baa0d7617f71402,0,6545d592b3fce109b3b2e1555aaa02a46bec43f73125fe71d9a992db72cbe34e,4519802b71038d8ef55a7f147276c4ab1d4504fe19997fefa3588aa15a0d072d,aef035dcbb279edff5c5e4b96231073525877dd94b3b9d81346ab79d6a328741,validation
/content/section_01_workspace/data/raw/spamassassin/easy_ham/01088.a46067a122aa5ad5d062961e6ecb3951,0,b54d6bf97b5002efa454aaf1610810f0392b960e6ff9be572ea8fa51f10be534,e14f3edee61a00c19b23a24cb7b34649904e06065dea1747e4c3ca6823eb02f6,9ed33e0f0f7ccb1c721d303a82546c28e7504421ea05a948b01374d321cf8313,validation
/content/section_01_workspace/data/raw/spamassassin/easy_ham/01965.05b80e8b7ec20c70737999bdf82714ed,0,69ccf655391237952d5f2d5f31ecf04530237d1e6e5af22f09de83c74c22175d,bc04ffea0d7b1b8a0f05da213f1d70e426a75c15feb5db2480a941be3ce68bab,3843e0a0eb3daac319e8cbf0741f1749136de72cb490c257ee67be4b37703eb4,validation
/content/section_01_workspace/data/raw/spamassassin/easy_ham/00929.8de0f155d0404d74ae006c0edff6b957,0,bf685791eef1c55fd63f1b6d0b8b1a6fde148e70ddca97b3648a2ca7cda01d78,4781e57b041d3beaf99b0e0f596dda18c098716930d9441d081badcede3ab983,12b77c54898759a335b08035f610d347d7e7c0efd3c25aa5a6ada70b61836ba0,validation
/content/section_01_workspace/data/raw/spamassassin/spam/00355.e10c2eba9316a09e612e6675ce339d5e,1,72e37911e9a84d73b4ec7578f372e386acf4690effed7be27e21aa4b867c9a59,94dd99da1726992bf3bf8221a87e653e97d44204ea4d69aaf6bf70413d8625da,0b433bd5185f586390c5707e5babc09cd8336f1fac29fa3a14019fcfb6a777b1,validation
/content/section_01_workspace/data/raw/spamassassin/easy_ham/02246.b353269018884d01ee252bca5bd419ef,0,a2f4441bf92402f2e1cf005d9a511ab604a4359725ed6133b72448064b53ca38,605e135757ad332cc11c4155921676cfe506737c2f0fa52137a787ce28095ea0,e0cb5859872fb43d6d45c8bf86ae1cb0df3e777d18732a7a4496ba08e54706d6,validation
/content/section_01_workspace/data/raw/spamassassin/spam/00434.8507c67a652e01636df9b92a0a397193,1,f1c5361fd9a7091cffbf836a13ba04ce73ce09296b45cfc2bc5257e742ef30c8,afc03e9f825d4ada74936f485aae34210f93532190c98a395b0edee861a15f9f,94259d3d431e92eece7900da722700f6ea609898fab984c5a175b00ae716e9a3,validation
/content/section_01_workspace/data/raw/spamassassin/easy_ham/01041.12f5732227f6d383a0e32355efbf0f59,0,f95382b558ae3bc01b8d068c29eec1974bc09cbe2eb8627db18193d0968b8bfc,08dcd71f103916b1d861767d3766a5c4aa5cd7df0ce475fcb7f3d54cd7c10e1d,e0258eb3ab99c14a664c7bb4aa2c16fd2848d24065af715fc31f155926688e4c,validation
/content/section_01_workspace/data/raw/spamassassin/easy_ham/01511.61654b90f93541b604ca624bca8ffc8e,0,81449af1fbb7658b09931187f26b8db254191e53ca086fa2332aaeafee6bde5d,c9e7fc59d7eb5489109bbb2a943d96951fcb38cdbf257a13184d1de35b0b2d2e,f3e383bc242f4410d01222104a0b7a481cbdc9a9b41fbe3962d889978302271b,validation
/content/section_01_workspace/data/raw/spamassassin/easy_ham/00227.9e23fa007bc1e12a6b957372d24116f0,0,08101dd60e3aebf4384e53ebc2f1d638b307b641d3a01c7bb4cf7f8185f5c9a8,32c67102d28e22ee105d39256f5fd16939f2756dab4ebe182a6944ea7bf3d55e,1dc720fa89467737eac84db8aebdf11e7088a18fec11566d31022fe4fecada8c,validation
/content/section_01_workspace/data/raw/spamassassin/easy_ham/01463.28034eb6874b95b8cd4f681cedd0069f,0,66ffa3dcdbdfcd111538f891354adbcb433b80829419aeb601f22c4eca36ae38,5eac1b2c2352493381baed89d02cc3f04d5b1b8230b5e0a49521d3a8304d62f9,38fb98e231f22a81a6a7916828fd46c8f0a16e4851402aff8520e6b1d385a44e,validation
/content/section_01_workspace/data/raw/spamassassin/easy_ham/00729.d8f3ba695fd4f3c1ac6361f2e118ae55,0,c9984e433960e690f3fd0787f9d27f1b98ea2ae027d3e108956dd60f18d353d8,48d19cbe0c2719b3b8ba8c73c5d2419fd83d25a3a7f0caa37218b659df14123d,70cfbbaae89e6f7b4f8e08b97c9c0c119f1ccabc6533ed329e3b582166f693e1,validation
/content/section_01_workspace/data/raw/spamassassin/easy_ham/01695.5914721a121b85cfdc0e39bf4b4e8970,0,b98cda4bcf9a211124a6adf87133c715cce44ebf644bad55d3960985843b659f,792b9fb512e761325971cfb3c16d881a5d10e895d42f9dda75ae02d2bede5767,ad4d154c7e7a744475abe32ecfe63a0af7521072ec5c527fe27b35acf1228d95,validation
/content/section_01_workspace/data/raw/spamassassin/easy_ham/00780.3c407d4d7361184c739b0346741036dd,0,db8df11193912c85f743ec43ab4de83d2e2a2d8f0d2ec8c08184e14247b76fc6,8de8dfdda67f20f95661c2658dd75abb99f45a8eab77b941498c0d39a4063260,a845bc31212901ab09718bcff52e91074d04a8968d3d2bf51134eab08c188876,validation
/content/section_01_workspace/data/raw/spamassassin/easy_ham/02251.d49946be522e8f8b9e639efde9bbf1fd,0,fce4b2a57d8a7b25d331a0f9c245230fd8db7b61e3b0fb5431c76ea833e8181c,7f8b20aadd924eb998c9be20454c3642e1406dabe40d5db19e2dc1b342e4ae77,c1fa4ec15fd69ca0fc0ca734ee8823c8f0551db7b543fb18dd85086da8650d11,validation
/content/section_01_workspace/data/raw/spamassassin/easy_ham/01464.e3de6d443aab79ba36f75b7e737c7888,0,614092f2b0daf352ce339fafb8e9c96bd3addbb1e06535a3aa977e22dee2f82f,ffa9232ecf06b64aff4dcd999e21b4931bd6257f23130fab1f1a50b54f41be31,a3898929420af176ff28ffb4626cd501112bacf556b802e72e9dbd6848c91580,validation
/content/section_01_workspace/data/raw/spamassassin/easy_ham/01778.942b9362f8c42ef1b372d45d423f33f0,0,21f1f8084e0908831fd4a12699cd0f91c6f24c893389d8b67e3ec5edf3bfd5f2,f2dc09ca9d3b33c8d6913facb56ebaa7a237759a640d084c30ca0db2caccad37,3d180b262b1a73447cd3c67af89411439a815473297ec32d583827305fc7789f,validation
/content/section_01_workspace/data/raw/spamassassin/spam/00320.20dcbb5b047b8e2f212ee78267ee27ad,1,618601dfa5c53b585cc4395538c1da0d364d95034b323d1d8cf4da3247302f72,a76b4d63de1349c6769e7924caba79786430af1d00eab6fb707c3363c072056e,7b95219c7ab101cf9b811ba6db5919bf29cb07bb3f6c917eaf3d219cb4abab4a,validation
/content/section_01_workspace/data/raw/spamassassin/easy_ham/01999.be500ef9ae24936ccde1ec4300fb97b8,0,428073f072d93ae9eb88bcc4502a7f441083771c365911295f4226001a30c424,bbd46e552f946a8e64d90eee65703e56510ad40f9d6fa5f701b62c61363549cd,b792e3b245ca42889ca5bbbf090f7ee8136b3b042973f63b10a9c0774409dea6,validation
/content/section_01_workspace/data/raw/spamassassin/easy_ham/02116.ef7558c9207d8d3fd813506328130c92,0,591f7efd4bc6910d835be4b981aa994b04b139b37a4c05e337040684d2049da5,877108490d4a9333e1462e43a18755ef9292a4cf03316f325cb590122b746cda,b0e0617e2b944a26573eaf6b8611c75ec496d52afdc3869649809dfef4b56b9c,validation
/content/section_01_workspace/data/raw/spamassassin/spam/00187.efd97ab2034b3384606e21db00014ecb,1,d72309de41a847a33599c8ce85bad8a3314e2c5b6cf81005ac3459f9cc48f7f8,3ded3214d79f9d44a27f9ea3e7a048bef0e725798ae18f44036a01d165a59f99,b8eb56c9e6f21edff288c781af1073b41973d5e38cf527cefe21b98ce9f33ae7,validation
/content/section_01_workspace/data/raw/spamassassin/easy_ham/00288.3bf1e169fdf5504b8fa28e9998da147a,0,08ff030557cb11749a2e42bc08962ad27a31069f9c49ed92eaa07cf679fe5c1f,014541acb14cc78c7ce2240f65afc35240e5ca5c3f99cc53cd2287e7ba00eaf3,9009053c4a708242ba6d03c5769d9a0062c869bb679a2f4ee94cb7f36f96ec62,validation
/content/section_01_workspace/data/raw/spamassassin/easy_ham/00572.c406ac5bc5c42bedbce48f5661d29976,0,d6c8110b782b2c8098e80c18108b31fea87c06bfbc75914aac2267fa27bc1cb4,89dac6e1e367942baf9f17c3a8249e02e66b2e816f446997a3ea95e17d07ee3a,2e254eb3f3a70840207d458a6d5443e9e66fe19d2a969eb19eadfefd4b0f46d5,validation
/content/section_01_workspace/data/raw/spamassassin/spam/00021.effe1449462a9d7ad7af0f1c94b1a237,1,d6ed0847b83dfc6fa6cab1b4bedf12c96320261b3b2482c685d0cd6e53afcf89,8e7a462366c6e7ae9d2d66229fd1b84f6960341804b9b5610ad42c0448a9a58e,8b85e154cf13813ff6d3f7cc9befb8d3e0d1208fbc8936e382fc990a4ca54750,validation
/content/section_01_workspace/data/raw/spamassassin/easy_ham/01950.5861f344d1425a202572f92ba78455b1,0,7b0eab1dba758ac300cd233b20d961c8ebe4a309c0e64366a6eb0ba18d9a7a01,7414cc271b81bd93d08343149fbf0ed5dc0ee20b8524d334e93927d38e9f32ca,51068387cd76592876ea7fe76e154dcafedc8f7082c831de57844eaeea0848ec,validation
/content/section_01_workspace/data/raw/spamassassin/easy_ham/01744.add31f8a35fa0fd63e70eacd58c82a44,0,be56d7808d0cc9bd55ee091e7367be9039bca1c3922808f0d614c69e5304550e,8fb56654fc4f2930ef0ad87dcb46a67fdbedcb6ba5f6537177b903cc71115733,5053aac2848fcbc609fa4e0803f12ea3b566f4d4890bc936b10629a6ed166d72,validation
/content/section_01_workspace/data/raw/spamassassin/spam/00256.edd9bfb44729edf3c4f177814fd8c9e1,1,b92e362b0ba0311782428a59543a2549a12f95f91a6136e63f9fd9d78c4ebc2f,d57d6ec1b2201a4ff886ea7a98f238f6c4ce674a2e1bf20d7fc19075eb034f76,463d7886f162c8b0aa3b097170e6940316772b7c6677b00bfb0a98b0eb13e11a,validation
/content/section_01_workspace/data/raw/spamassassin/easy_ham/01877.ef69b53341e4f02ccf01ffdf83db34fa,0,b53def0202e33086062d6d841cd9f38b5ac7623a8b7ee620750fef241c12c7c7,551f48fe155ed2d86ef43ed633213ecfa914927c36f59a2f6485ca10ad3f304a,58563d70307106ef1fa81a7d41f348348dfd9c22f0997fff980dd314b1ac27ef,validation
/content/section_01_workspace/data/raw/spamassassin/spam/00446.a54877313142d56c24d499d761c48fb1,1,c8b94646b466d88fa160cd0a078ac066bc92f96d7f09c1e5d945186218719146,08c2f5598df0b8cfc73e106579210b6aaef18a9e0304aea00c57f7121edb51e8,2ec1307515450ab982ef94d1c83120d387b11024b284f187d2a3771d4aa107ee,validation
/content/section_01_workspace/data/raw/spamassassin/easy_ham/01820.96d981c2fc543b11a6dd277e7b510bf1,0,c8672cb8094c2ccafdc7c57906338cb11836433f83c06e552210469e5e3d9a9c,ff4702050f8c58d2ef1f144130b746953bc604f9a6c52c4c7aec3797154b5949,22344126e7ea1e7944d14ec056ece3d8063de46f1fba7bbffb36d1685f04ffe2,validation
/content/section_01_workspace/data/raw/spamassassin/easy_ham/01933.340608a4c5e02c7f6fce00e78818da21,0,3518ad35cfcb818a572634f3955b3d1259e0b98ea60fb9e577f519a7dbd48250,49bc8a94524ee127a466c09c618a93b80a67c6b2c0c7d98568524feac797b869,13560d29812166436b64b5ec5176c242334a7d8d111fde7f01ae88cde257a9ff,validation
/content/section_01_workspace/data/raw/spamassassin/easy_ham/00943.c87bed16cca1b008f6e796a9e652ddbf,0,cad39ab3b3a21de38b449b31b06334008a12e0e496a06f138f665885244ef2e3,c59c91c34880b18a351b5252c39a4fd0c792ab136eaed6bb9a7c7069af1c4503,f0a7522c59761f030aac58c721a537d0332ac0c4e8534fc9778ba98f0b72f768,validation
/content/section_01_workspace/data/raw/spamassassin/spam/00289.61a681a72c71512f115ad65033acc7c9,1,1161b7ecff00c8419db61f073a14d7f4590a5f8e48878dd73fcbf68f09ee4489,85bde6871b5b1000efb9449fc6956f058e7f89e34c74cef269ccebbe4e42ec2a,66d47a44706e8a190e4cad3cd54c0143c715bc9a6bc7a5afa857e9bb081e5e11,validation
/content/section_01_workspace/data/raw/spamassassin/easy_ham/00063.0acbc484a73f0e0b727e06c100d8df7b,0,eec9290f5f6befae27eb176934b32763fb366ef4de959ecdc3ea08fef3aa2a1f,9aa02adf31bde0d63e27532782c1187bd170c2e1416396c96bd5db1a2147d053,4b64169d6512342a000e3aa50aba10a1e8595f070860e272bd860e7d5b8b59a3,validation
/content/section_01_workspace/data/raw/spamassassin/easy_ham/00399.a7f6ab4a02fcda6c06662a660a75e677,0,146bf3e48bd584010e4a0a6750625bf7d601400170d34105f8474829e0436cfc,03fd42db64d08e99936566ec7b79e17bb96c9da28971b8cd21caecdf37f5efa0,b2648da67d9900abbbe5754c69684c4231066301e281072aaf17551b967e2084,validation
/content/section_01_workspace/data/raw/spamassassin/easy_ham/00321.c3dda1549b97568144b8290208504673,0,a59917da1c66c056a0182ec2aadb6e7f0d8a80fa150697b60173890d6963215e,0dfc20b8d50b4e8dcb6ceee3a7cda515f6b418b8b1e7ef9751586eb8d3e4bdd6,827b8780adf98a15e1b76188ac72b9a5c65f966ddbe114756d684c7cb78551d4,validation
/content/section_01_workspace/data/raw/spamassassin/spam/00415.6faccf48ec514344fc850e8b3c154528,1,adaf962e25357075e70ae299c8bcf160de15b501ef83d09fffde37f67d795aa7,7cf72c27fe32c1e0c7df18ac338ce96e9de24596a06dc7fb7ad3677ce8de0046,9410bfc106fd3ecbe8ac5ab083d5502a6ab48cc368acf22ce87ce3bed688a706,validation
/content/section_01_workspace/data/raw/spamassassin/easy_ham/01644.77c7add87dfb454c2bcc8ce9f60482bd,0,df03267ae2eb63653eac0aa18ff8aea1de16d7d5988f1a0959be5543f09fa280,fc5be67978f55ff3ccf24a6d50fc2c851e6d275be1532fba4440fb523ca4eb76,83f2c6efeed015cd8c3160b03bdca5eda78f0fd9875641a82d0fd4a6b25023d2,validation
/content/section_01_workspace/data/raw/spamassassin/easy_ham/00298.8b7d79e9cff4860a08188dd3d0c4ceb9,0,9c80850ff06549335f6cd0e21f4e618165d053ccfa2bcd9de82b5960c0ec7f52,f0621af5888c32923d98f5bea8908aa72a6d96b2907e1637d183d93244687f9a,adab99210be82219dcbb7f5382b69889e39ddec8ed8d349d30bf03e73af81cfc,validation
/content/section_01_workspace/data/raw/spamassassin/spam/00014.7d38c46424f24fc8012ac15a95a2ac14,1,a3ae48dc957aa58b497770155c28ab8f8864ac1eefafd52977891b63f03646ac,68817d6cd8dccb2ec1f353c70f051df6a5901aa5b60d7cd89f214eddd64ed4b8,4adf61410bcba06c1b5cec307a4d37556d3e2bffd78ee1dda237c4861e2179da,validation
/content/section_01_workspace/data/raw/spamassassin/easy_ham/01883.16589be1ac43846c99b29ce78cd60223,0,50ad5d16161212c9dbd0be720d8744d586182f8a8f68fc6e95339a3ff70aeb20,8d32249486eb6095f9d42cf938c17d98a75141740c5436265e1436fccb191810,9f61577d70241ce41730f60ae4fc84af39c4577b3e4201f97775b1c4b39df2c4,validation
/content/section_01_workspace/data/raw/spamassassin/easy_ham/01347.5dd5701d8031b7142d587456be226816,0,3ad561f0a72584d1263ec243565203712f0ff3ab45f06089ea9b129ce5cc6c96,9047ccaf74f786ecff649cb295b3ba57debf72e4827431ff420a657cd593234a,c56a67178faaf6779a1b348e4ffec4f73afb0307fc1302bb5eafe21fd786d502,validation
/content/section_01_workspace/data/raw/spamassassin/spam/00036.256602e2cb5a5b373bdd1fb631d9f452,1,17e5b6067fd3732e7d89f7bc6c045278486c45b94ba84ef50ca6e2fdb7f7705d,b131a7b421649a73336f15ca1bb1e9a1a426be196c791e195c3460a42adbb673,2029df3b8b899f9274cd09ba2e85ef3960269e68e9afc0ec517c111c706cf257,validation
/content/section_01_workspace/data/raw/spamassassin/easy_ham/01314.ba7b992d372c23964b8b4a1de885a095,0,0f064d1372b3cb136bdab84f3e82cc5d9669cf6ecdd7490bc8640bc56f21f206,38aacca8ce9a727a1990723f492e5798168bd37ab213dfd12e2d9b9261149069,a39d1029ce9e6fb0da2b0dcfe04fc4d2a0f0397d4b6cc80c2f4a4f61656e7073,validation
/content/section_01_workspace/data/raw/spamassassin/easy_ham/00468.0aeb96f2dc4a95abedb750a6cff7f343,0,475c28322357f52a0a31744493356b65945a2c8b05873c39d602316651f03b6a,16c9337c4c0839a40e490b2908c1148faabf327f67c009447277be9ec44ac61f,0ba2b9bafe1ade44dcac2f86f0abf7a414f960388de3c5746e1e10b6cb165062,validation
/content/section_01_workspace/data/raw/spamassassin/easy_ham/01376.d80cb9df41061f317f7a1b8e5c6c4038,0,2368819dc85faeecd01a23392c897dcf1cb45736fe11660c9e2fa789e99acc27,91f1bf4f36cc1cd3bff7c563529b6b109636574e95155f81a227ced8f7dd44d1,7433ffa3d16f6246e1754c6bde8029b1a5af3683b9b139c8ca9587f0200da296,validation
/content/section_01_workspace/data/raw/spamassassin/easy_ham/02090.b0f0c24b38c70a02ab6cd7d3d9a5ede7,0,2753b7686ccd108d2d589721365edaee281dfa95f6f1cc2eda71eb28416149d5,1f397612903da3657afe9a9341e4e6525a6828982cd1e4fce55168cb76836d82,fe85596df25719fb659eaa1e55ea0747f096b29346353c6cbc8bde8da9cb9bf3,validation
/content/section_01_workspace/data/raw/spamassassin/easy_ham/02126.a174877fa2d5b42dc9f546fb730a1bba,0,18b1ae26914662c5dfb0ff9585e8fd3c19dd3abf86811d76d9f45b1a3da213f4,5f92d5e4add7e9456355cd0376c210c68e3425a1690a56385a3714eafacec3cd,8a8886fbbd0c28cbdc2dfff9df08788d84c66eaa871eb432fc75cf91da1e321a,validation
/content/section_01_workspace/data/raw/spamassassin/easy_ham/00250.c99c3af1901ffb471442f3ef4580ffc8,0,846f77c885cae7708c37476a8669d1474c1e54b6bd69f94aa79e9ea218f997b5,660db062d421cd4de148e16536cd6c8ced2c94970cbd34016a8ac1a9578cd915,267ff99d315720918c48bd43cc1bda1eee200be065b3f970fad2fc8e16360826,validation
/content/section_01_workspace/data/raw/spamassassin/spam/00045.7282c2c4e009744f2f3450d370009235,1,a4a5008e36f9c3f87e1706641414618b77c8ccf3feccd8bf9d8a7e38325412ec,e6f12c09dfd10ddcfc9062d31e33e077c22950728e20bf61a1a5d9c0b86d4952,1a89dc3b8ce627f2635c6e69845b9f985780c395f6a8293f8248e7e6fd839a6c,validation
/content/section_01_workspace/data/raw/spamassassin/spam/00060.ec71d52a6f585ace52f4a2a2be2adfce,1,7c8ca5de8c51178f00d02840b3c33afb4b03123ee0f46588eb44d00cd7c2dd23,115b863063d2d224c523b9c506ea0113c8f5594174d3f33426511d320323a3bd,14526fbbda50f6534819003c6514d8bd7db5a630199cc30ed16106fc798488ca,validation
/content/section_01_workspace/data/raw/spamassassin/spam/00065.6203de135559b319326445aafd68dbca,1,a90db4915d3f3754b1d53f18b2e2cebf1e0bb0db48007ba17a3f188c71b874f1,1a38e8830b242c2806a5c034758ca4144bf6c2c5936563262604293d74a6c386,25d43cd897c65005e7d3a8373bf326e3b46e22a8c27cb993dc8464390fca581c,validation
/content/section_01_workspace/data/raw/spamassassin/easy_ham/00843.0c778329d09499853d99746d0f6f2dc1,0,e039af0eaf429da3e1466fb7a2272e891c1dbb66942a536d0b4337efe5568906,9e70804e2e94b8fe6bff9eca1c56994a75974b4c667ad52d29e9b37ced89a435,4ed53854e46955e7dcbf0648e73cd07057f9ce7c5d7585e3c8dd502288fdc7a6,validation
/content/section_01_workspace/data/raw/spamassassin/easy_ham/02194.169397b29153e7036c63ca030b0ebd2e,0,cca50c9e5b2b42f32d5b821c946305a7752f938567e2cf74e5e12f71d826d506,5a9b784dc15b700b881c04dfd0081e3aed9a7da8461293506aea3ad5a0e356f3,0c4b4f9905434626e9b8f23d4f0d41c953331b7fcd0e4a50711639b636561370,validation
/content/section_01_workspace/data/raw/spamassassin/easy_ham/01007.69e228a20df371852b13376f64d01002,0,62a3c8fc22d86a81b5cb2bad6dadd6307b23f327b35d0c201554fd68ab8d74ec,ce646f0da75f99a8d45b8e5a13a213ece50de1636a2af9eb3c5a8f942956f2a0,5223897a978fcdc9d5add79009eb157dade61d3bb834510f36bc142ffb1c9829,validation
/content/section_01_workspace/data/raw/spamassassin/easy_ham/00241.45aeb31a71118db41c3757eee21f8757,0,fd0f0c45b265e07c50cb0deeaaf716a570359fc8b30e38d0187e2ad6793c2035,d735fa08f810f7e36ad974cdbce1c3737b2898a2a824df5ea06e06087b9c85bc,e703240858b6842941fec187757dbde15c9dde4c58a1766fa68ebb6451c28846,validation
/content/section_01_workspace/data/raw/spamassassin/easy_ham/00472.32120f66ef86d03baf663889b0235d94,0,8a9535c99a9fa1c402e7b94e22d873e528d653e937aa07846771a7a72e0b76f2,64a4a470e61b037caef4a4d9d210c3efea4993b80b1f04ac171f7aebe00f777b,1803b2e14909e910f9173fad941a949d10bc9f7dd0dcf66a926ac4aa6977f346,validation
/content/section_01_workspace/data/raw/spamassassin/easy_ham/00433.881e63c5f176a80aeb5428f36bd0810e,0,a386c97b5a24ad9c7b3d71d21956ca3d87806b15a7a0a18a5e4807a2130f7971,25f12e669e3e2f485020cd786d66a102ce736933f48bfd1f1019187d5a7ad202,755b3c220b039e596db37a7b6e9ba9e87842c5db1045921721c8674b104d2c4c,validation
/content/section_01_workspace/data/raw/spamassassin/easy_ham/00795.ea9b54832cc27bb552e483a6aefbde47,0,b0fca44fab591fed76950f1c35b971b06934e3b326250b095ec8eeca07febfc5,ad39e7d624ae03b4ae7254d51d0f5d68a3ab3c5551d30edfd9a6bce5e1eb640b,a929b48694b1b2eb0ff68b42415a1672ff0a5f9b419af8e8c83d73053d0a39f1,validation
/content/section_01_workspace/data/raw/spamassassin/easy_ham/02471.18281d43dc0775e915267c2ea5170f1f,0,34c8b4e058aee935b186333ba968119be45e291e9e19080afd4cd7ad84600ce4,950ae698c18e30b0906cb4e396d62710f2123259d96e0b2c7310be21d998538d,3cd53d38ff30062d36bcbd126d1905d1b3b577f7162920e6427a2f1c1e268a88,validation
/content/section_01_workspace/data/raw/spamassassin/easy_ham/02036.ab9f23457f950a124c5b78449cc610c7,0,10d8228521ff17c91590071e5c4b584157f9f65682328e9cfad9fa0a7a0d0bb7,e71529e4d6512a7a115cbf74674ce8b748becd92e7dd92983459d30809c1645c,6c9a577539889f83a20eff7eb3e027c103e37574218c5b740cba735fd24ac072,validation
/content/section_01_workspace/data/raw/spamassassin/easy_ham/01619.e65e0291e555b111a9acd8b2267a0e1f,0,6aca5b6c4aa24920397daac521ed4e0211af704ef908c66abc1d82cd4c0c1add,306549e825312d51f15a6020d68124238929447b284d2d4d6e761b1cb441afc4,3345b6d774a6276eb02f16dea9b5fef7a74f58ccea808a15a885b40390fb7c1d,validation
/content/section_01_workspace/data/raw/spamassassin/easy_ham/00549.a847ea8934802a0ec67a7fd1d136d26d,0,3756efb9574841631c4df7d343bfe85bedbd7cd1420516994266abda590643f4,313dab3049017d75724e7eecd1d1065c1e1dc31342455e3166320572ae695a04,1f6c111ea1d860f3cb8eaef84178bcaa5a7c896de43f6136ec35963473c5b631,validation
/content/section_01_workspace/data/raw/spamassassin/easy_ham/02224.4f3f70256587197ca97a89d947bb3059,0,7f063590bff7006b8acbd5f2a969fd4defe53749b75317876b53a62516ab1d06,8c0d384013b9a2787e72c097a3576305caeab6d76e6660a8e7e4a2b0dc63be4b,ed8820f4342a8ca1599dba91a1340430f5dd7cbd87f6693e109ad5fb914c13bd,validation
/content/section_01_workspace/data/raw/spamassassin/easy_ham/00441.d98a50dfe00c17a9d864f859480617e2,0,badc4a68667a157b786fd1d86f3d5db0da7d09f8c94343429d484f1123dfd615,83fa580a4c3a8cdab0898ccf6ec543163df96561ff0dcd7972351c81036882b9,d1ceb9d3d9a3a2a0b2420c44fc411f437bf44689d9e38e2cbd356e12039c7292,validation
/content/section_01_workspace/data/raw/spamassassin/easy_ham/00677.b957e34b4dd0d9263b56bf71b1168d8a,0,fb27a0e40f59a40c093de8d8e491ae786976dd30fad844899d2b8e4f4290f08d,d7510c055b1a98e293445b9d62d5aadbf24f8cd8bdbf851c8bf70a54bf77f78b,40cf37ef3d8f76af97e67cfa5cf67b5970fef48c28695a0881743f8cc2363e54,validation
/content/section_01_workspace/data/raw/spamassassin/easy_ham/00090.3af9d04b3ade1077fce4fb224ebf38cb,0,bbb48940947dbd7392af5592594a70259234b48ff8afd90919e913f3609476e5,5aadab06b1d1acec94a20d594a106a8a6258c15000765f1018430f5130d48e94,7cc6aaffb7ce32f5bb19847bdbef195bc5563900b99157e30186ba20ebe24529,validation
/content/section_01_workspace/data/raw/spamassassin/easy_ham/01210.3b4f94e91b69061def190573072e880c,0,c6f217cd7617adf6722dff530ce8d1328347dd7015b98136c2362a7a7a1c0a0c,56009971c740856d2240b30d9d72ef1c07f81a7925e28947c3053636a975dd63,b3a700d08b35f36ae7f2da635e8d319b2075cd1211c4a937effb4391048e8247,validation
/content/section_01_workspace/data/raw/spamassassin/easy_ham/01103.08012d5ec27410861a9b6b32b3ce0164,0,39ed50117f2cf8241ddb91613cbbd3297225009ed98da56bb49df920ed0b0c51,c9543181eb3d8c1bed1463273fa74a7163c07d9ef6b788dc3478fd99f5f7abe1,0e9a0d01fdd4fedfef5abbfc409f2f753e01489270dc45b2dc109a8a1a7321ea,validation
/content/section_01_workspace/data/raw/spamassassin/easy_ham/02074.c21a64b241c67b1b9b647c20f9b768aa,0,3074bd32fda68b2e61ad5a797e6124da588634545d3f917762c86725790d1428,e74a2c5cce80aca61f81a1498871c3de3456d75ff857afc988a7a52fe1cb02cc,ce0e972ad0189336ba08c74042340b19aa46481902591a04b0d2c7d45e77c3df,validation
/content/section_01_workspace/data/raw/spamassassin/easy_ham/00085.badc533c7037554017afb30c94dfcb55,0,2294153e592cba0046e8bda97de1e90ae28ef8f78802930f2a72d64434f476e7,954824fbcb85152c32aceb3583ec9a9418c5684b4dac1ee4e687fad15baf7e3a,fbf3cd843a1a92d0884a2570381da486ddcab9144823bc984f61a020000965af,validation
/content/section_01_workspace/data/raw/spamassassin/easy_ham/01570.8328542217bef2e4eb7ee644609efdbb,0,b4989ace935ba38a17d294376d4c0d31d780ae3da93ff96db13cbc9349f49c7d,3aad50fbb623b2585336704c4e93246c45af2801c97f476dbca6b12f3864f6fa,7cd259daa9170e3e8844ebd79c1e6b86009be19e0b8ff26fb202b4122503e4d1,validation
/content/section_01_workspace/data/raw/spamassassin/easy_ham/00446.8305adb883b4b3721b4c9e541d5017f7,0,9a14cfacbc538b42db8ba32f5000b5ec5f5b06199f4d35ce2c217a838e60ad85,02ef17d99acac295f96c02ad0e9983746f1d3d3c14ac17e6b670311a5ba52e5b,04cb99b8e9ac5518807d44a53a26efa18fab854889f9c139eab95a008e16ed90,validation
/content/section_01_workspace/data/raw/spamassassin/spam/00208.369921416af87a0b70f133632131b184,1,f928d5545c9c964bbe4de8bcb931268d49fcce0dd8d17fed013c65efc7422e5f,f1ba4ea2ba0cab3ea852e67edf5cf87fc495fc899947168eddd161f02a21b277,0a07e95474e2166ee966c982b1e36834f99fb7de4a487bb1e66cee0f79b7033b,validation
/content/section_01_workspace/data/raw/spamassassin/easy_ham/01572.75046f3a9b60454aa0432ddfe764154d,0,40c9fcb4decbd0b3ae5010b4c77d3382a7b69309f6d915a04b166b28e3b5b7ca,7b468c5eabee86f01428b69c48fc81be051b98f72b6035c14bd9631ae11b32fe,7dbef4f3cc6c4e399c474f7c0100770b9a7eb9d9952cdb5052f04b9ec1f0dade,validation
/content/section_01_workspace/data/raw/spamassassin/easy_ham/00509.d5737f6af394368a65215162e3cb23f4,0,30f2cf57eed4f8633d57c16ab9f55effa47b79f45cbdfef4c08ed2179ea9f139,741560264811b1690fd7f477bf02e3d32dfcbdd8b5744be079a351606680e651,1ba52aa12b1aeb3fbe010b56f8aa3ef4db6abbfe5c23663e83bc19cb75eececf,validation
/content/section_01_workspace/data/raw/spamassassin/easy_ham/02226.f0d35bc5878e743c176afbe9b51dc8d2,0,50fae42a3bb44e2aa3d045d749aaa12ff7f715adddbcb68815fb7cdc26d94d4c,3f2168fe2e8c1d213772a4e64f8e1c2a9697bae81e2552891031612f8e8d2be1,67591206d6c7846755ccd1357945faba9c3b08a55825036e4caa051ca0d8c0a4,validation
/content/section_01_workspace/data/raw/spamassassin/easy_ham/00697.edd28212eb2b368046311fd1918aae7d,0,64c20bae2c60fc9dd8041c53856a555848354d5e82af82926e0bfab5a9875e93,92c4e87c0f913b6a78c36c35ae2f6d736a565e74a8aca1b6acb11dc044cccf49,f8a529739b42e7e8f645cbb60c5374b001851b11bd1270ab15edaf079f2da7f5,validation
/content/section_01_workspace/data/raw/spamassassin/easy_ham/00076.5aa682e393bfbef53e244acf3b2d23d6,0,3a2de2047b4bc81fbf48709c332e670cd5a9e7933f4acb30185f5c05aad4ee43,134d121014df058109004ff7a99fff85f10edf3b54e183e93b6d2b0daae509fd,b3f37848097207d0be42e306723941c718fc422a51b7faec5a6165743c564fe2,validation
/content/section_01_workspace/data/raw/spamassassin/easy_ham/02348.3391838baa191517da63530666cc516c,0,88bb89332817e71cd376030650a78fc82d9369be4c554605c189539571a1e2b8,51c926e3909925c52ffe1e3fc4b6c9817ea5cf336d5c8c1abf7d940b83cfe6c7,b1ac35634e71fd6c3b51b7ba67931b1c288debc0c473f08771a25e23458276cc,validation
/content/section_01_workspace/data/raw/spamassassin/easy_ham/00431.7f3adeb8cda736429bbe7ee757a07232,0,178018d3f9a0249ab47431c7f922c6b7df2f3b7650347bf6efba3a99b646410f,c78299580ee223e81b8da142f4d33b555d53bbb33e3e4f4c594cb4ced566f6e3,da8c773d72ec18d5d156930799c287687c1b9e618c1c850a78fcbe1dc1fc79f1,validation
/content/section_01_workspace/data/raw/spamassassin/easy_ham/00129.ac1318f7fba969847e1ac4aa4ec3c26a,0,8ce8a9032c9e739802dd9d5a8f9f9c1c66140715bc403346a2ce5292ae98222e,7b55543d0167b7de568a4ff1786f5a058bd88746a08864ef34aa3f8e8c51b35d,874c03c035a9584d29c32e8d65346aae6bee7de60f746303829591daa04f8565,validation
/content/section_01_workspace/data/raw/spamassassin/easy_ham/02268.4453eaf85c9daec0bb335986e639dbaa,0,1a9ef37e93cbf930541e583f868ba08ae0f0d604c57f373f279e5a96617ce974,cafa15113691961b8d02502d4040c2e5acc59f803c379121bba8c30afb46745f,3b1d12ca46d2cfd3b992aa6063d4748d0a80130db556e9a56f8c267bc8593308,validation
/content/section_01_workspace/data/raw/spamassassin/easy_ham/00797.f9905519971d08a70a6d9815016f8295,0,287da9fec72176c6a17f0579a74efbe226d094bb8fe81a78a6ceae77828a1bdc,ae9ef3185f35ca03540236942ffbda2c94fb4b74f353b74ee8335b1f367f8d74,7f3c966d1cc23e64f35ce8e3b44c8961c1bd8ed7237782653193b7dee42910db,validation
/content/section_01_workspace/data/raw/spamassassin/easy_ham/01632.60dcbeefdff4ef0a1a8fb4625240507c,0,2f4da70b71f0734e8668d09704d9697a19c8355e79b5a02e1f7aabd8a7ddb3e6,f5f82f29d19d4bd7a40a2da82ff47b1ef484607ba758f4ff9f16b7c9e9064940,44777317462a3a747dc63ecdf4508cda67803a6f210d7af560140f2dfa8df234,validation
/content/section_01_workspace/data/raw/spamassassin/easy_ham/00217.e2416507f33a5350042484cc38de4800,0,6f8f2e0bec744b55bdc10763c74ad1977a341b99e364b6a34c0d37d72f680736,75c6dbe764db4dc197597acf270abb8a48333bfb34270d80d0e3249836f10d1a,0ed5b40d1fe19bfd977b6d2edcab25fe885280dc9c8e79815f98a11b4f773cef,validation
/content/section_01_workspace/data/raw/spamassassin/easy_ham/00392.1a94887ca585cbdaeec97524b9308b63,0,f3d3dadab83ec69ca9708a88d89406615c5b2f24a3d51e365ae702a4060e8223,6a6b44751d672f0241fbe63c409959fd73a2b0a4047572abf77c82f7b3d1b9a4,ad57e93729f08b1a6d7da14fd29c30bb265adc3df4c922407f347f539388ba36,validation
/content/section_01_workspace/data/raw/spamassassin/spam/00174.516721408a0d043ffc5258ecc49e907a,1,1be79f9e63f784eace9bb73bbd36c055bd805535bfb39a1db041af95b3649332,bcf590fc4197f3502dda2fe80b709f534fa520f96832c7aa42aa53d39cdf1424,e623defdc185ae80a97a1cd011f490d833b8ffd8d71af8ca03485ee018b21e30,validation
/content/section_01_workspace/data/raw/spamassassin/spam/00395.f9df5b3574ef5ba6143c08a1fa301886,1,4ee67ca3b1acac51e486543eeb22204631ae3ea2b298f56bf9a137eea7de5a8f,0cdb077fedcba86bef76d641e3f9b7a3c99ec35ed81162fc8045087bdda86cd2,9e1219eae17fbaefb653055d8a3102acf522981214d721830c7946375cef48c2,validation
/content/section_01_workspace/data/raw/spamassassin/spam/00185.8ca19012fa3f2a906f23c3b41f11ffed,1,494fd98871ec13690b4032d184d69935f4e70abf7660c856a8f18a97570354c2,53b26f0271d74c59542c9a5d3252e39357ce7ed23d0566cf192cad3dc172199c,f2dbbe111c12fb71c51b12cb178abc079da9114669a30fcc7a920c6d8e153382,validation
/content/section_01_workspace/data/raw/spamassassin/easy_ham/02300.fbd28368d45456c91e57afc5b5a5817a,0,affea1512a47acf653962f0d138f236678bc5ce3dfd738660a46fb22d0417159,c69ee8e9e6515e2aa7fc92151b989217e9ccf8cff103f110dc75c557818d1a21,cdd67a3cf96ff3f0a71fc387b21234db2af04ff57f1b607e6cc9918c1c11c557,validation
/content/section_01_workspace/data/raw/spamassassin/easy_ham/02369.c227dfdc5a8086022f67503580b48b96,0,a3745a1af821dc4c04c81b8f47b0e03b45d34677e2f2ded973e2fd0726be0256,ae3f2154e1649429824773e360bb15c1a7b5ce9aea5459edd1b6d4de5201decb,b3691f044e1acb559e797a5abd7431e91c6763ab5ee3895ea5d99e2e2ac6532d,validation
/content/section_01_workspace/data/raw/spamassassin/easy_ham/01519.9b05511d9273ddffdbc1f45dd43fd9ee,0,68f76f56ccbc8a1d119b72eb96f3c89b87a8a96e6fa25d4c2b37e1fd5b911c5c,bac3f3d30456e22fb36d8b1ae908fea21bd4e48e8b8dbfe51af3fe474b6d019a,b2cd305ff428104d04f66ecf704e0b91fa55e2cbade69e8ac670a2dca2d74824,validation
/content/section_01_workspace/data/raw/spamassassin/spam/00153.6a5ffe584834ea334041ab958cadcadb,1,bebdc935b8187ba0451853f51d471ca2cf94534cd7cf22299e163e46b4283d64,6d5d00a7f0a78a5c6b5837c5c9053e2f048ecaba0df1f1cbc30724564a3cb893,cfdfc60ac924b9f6ef96365d04dc1f2b3361ed54232821123c3c4ee92ce91426,validation
/content/section_01_workspace/data/raw/spamassassin/easy_ham/00009.371eca25b0169ce5cb4f71d3e07b9e2d,0,659d7e4db999e38bf3a443c658c635303f504bb3893db998d85ffb43d607c94b,4622c4ab38a38a51508a38ee58aebd56423d4f7bef48b2bbb06477fb5b4fb8ae,11eeb473b3a4fa2cdfe3f6552147d5eb90d766e82b8faea650bbad78af935c17,validation
/content/section_01_workspace/data/raw/spamassassin/easy_ham/01184.d8c35f26c87d09b57575cd666070afd4,0,92c745770d2c5751819e6cc6574d5785c023e7de9abc7ab9c39ec1c2856cda10,b6d69cb19ef379557af014884085dde4a525746bea1144c6dae5023a9c56ec0e,e7e698734cc4a32f1fe9f1ee51deca94ae3f03c03c981776fc8b6d4d836ecbf7,validation
/content/section_01_workspace/data/raw/spamassassin/easy_ham/00594.805dae98d1ad6f99a7792418c1faccfd,0,78954804276a45c17009ba66d680c25ee96889dcfd2eaf0351e742da46b38725,e958d8f530e3e160c0e9708b37c145d52d147615bde8cdf42eb956d29fc6954f,8447668d76fec5c38ab80a9704809dee2143a2573d3ab3184c1cd34f02694b72,validation
/content/section_01_workspace/data/raw/spamassassin/easy_ham/00921.0407865778a278e577c287a9a04763a7,0,4e517b109da38e957df7494316e094e719019f163efb42f665ec76e134365ad1,bd0e86735129cc41c6b1b972481a89357b700dd0c68e5359bd70ca9ca67097c3,26e37c11566d5c1651a2b71c934328e3c17011392237bca70b1459f71fc832b3,validation
/content/section_01_workspace/data/raw/spamassassin/easy_ham/00568.e5478bfa670cbd9bc3d26ed23e7b3eb6,0,25de4413234a959dc338d0b07b187aee267b681961f7adb195e9b891bb279b84,42362f25fbcd338916a7c730cd1c2055fbb0b80a57cc7701eddc4ae383896aa6,18637c59238af7592ba8694aa3104731759f3fdcd934b38cb72891d7df7b9c3b,validation
/content/section_01_workspace/data/raw/spamassassin/easy_ham/00174.ea47d0c060fa8ce10dfb448db1f27be8,0,c2ec8e7fbdb1913477847969ffc11873f989cf364dbb7fcc93fe7147d4e0be43,b8865aba152b5f5bddb1522412634f542028031ce283c589f82df22de1c39d04,9e3723c7d2e31d326c5dcd2b105f838804564beaac40fdf855ef21a32cb7e70b,validation
/content/section_01_workspace/data/raw/spamassassin/easy_ham/00896.73f4eb6d676530f00ca391dd522034ac,0,75ec783925c803c6341acc0151724513ec931260aa1527b3834996cd0f11be57,9acf479fd139e29fbc7fe247c120256c8d5e8ce1d5b88a92a6bcbf6597d81556,9c701b6183d11f78a7357efaf2430b7dd931316004378c898d5cbb3772ac92a4,validation
/content/section_01_workspace/data/raw/spamassassin/easy_ham/01226.a6b2d7b7cf1bc0586ed8cb7ee055d67f,0,eb8f2f8baadfd555d4676d0e703d191a9151917795af55f21068c53a0c15fdbc,57603796aa239f03ab3e0ee305d75ab52cdc47a5eda1ea7edc2597808cb131d6,83b62d9155699678843082548d910a1e4732dd1bc758bea68f9af167bcd82774,validation
/content/section_01_workspace/data/raw/spamassassin/easy_ham/01598.3e6e25959eae3d358e21d7144f61c42b,0,f91953f637c1b6984e8a957ad9de92b351c20182381ba23a49b84eb520816435,e04de4051f581e51904d1d73164fca03f729dc2d54e812ab11b4426074702f99,252e1c8303bad1b98ea71437c33662a7713abaeb89e834d8163277acca48f69c,validation
/content/section_01_workspace/data/raw/spamassassin/spam/00005.57696a39d7d84318ce497886896bf90d,1,d205eb9c8a237301ffa2047a2be822af10c6bf9b9247e09145dcd96e23c65c7b,973367284ed6c4e2fadc9414f491199eaae884b582ed96acf8c59d989d010f73,f4fadafbe106dbf5c0f39a2b25e3b495ef517596448b1714cadbb1e71a031b20,validation
/content/section_01_workspace/data/raw/spamassassin/easy_ham/02184.63621c20176bcd2a19a94a1a99042740,0,d0e066fac65965a88aa1378d1eee26b361e77cd6ad3d5107508e5c1f6993e906,99f51904e2a6944676d5a158b3d7eca2a48b2e4dd2f73628b5f7c3d1785aa80e,a2daac49c22398cdc24e8fd1016a713f291e2353fc37cdb0304e76e292670f5c,validation
/content/section_01_workspace/data/raw/spamassassin/easy_ham/01367.9a717ca796511aa95c97274c68525fe6,0,875778c12e70f20095094c6b73d13c79047595cba7da99413f731c7ba5722806,96b3a6f612b579a44f7d674b28372316ca5bc6b13ba29b3a025b9c4bc5f5a14b,ae0bbbb69de5d2abcca14acba5862e09d9cfa84c35923621f63e61d82570e3db,validation
/content/section_01_workspace/data/raw/spamassassin/easy_ham/00167.ae9235b61c9e2fb740bfe4b0b3d703da,0,d40dc9da05d18a71990e205f10ff2c4fa3373728d4cd692807ae0b971d006f48,5f7fea4ec0abbb111e66f15a01b475b59ac5a4844267b7bce5a8f3dfc2d9d541,ea434f4cbc9b949587dbd2439ff62c20e478a32abea9f5220d35a2a623c23767,validation
/content/section_01_workspace/data/raw/spamassassin/easy_ham/01090.a6575cc193fe3bb9f143aa0eb4fed7ac,0,e7fc7160f03ae58f51ac3895be0547bcf1abb4479113a20f835b83274321d794,370d040d998504cefb3d468bf6c67b7d907ab028468e849172885f9e2f711e06,625ba4f80c8b2cdcc377cd9dfa84270a07adc88608384e08a0c619ac901fa16e,validation
/content/section_01_workspace/data/raw/spamassassin/spam/00006.5ab5620d3d7c6c0db76234556a16f6c1,1,4fa513529d9b2b9b820bc231cd4080bed60ba30068795efe9416cbd76a05fa5e,40a7c48c105095924ab14182f974529a7a89c72f825220227adcc7089c1e53b8,2c5668b9a5802406963bb56001cacc1687c35932e0705c4c630b155a9686b3df,validation
/content/section_01_workspace/data/raw/spamassassin/easy_ham/01270.49d052edd258d0f9eb08ca05e177f965,0,04b3c18eb4080dbb475a2567933391480d3a0d1da8dda30a17bcb101bb0deae3,dbd9eded8a8c560a5784c8f871d30e755b3c1391323c386df1f08c04572ad072,89f999822ba8d00d61e5aaa9eb49a78c5f3e587f8ede6b05c1b841feba856dfa,validation
/content/section_01_workspace/data/raw/spamassassin/easy_ham/00560.e49654efbb65ad7539d43d356457a322,0,78eb070043578ac82d743365a79eba11e26ffa6103a44d3169caa115edaa16cc,9642e67a46928ca91dfbe90d84f7c5344896734e7dc8ce5dbdc4e4a2c1b7c949,f957a6eb4ad3fb35a4ab4201e35973a07565cf3669ae37f1d4448ebbab2575b6,validation
/content/section_01_workspace/data/raw/spamassassin/easy_ham/00597.d69fd43248612845c272cc277b890e1a,0,6995e8ddfbf3a300be5ba5afc39ad886883d9cbfa9c14084c962bd3b0d3a252d,50bc47b0ef33ddadbdfe25a90c76e6e1da1faa520c5055a02d9bd75e91f5cfd2,17e35e334b41d6cd554728e7f0009c5baebc27105b87c7b2c9fa057fa1088230,validation
/content/section_01_workspace/data/raw/spamassassin/easy_ham/01437.a16dc704b4bfe8b170724a4b68389a40,0,b9bb93ab09e2503a7b2f0eab662de1051fbd5de44a89689b620cbd032a4b7586,0cab1cd20ac1e435862de4d6f81316dbc25eca6a7454b76bbd80d7609d3c040e,282649cd32d80319cba60b01f392ef227ed3c50e5fb9a1a8f7d31e18fb8b7f90,validation
/content/section_01_workspace/data/raw/spamassassin/spam/00430.d2179c2841013fea688db8bbcf60b3b0,1,ffe98498dc302c7c59c7a08ec65fe0f8d4163ef6b1da1ec873de4690488cb231,5f7df73cdaa44c8bd837a8c8dc75f9a1b2e9121fff08a69f42d6545eef3e3957,fc09549006b8d334587600a5b2d65a423dcbb9c6f6dfcfcbf47cff24ca1331ed,validation
/content/section_01_workspace/data/raw/spamassassin/spam/00195.0a543c2780491168160570bb6708af86,1,3989e4799ee1a2051d919ea2485d2a6df83433a79f0d91cc93816e116137b0f4,126e4fb42c3fc3f17e8a8a1fd365665471530e0bfc70bfb8d8f550eed906218b,2e2b4c8321d05a2c82055a30a96c302543393f0577678a25f422589c3869f43b,validation
/content/section_01_workspace/data/raw/spamassassin/easy_ham/00398.d6847698229e6211c91085261e0a9002,0,0c405a4524b4eb45dfb09e9adecdd736d1c525ff1a77acd2ba695875836af890,34a7d7b2cb8cdec5db39216cf72fe89db8820d3d29629434996d752163edb019,638d4b5ed2cfb4c6b6ec1e2f932c483ae0cf24c706a1149cd7dd3aea9a793437,validation
/content/section_01_workspace/data/raw/spamassassin/easy_ham/01766.cb970cd14ed91de5dc42765019865a19,0,65037ebc4174db14855ba62e96270fa3731de84be036766bf3c72d4ac09633fa,639963777090991a982522c606fdcbcd2070c363d13b2b11f2afaf442ca95c3c,2247265905039856196fa524e0762e56bb0748a6f639c6a27dcbd7b3b7f2fff8,validation
/content/section_01_workspace/data/raw/spamassassin/easy_ham/00462.d20502b45c48c8bb613feb09cd9219c7,0,d7ac741d7862de1174e76137efcf2c557696f7e76fa53cdbedc022d6d5feb74e,7f37e57c7afb36d10dc3031a6e3428a2c01faf224c6c89b991c2ffc6d17dd44a,c1ffe02127f10ba727eb3f0c302db7096653473a2c7db9e3a908cf01b3cc8b52,validation
/content/section_01_workspace/data/raw/spamassassin/easy_ham/01197.4296fdc3b52c7a52d5373d5bc2205e69,0,86f20df47b5022869f6a1a728f14677bca53525554e1f7e730d6c4abc6a7e792,7a15ae35134100c7e1b043b7b8c7825e59904013e90cf76b20fb386953f68745,1c226fedc0213d74b4e7ce3522564251f7f1c4dc2b0fc495fd4f6eded3ecbbab,validation
/content/section_01_workspace/data/raw/spamassassin/easy_ham/02170.0a3dd712120a37116a51102cb8d7e5f8,0,13b0e2eae7a5b58a91e5d95a235d9991f74df55b676b369897c30700959e6b4d,d099171a5d76f727b6db17045f518e91d9fe37c42f3bd5471466ca22ccff6248,3a6d6c382b7af3bcd8646c58b64d0f269f35a563f4990c21a3567ca45375bf32,validation
/content/section_01_workspace/data/raw/spamassassin/easy_ham/02466.b71ae3ebfc7860ad17eabdf70410279a,0,83f3d67f1f77311070004c52c9ccb009c51fc9cd9e0e3a487c215d27a86043a6,38cf33832ee64bac891a9d3703c98ec75813759698dc3c9a4b638cefbbb794f8,f98367b76dbf7eed2211a01c537639b8a3b5ea21f21001d3ee23a1b796e50cd1,validation
/content/section_01_workspace/data/raw/spamassassin/easy_ham/01784.c15f9f673cafccec42a66a0ac5c93bcc,0,65024b1015740106056317bdb16f03c8e33421d38e007508b115e6951a13e572,0471e342836c3fa8725eea17a421552ca5f22e6c8210e6c8802ff967477015d9,bc6f8b39ec79b35be1b486890223ec8c7b969edf5761333c954d947419e28636,validation
/content/section_01_workspace/data/raw/spamassassin/easy_ham/02468.3ac182b2833f74c850d4bcaf63fdd347,0,8252457384e97d11c19bc040826c8b7c6b0ba6d4c0a4ec52daf576b6344bfdd7,d8958265faaba2d6043cf6723453e00eeac9830330806c179b9ec34410ca55c3,da9bcf2ee089e9e65fd8b793555b3b837c1e35275e6f4f1466e03f9d7ed1fc0d,validation
/content/section_01_workspace/data/raw/spamassassin/easy_ham/00061.9cc2b5c110807914cc6c38263b7dd62a,0,dc7dfec43cc32366faf9d001fdb38d79e5e71e9a648d9ae54b725d076050729b,db116cb53053d03d126333d45aeb4b009c85425c9385a94b3265ff3df58500f6,4ecb8d564f4064c8f384580936a2e35e2c34f5012d94bc2a584acbbee8fba281,validation
/content/section_01_workspace/data/raw/spamassassin/easy_ham/01431.007d88c08ff1d098101146a0b68f7665,0,8164d6b3906aa99d3d3518e07f3f3013d09749af947e99753fedce56fc11169d,76f6b771eb1b28660af2458c16a46e9f5b734178365fecc73c6ac4d6a65b587d,21d608b2a22baf0aec4143ac81e6dcf85c3fbef63d91c9d29425a18a11095537,validation
/content/section_01_workspace/data/raw/spamassassin/easy_ham/01023.fc38576d2e2054cc52566252f8c75465,0,845e4b09a448917dfd92373ecbe23a0eaecfdc094da51cbc60cb78132357efa7,6a1b2f4db0000d80b6de0ee2f945c0aa4bb1c6ca4132cd3707f6942da0e693d6,02297829bb469921a67d4f78ca1e0e0a8138b28add348ef91ddb673229b3aa7b,validation
/content/section_01_workspace/data/raw/spamassassin/spam/00003.2ee33bc6eacdb11f38d052c44819ba6c,1,8f6272eaef144851699b0170603dad704a5dbc943466f92ab630e0d6c4d5b4b8,fff0f194c93cc0e562c64f2f47722d35aa553be4a3bcab43b176fed423aa7beb,7d29df5f28d4533f09b8e4091942fa8c4633612746d886ff8a04a7d0831916e2,validation
/content/section_01_workspace/data/raw/spamassassin/easy_ham/02299.e0ae6c52e1cd301952051809eb5245ea,0,3016119bd3131b0a714d84ef0a4d5e385156ec29477daf5fda258b2514978b55,ef423b3cf5643e02e4c8141e3ca5f06a55a8d1de504b38d1e793e922340e16d4,caac2eeeca2fb96716de566bdb3522795c44f22ef3f8e63a913a2db2e827dcf4,validation
/content/section_01_workspace/data/raw/spamassassin/easy_ham/01325.a0795ecac90cad480868674cfe180695,0,be864a8f77eb7ddf0948e168bd0f8028f7abf5daf2f81918f0233ff8b663b7b6,0b73d114cf10b5deb76dac9deefd50f76342af0066679e03777c3471ca605e82,5dc09bef595a4fd46d1335046b549a8eb91a5d45bdf020de39661b7549558d83,validation
/content/section_01_workspace/data/raw/spamassassin/easy_ham/01468.a68ebe03295c662d692e89930e88d07e,0,f7262dce75edd20ab9fbbcafe27cd1b2a9a47e5e4b3d72247bcaea078167f227,d0c36ace826e5a2ee9dc501efc685f71dd9b7b0a2a8e1913e1258f02eeb65b03,00606d089ce4cf4861623825a1c0ce2d5acedec15aaae603d61fe069290778ba,validation
/content/section_01_workspace/data/raw/spamassassin/easy_ham/00934.f9ba910a655535304bf26a3e281cb324,0,ad0d27d0e5a995db8f8056e184d6d0a7d289603aeed719e2ab0ccc9d19cbe856,ac46c77ec54b5eeec3c8c05abaae10a68345e508913c2768af89cfedfb288c1e,6eca2a18174e7cd781347cb653ce9db72a4a261e233b58f3b8b1674d4839f686,validation
/content/section_01_workspace/data/raw/spamassassin/spam/00494.fd2efa67e63247ee89cdcf3a6fe7906d,1,42c757e9c28ba82390467ce4b7b0964eddc7f08e19cb4493d79f9589f9ac3fd0,74023560b765b26a9eeebe0893be093fd1b46050dfae44f9a042e595b5ec4fae,85261396d40c34b809a78f3a91a914c73b49bede898002ee5b6c54d6a9cce9bc,validation
/content/section_01_workspace/data/raw/spamassassin/easy_ham/01456.5f475d17a5f72ce4067c8727d2db160a,0,72b7ad5bb90ae07391d6105d8237a33346f9637dee250427cf89ad687b0c4e66,7dd24a8589cb5b0f1f07d65ba5a38a7ae8c8f10f6fc74bb82d98e6e643fb7c35,5fea0d95a0a25ff4b15e6acf0bed5ae31f19dc29a53fe9bb8d8643f01e621679,validation
/content/section_01_workspace/data/raw/spamassassin/easy_ham/01770.0e2c720e2d4abac3f8734b9914186f21,0,a7bcf5ca3501987b342bc119318d5c35684e31bb8f572985c191e10645f81ba6,f3f267157f6f5fcb4c734913bdcc30fafbdabfeb1e804b981ecbd0b1df026b56,24e172bbf8c6bf03b4c6f780730430e184f5f3e7acdb40454cf46a2d1c3442d8,validation
/content/section_01_workspace/data/raw/spamassassin/easy_ham/02315.b64bfd78655623c6d47856cea12a9182,0,135b22535be41902b2cc5c33a12de955854762af3571dc9cda92875d6ad8ab0b,26b05757e3420b0632f3ff95900c910e5c2bede30e8c9ad7002512c1e9eff041,3ffbc0ed7de9f843a8a24f7f094a5070719840979966f24e62652b4429fcae02,validation
/content/section_01_workspace/data/raw/spamassassin/easy_ham/00484.0196194ad15151d749ec445f38a2ab47,0,bf5abf7f50644fe02c8bd95c649857c610e67b757c6affdbfda1f7cbbebe6848,3eb01b9758a24f8c5dea1a91c1a9b645030a285375c7e5e623df049672d5d0df,95839b9b8196f2acc7a5a1bc26e33dd26b0d7b414190bcc5f67f35881143c829,validation
/content/section_01_workspace/data/raw/spamassassin/easy_ham/00292.d70b6d753352d01060579b1c34df4e4d,0,38f3cf3f890a6601d935a682290d2c971acb3d976c531b35b8afa6329e0928ce,0a084f53046588df30d29c24f4bbb7c8e0f6c8aa8eab7169caa3f785e9e65893,4efccaf6f9d65943f1a7bdf699fcb30e2bcfcd9f59e987a242c18591fb7067d2,validation
/content/section_01_workspace/data/raw/spamassassin/easy_ham/01446.2bc1d074ad6e9bc83adf861ccbf0c498,0,e32405800812090e78a55396616ef5406ce271e6239e1f5f258a8247a5092772,032732db5a01ae58050545cef3aec48881f1ca5c91ca5963b065f93ffcff6008,58da912862b0debbb64bbf741ff5262be2aba6060c302250b08a6d11e0b91ca1,validation
/content/section_01_workspace/data/raw/spamassassin/easy_ham/00727.ea5bab335cc61c1d3d85a8566232f5e8,0,7d7aae4e7f156fc9e18c894b768fdf6e3927111c280c4045882d3499f06ef541,98b47bbc5aad6c0882d22f325a01815c88a491db5f27522c455722bf5d478ef4,bb73f4373e0a8ab6e1533528b517dfc38670c7b43c2d467bfd5889ce569b45c4,validation
/content/section_01_workspace/data/raw/spamassassin/easy_ham/02405.09deeb2c650f3f44789439c91e2d0a62,0,623ef48a4097abe96069f6c28d0b22500d8b7ca4ceb48047a4c6a7b731c3f8da,d5c2fa8f77572959a44e706844370fd463ffa8c06ae231411fbf74dde9c6d949,b87b60de076293131220175496774ca2b5128d8fdfd231e4d4f9a5aa13d62495,validation
/content/section_01_workspace/data/raw/spamassassin/easy_ham/01075.510d4d750a3f004389358a0c715175a5,0,5c152dc7461d91d6020f146d5951157bd1394750ed7023a33171cd2d4eb60d31,4161123d2adec45851fd9097375e16781cd9af61c3719e8391926b4da007cd97,faf34bca86031e0b3ddbcdf6168d3b091a870303ca4b3b8bd3ec347d0fb0dae9,validation
/content/section_01_workspace/data/raw/spamassassin/easy_ham/00684.1969c6baadceb721cc2a565b93e7f63f,0,cc7e7ab8106f901715d3be787ee92b52417dfbe1055dd593f2d27d0f97249eca,4cf5d3f802b4e08f5baf07bb73a0ce662f54202c3497124ce6ec689c3a645eac,37f44d2c7982b33f1adad6cb71cb048dbbeaa73608389b454673b64c7b6ab06c,validation
/content/section_01_workspace/data/raw/spamassassin/easy_ham/00281.a143a6b20ae0f54335a78d477b3d82fe,0,4e4cba5d44103c04a08209db266f6298d5de56b514a91a8bf4ed76f34428d34d,44da8564f739950a5eb283e06c9c55ec54af735baee826700209e1c70801fb39,6c85ddeaa103b6132925c42bb5bc0e98d208d7d13bef00fde49a838090908d2d,validation
/content/section_01_workspace/data/raw/spamassassin/easy_ham/01908.d4433993e642ce126d272930d9ce47da,0,89c3847ac7d973c066ccd405033af1b781219e59cbb5563da8cf7aee7fcb97e1,10e15d9121c98e968f81e8c14c21a7baaaf1174b1ad1b6d2430e6b43b8be92f6,6eacda24515170f168653815b9abecb55e55a052ccd5e29aa406702ed678ede9,validation
/content/section_01_workspace/data/raw/spamassassin/easy_ham/01031.58993bacb186b32660aae3fc69890840,0,d1df7a7279bc2889643861ab41331ebc2dfe3a45f30420b490fd313978cd40c4,a8cfe0b6646fe230e67fffddd96c8239f7984e5d86fc9c04343a0f0cbbeee6be,c935424c52633876dadd46c9cd9ccab438346c5f6d354e5276fdcfa367ef9fe1,validation
/content/section_01_workspace/data/raw/spamassassin/easy_ham/01647.c5afcba50538a5f49d6e261f6bcfed40,0,58cb83139bb5f2a18bf58b5e4bc6fe728944345573eaf82150071408814a6260,0ceed607cc2af2a7f11fb391f614c76cf17cbc49cf1a7e8d2dce195ab0f528f9,9720069f0686f549590c82735a945d5baefac808a6d4513673ce3ded9a182f85,validation
/content/section_01_workspace/data/raw/spamassassin/easy_ham/01826.ad12430bacae88235edc88001bf80c9e,0,84215769b700328c2335393c12a4fe31a4e6a795367b3e9f9c3156061fedfd88,fe6d5e7811765fff6f302e83de5406d0b95469077d6f9b9396c227bf43c595e3,b79de0e677e5939af55cf2928d52e2f2eda59158e8582b78d1c366609b21cd06,validation
/content/section_01_workspace/data/raw/spamassassin/easy_ham/00037.5a7af2f7bd57a2f50b7cfa05d5e37c29,0,936ee3fff725491ab5a7cb7645519b3f859eea70c6bc64383c05811be4ccec82,07d856945a4e692f47049c63c6ec790fee7aa46ba863060f454daf9cac3ea5a5,dec98ca42503a975244c722365685d2d71fc629429dace37087f36a205d1adc7,validation
/content/section_01_workspace/data/raw/spamassassin/easy_ham/02232.5b851f21174e8a172cdeb2c4fac519fd,0,741d801782ff40103614e77ad67423bd2214dc42a1f17a2d491e823f511f800a,e996de17f9ab88a7132e1dd83dff58cfee274f09929f04f034e9cd1aec303c7f,a549179cbd7e49392d7cb0bf4c7cd30b46d93e26576b848c6be014f0bc4cbc87,validation
/content/section_01_workspace/data/raw/spamassassin/easy_ham/02382.eb2484cdedd309cd6d94fdc9731ef5c5,0,d1623f6d97ccedb2775a7a41bc616153a3da7f1f6b0ed0e965388b3a98932a7d,427ba4ec55f5c10a1ea0f4afc250141c0594c80d19b726351593824e530e3f64,b3ed5722f211f7a14e49867b50716a5c0f59865a237a3323010690b0e32b8106,validation
/content/section_01_workspace/data/raw/spamassassin/easy_ham/00360.5e45677c7b7a664d516da6b003d9656d,0,c2f09b3ed934a91af9bbf79ba12c262ab06ebe042d659681f82c3046e4549cc4,c9b17d53e90877f7367fc23bcffac1f3b7c5f10207c3c88c6e81a3f1372305a4,407f995d94eef40e169f79e67de00f8a033351de073666cec3d6055f709eae53,validation
/content/section_01_workspace/data/raw/spamassassin/easy_ham/02388.065b9450504ae5c247c966660fd297e1,0,fc2b72e32ce21791328f648c1d72a877c3d1968ffb3c934bc7f416d59da55085,d6609a0631bd03bb8a02c0e88f8e77bab2f28d43f74ea198362b0f174215a220,5dcc53c4d35b46db2e022e29b1cdbb36854398d81ac59d4cf17caf52442b7d39,validation
/content/section_01_workspace/data/raw/spamassassin/spam/00264.02b614f34aa0d5970959123b9386b285,1,bcb956f8e49c987f6fcaeea667fdef36cebdea34dd4287c4dc382c071b028094,00e0559cba17693f1fdca6744ecc2218ce0121fba393c5f29886ee8d413f4dbd,b3a3838567ccaf7154077d96db97b35bc4d97a0bfe8972a0078422b7161c2b79,validation
/content/section_01_workspace/data/raw/spamassassin/easy_ham/01193.5b3aa2609dfb823e754b1407d451f97f,0,509368c129d8692bf4d838da1254e20b536c7cd905198bbc202c96cca49dabf7,8ebcacb2f1c895042024c9442c1783dbfbbb2ffba92dffaba623c343b723b98a,caa24040e401850a348b1284f2defd036a1c7200578ca5dc65831ca7d9a4efcd,validation
/content/section_01_workspace/data/raw/spamassassin/easy_ham/00974.e075ae7ee23cfacb24d0d1b59ae5af83,0,f2515541e5d43b60089c05543d43477a9e371030d8d900c30cdad38bcb5cb243,6d4c765a3df458331753be8a1b435cbe4ac968bf64a0754d2641ecef8adb9f69,967dae3366371c1899d77b5e3911e6aad4325be51297f685148f2db89296ff1d,validation
/content/section_01_workspace/data/raw/spamassassin/easy_ham/02416.d382623221b581302dce05f3ade9573e,0,4d3c026fe271ffa1a519656d4c2313a352081df6488cf8c58d7c1e2dd3e54a1f,eb4daa756129a402dfe9d3ff423df8b29f18cb558ed7dfbb5b92c14d9934ff42,5c185140ff055a1e9354fda301d823a88cae751472adc2711232ea298b3743b1,validation
/content/section_01_workspace/data/raw/spamassassin/spam/00280.026da2bd191f11081b8d8428134b0c66,1,df3b67e11dfbf53c38ef3e3881373be3414d8f0762a63f30f11f60d33f30c45d,be382306f4e86e9e11fc246ff22c029e5c64e50eae705c4144b4697539c88503,b695708cee8e2062be527795dfa8738e99d43068c38468f89574987baf9a5e31,validation
/content/section_01_workspace/data/raw/spamassassin/easy_ham/01565.c10c0b0e0c9903345e28f9c17fc84400,0,1dfd72a43c673998ac807c67d9c13e5a19042b8bac64db5e51f5a44bf9ebae6d,e7e0ddb84ad7bb080a5e9aace56f8d77fd59a29dd2544488e5f91132d4844ca7,89b4cc3cbba8890f8c878cf8850355a9606806887a381204c2f58c624e9c893a,validation
/content/section_01_workspace/data/raw/spamassassin/easy_ham/01645.f61b77d47c074402d1ee5976e9a4fd7d,0,d1cc6ac8f0412315d9716307b7964c216e4c12a04b9b23c38724f5c55cfda88f,1740e3bfb3d088d3437fd774804960d1701cfbfa6750e09dea3cb859fa977a8e,ebd18b088883dda0377ad012b8da8cf6e60990f3bfb8d2de08711e2e859c444c,validation
/content/section_01_workspace/data/raw/spamassassin/easy_ham/00949.5a860f580179b99a227c4064ac28724c,0,039bb4a153bc3c930d450a3d6d57ccc443a255e9501918e09d8b3db8160cb5ff,019215971de03192185bc7d860928a91a9c9955babbd5f1c73c884f877f76125,2d0b13a155ec13798f7cd500819ed6489dc521c08267592950f6b443ee4f7b6e,validation
/content/section_01_workspace/data/raw/spamassassin/easy_ham/02406.7d974783ba62923eef75300a9420a42e,0,85f50c74ddfb276129f84384a90b088e013f09368d7b139c71f6f84a88ba2783,85ee04a2fcc4e3c1289401a71b9bc4007f657f284224d69c7e45abafe9368eec,df46513a43786f476f46e8693e1ebf0067fde0be64a93ce46ec0961825fdd8de,validation
/content/section_01_workspace/data/raw/spamassassin/spam/00257.5c8ef87f8b11d2515df71a7fe46a70b6,1,017f0817d4c929517b4ced5abca44a891a42d90349c580c25a6b29fa4ac83bb7,10db26ee826e971bb6f08502e1f84f61f7aa2b3216620c37bffa8d2c1daf7cf1,646185410ed55e42346caf858f4f7df9037a39f0dc041b8bda11b59894bd7db5,validation
/content/section_01_workspace/data/raw/spamassassin/easy_ham/00851.51d3571c945fd64a210d477de46e14b7,0,ed8457ebadc86d067fb6501c87cda3143d11514064ba84910e1adeb87d9f52fd,aa5e82ea5006b592030656af9af364eb7dc09287f8116665be92b6f762f996f0,d1c8698017bcbd9e10e382bb6812edc125def833371bf04eab350ccf774993d8,validation
/content/section_01_workspace/data/raw/spamassassin/easy_ham/01493.54825a42c8197a8f7045cf4eca7f3ec3,0,5e533da8aaa7fb009f7b2f9d416dc2a7ddf1989c534d0d81c755b9c91ee339af,2a084e67c7c245e3433227e7f39c57ef34cf5cdc5da3a3c5dce04763347bcd00,282aaee8de3a27014e330b78f1fb0b2851415a4924009373f98adeb77824c9d8,validation
/content/section_01_workspace/data/raw/spamassassin/easy_ham/00476.7133902476448f294ee064117d96c988,0,80c11a065d601f1baf7a924a4b63d05bf9d5279f48472727506640990e912481,0ad651ea76a73bdf2f868465674c8f6977734d0fa4f3776e843fb8467ee9ec83,b2fa3c0c3ca5f32b305776180a227aacae656ab8c3309d52e6cbbdc9989c41f9,validation
/content/section_01_workspace/data/raw/spamassassin/easy_ham/00599.94c013ab7037d45045aafbac3389bef0,0,fa58e34971bb86bd1969cd18a9e9d5a71aec66d17832638388df826bfc0bf3e8,1a76e1f815cc907c351a23e64b71a3acbae2a848638090418dc921fd70c00f89,4311bb98ebc20b7f1dbea551e71ab04ebf90411c2c27c2bb523e8bf87ece2196,validation
/content/section_01_workspace/data/raw/spamassassin/easy_ham/00759.1c5ec35412195e0c2d80ae829d68e8e9,0,7836a349289d5188eb410dcaf7df68f2f1f38ff02f92fda2991c28d705a843df,dc3afab9b3abed0d6d28b5bec6224d24e2f960d00da5ace55579b83faaacccbd,d8c3499375b8630db1fba26d908e402d9de705b7011f2a20879b1af3d52abda5,validation
/content/section_01_workspace/data/raw/spamassassin/easy_ham/00993.041d0d8e108657fd1ba5c605a10e2bfa,0,4e8926bfc3d7a2c3335ec4918fae1525243ae88187bcab72e5db303c42cae7ed,07cad3e7775e7a9cff670c6c9e1fddb2f3e8835e58899e3bb855ead3bb5330ce,9e9c4261a0b5094e2d19306924e1c91eef54be6c9184ec33f620da9ea690b951,validation
/content/section_01_workspace/data/raw/spamassassin/easy_ham/01432.398dffdbd1e29fb5b5af86bc1f939f64,0,548d19b56263f05f7512ccb0a78004eb02d68c41cfa890036c8c1785b0686987,b3f3bc3f2f09486f8947f5f7e97f4d0513002ac1fa58187503ed8995aee2f55b,649b65c8b529009b9d507b8b1b6f3edcdd28b737f3243c85a0f3e1a2724b5f2b,validation
/content/section_01_workspace/data/raw/spamassassin/easy_ham/01393.7c259c411369b7039505bc91769f09a6,0,7176b92492a84c249f3936402f0b7074a19d6c77ec01fa57dad4b30bd642a2f5,1f1a213b724b3e93f8ebbe62f4a8d23c19947319ec18c903d50d788877ce4068,4a26fc57a15e6492c9994b28bc06a253ff995ad2c8dd63d44aacfcf429217503,validation
/content/section_01_workspace/data/raw/spamassassin/easy_ham/01822.b7ebd6708eae196f05fcd57fc3e79efb,0,290d952d6d2b851c031fe67c932ceb8168bb87a52fc07077a9f3e67ac8e5f6d9,8a66cd93c3a73354e877c608983f0a0032921703fce605669d739c7a1e70d9ab,5082a24a9f4f2fca53225159808b7845fd64af2966d3268567fe8ce264ad6a80,validation
/content/section_01_workspace/data/raw/spamassassin/easy_ham/02424.3f022ffe6f06ab63fe087756835a6315,0,79e46ebde663de8547550f6de73981055c778e0c0adb9b09baa4c61492d2481c,6f66308dca164fc8d9ccb3d93d6b17fe41e3064cd0d91a6328e158ea4c50ab99,856e4b316b513ffd969eb5c11fd36d38e9ecb3b773f994da00a81affcf2eda6c,validation
/content/section_01_workspace/data/raw/spamassassin/spam/00111.ae6aba48f8aa83849be067076eea8ce5,1,64329ea8627bc9d22c5febeba4d02a3500f891590be5906ae6f858fc58b3dad5,5d5d6413d4a517992039d445980d4e00f6404d44f886a66acc7541135ebe4133,6f946a68025608fdea85b6aa7558feaf914d0ea4cfd34d55fcc9f1f1d0738c00,validation
/content/section_01_workspace/data/raw/spamassassin/easy_ham/01361.bc57ef0754c9fae5ab89cac38f656200,0,1bd90616451ec28d485f4ade7e620ed7887c2768eb5770a8cfe466e6a5cb5676,6d4cc62a7fe25206268688d9df1e84cbbceede866c71cdc112de86bf71e7efe3,69613ff92399198e113596cd7c23d0cf1aa299b58324b13780269a3fa5026524,validation
/content/section_01_workspace/data/raw/spamassassin/easy_ham/02041.cc10a7838446976226cbb91b0c89ab5d,0,21a2489cd2fc2b4db37a643b2da3cc53441c06d3f9e08d166ecf76948a116127,24c677f5649b9314b6f1945ffb2211dfae1a685550da83d5f370fc2254fa199a,dadd53a4fd2fc09678be91ae3958b71d2b14164d2d0e8fc431f18a885bab900b,validation
/content/section_01_workspace/data/raw/spamassassin/spam/00106.f20a99365b7016f8e9dcd8620b472e74,1,ca1392ac4b53091d7c86df61c395c05a533cf27137adac9d3629d2c63121e088,3b7010bfbdc264d2265c8f9b1cc801f5a1bdfd6622726144748eb1e43933f32c,a5fdaecea16a7a01039b9cd0f6d704ec77cd1b99296f18950e71d586db4e416d,validation
/content/section_01_workspace/data/raw/spamassassin/easy_ham/00444.eca3cc749e5630f73f2243f1f35563e7,0,9007d385d9ff0a5148511c25ff700ad11200ec22114957ebb49ae558e3dc1148,5531d2054219ad444bd81f2d94dd2f0f5c2826b836aec03f240e9a9cbd5c8aaa,d867d5488ffeefd1f416e054409e4107a30ce686fa75c480baa729b10c500a95,validation
/content/section_01_workspace/data/raw/spamassassin/easy_ham/00917.b633b615b29b9483b6e3ec54dd6914b9,0,69bb55c0a17207dcb9b0bd36774644ef336bc25144effa0d2bf1e473e32012d0,0eb21bb3af73afdd37ef6599ac6fcc9cb4552f0ca571440d6ecb732f5b8935d1,ea9f66606526c62abc2534a93a981494b3c13a8b61fa180dae866644ba35c6c5,validation
/content/section_01_workspace/data/raw/spamassassin/easy_ham/00920.d7c069763cedddefa021e23cae0dd259,0,59a690f4c6b51a9f0f60e703061c69f0bcc87973c93d5c8b917dbf75f97b69bc,57aa3804063132eb097c6bcbf3476f980f580a5385ba0548c1dc29850da4db7c,b51545cc5c8a58a24b3a9d22f26f72a2386454814344f499440d751755da6b0c,validation
/content/section_01_workspace/data/raw/spamassassin/easy_ham/00419.a88b7702054f8fe1ea38daf082124a6f,0,37afbbd3a5c52d1a52e37ce83014fdb3479b46bf4c338678692ff17fc5851925,e4fdeed043ce559c3e8555699336c89a525357d093f1eb87b620eaa952009567,830f0fd05c95527aba9a5554e0896e2cd7ad33d07a8ad73875443baa5e7ff367,validation
/content/section_01_workspace/data/raw/spamassassin/easy_ham/01380.0a97683490023a8f59c230f5057d15bd,0,cfe9ebf18352893caa570064c187a931ca3b27bbcab5da8682ae131312c40c1b,419b76b968039fe9b850481bc231d8b969938ea93b3f1a1866e28800a6bc76a4,956a968df3c7089e832f9a62817b757d85bdac4f66f2b289d790609bcf30e5f0,validation
/content/section_01_workspace/data/raw/spamassassin/easy_ham/00481.a7bee7a7de9cfdb9ad19c88c0440be61,0,94ea1bf3c3ce43805c9c6dc81a2de8e8ea9c281a2f956deddafae7e9da8fc5c2,b7499dd35c5757a55b4be65c84764481f6f1a89fcfc32d68a736d20feb7cb43f,b158d3ef3870978e91e7c0228138ec1b2b8b4529875682fa7f833f53f415d717,validation
/content/section_01_workspace/data/raw/spamassassin/easy_ham/00205.a7ef07a6046817705ce83f59e2bd3ac8,0,a88174524da4bf415901526408a11037e7d71c92be38b8829f02edb4070c3d36,b5132b39bacb1c2d992758dfb84ebe01710957bddb55a54479ebd10d7c6041ef,aae7634552b858b0c5c8db006605da1f40136e5124dd2b1428eef140f797dbce,validation
/content/section_01_workspace/data/raw/spamassassin/easy_ham/01154.9e17bb23e3f1dc6f61f25ea4e7946505,0,e07b002e8ca1f4939dfa09b0349e6d1c229955972b2290d71b89028fb8c6d010,30da653dc4c97c6662f6ffcee999a445c488c2aa53c6cd40da0ad7810b3eeb24,3c0e4c7a60fd749f3d3bc542f30d2feb1f662e39456d34331ee9836f46a6eaac,validation
/content/section_01_workspace/data/raw/spamassassin/easy_ham/00448.18e06f65c923e685fb4f72d90962c217,0,29bbc0dcdf747f7652526fa7193fcad653441e6d51d8d51b085966099573dc20,af8d8593bba3fd8f4a6aeea30ce18dad10c92e27031af4ff17292cece6f12eab,bcead751ef53bdf545572c3217336ff3c3ed676fc262d445701c2e6b2d4d9133,validation
/content/section_01_workspace/data/raw/spamassassin/easy_ham/00145.9e4594abeb96d3ba5650b9cf88e91015,0,ef97fd680858d49d43c6d787b1260a6b3c649480604523c6ed63ebcfc396a2d0,d91bfb249b546ae798100885fa307fd091177a0c370118cd9a7364865f3064cf,e3d3d9ecf785268243be6724fc1f5fac14e38621fe578b38e253067307852997,validation
/content/section_01_workspace/data/raw/spamassassin/easy_ham/00438.e56e66c54e734033b4f014a98615eeb0,0,9bba73904b3f2dfb78e392519143c033b28c691f79cf42d28b4ad0c255ee7e42,4984db5df6202c37ffb1b264e90c4807c9509012c094dbdb4b61ecf78324c78e,787bfd48bdd509ed04466e1dfc081ec66dbe06b9424775583e5aaa7fd7a573ff,validation
/content/section_01_workspace/data/raw/spamassassin/easy_ham/01455.6f59785ae19e2d0c92f0f18764e5e8a6,0,cfd515964c9fd85cda099d9b3ae21bca27170463028bb0181ffd802829b8b921,8c1f3876df98102f91592e97dc474f1b92b652f7001d7e50855818cfbc33bfcb,07e9844ef28741f5c56f58af66c7d9e124c4ff4052dc6e99184a1fa3e315483f,validation
/content/section_01_workspace/data/raw/spamassassin/easy_ham/01345.ffcc21afc6fa4e97f32f1980c05b33e8,0,c7ced987a061748ba7f91c1fcd4b64b755a9d5c774e3af458a54673cd05d0498,4fdef6c3a8846e33fee76970a80715a0dbbfabb443b9f0a46e284b3d409831a2,c6b3a5208701ad81d0f29733b75b0788a177f05257755b12e7a169040d1e8d02,validation
/content/section_01_workspace/data/raw/spamassassin/easy_ham/02086.cce6b354269ae66f536b1e04b16a4197,0,c8b29fda73b9f8e6baa48b669b8292599c999f94b4a4f215b48e91b8f48809cc,7a3756a41e2078c64d4089a4b9bbbf1abcfa9ff70dfacac888a99f08d87c39bf,b44d052a2a9014d85cb0ed00d462046dde8359acb2da2ec6b71e3e4421bdf827,validation
/content/section_01_workspace/data/raw/spamassassin/easy_ham/02151.d9959f781f817fad004ae40eda5f7748,0,bbd9abba542ea8ace6b0dba95313f2520065bdf839f65093a5d326ba4483bad1,c5528bc4ccfeca4a59883ab2b706f960fada5b637c26a72bb692083fcc846b80,cfab839bad332ca31b15edd4be064f49226b2152f365be10502fa4f2ae924a50,validation
/content/section_01_workspace/data/raw/spamassassin/easy_ham/00032.57e29a75bca42afb412fc68d5051aa20,0,a190df7f29ca6b01dc362570af8cb64f1f4626adb1e73543051677364b43c5a5,165d075d1463c7c84043a1e35a58b2b5899b5623ccfcd41006a10675c3e7e8c2,d9094b2a1bb4af7b535e2d8151cfbec24f6236d5e99f305b1916c632ae7496ff,validation
/content/section_01_workspace/data/raw/spamassassin/easy_ham/01241.6256684c417b030200ac2792ec46aae4,0,6eacc018c644fd306410b86350ab605fa2ee5dde77e53c128aa175103197e09e,ea3366b1dabd281ad5e0c7e8bb662e1af13e77f5e8c8823c278f8c49def045b9,6e2f5f6ac310f73f5e4b0b0b9d1e80f0403287961bc28b52f512e9ee833a6c68,validation
/content/section_01_workspace/data/raw/spamassassin/spam/00037.21cc985cc36d931916863aed24de8c27,1,71dafad6915087dc7db5748ad13a7735bc4ebf3836f99130b1b622511a50cee6,5d6ccb0450a81c33cb39c817a32f3872237b3c5c9aac5273de8505a94cfe6e0f,0d3c1afd590ae46cfb6e4a6d3186f7a5f789f491de7e7818e19272fe149ee75a,validation
/content/section_01_workspace/data/raw/spamassassin/easy_ham/00879.798415ecafdee535a11c68481f5d66b2,0,856e7230fe34d5b114f12b05fea8bc63c446aef57b9cf60f3a528d5da3f5cd0e,229722c7689ad13088849cbf3994f15c46c4cc09aaefdf043183930df9bf1b2f,6f344f5e495f0b9cbc27ccec44a13cdc0ebc10dce3b301256362e8724a9c8ead,validation
/content/section_01_workspace/data/raw/spamassassin/easy_ham/00142.0f7dc427ea4ecdf0c257b8bf7d152249,0,b3628dddaedc2a4407714391cb9f1c7103f1a69aed5ab4f4b3811ce9608d4a39,c398a24b2c29fd7260dae105b4978ac2f5b6c8a7dcbd80ab17e117cdfc6a53f0,151494a06201b40566158778b9c9db58c5f0525f20885e6d5a14e512cbc1610e,validation
/content/section_01_workspace/data/raw/spamassassin/easy_ham/01076.3a56372738701391cf04b8a1fd379d3b,0,6c05e2de97eccfe2ab848206bb9f37c25389f076afc644263f7e12f134f4a9d5,0d8e6c1ed96ae0c1053a24bfa7a63d50ea20d5b757af7ff737a0d453d8224943,0bee6cd5d96c1ab5fce5cc55828aa70cfd7d4bd1b9047fa5aae60f2185245017,validation
/content/section_01_workspace/data/raw/spamassassin/easy_ham/00615.4762e05d7ff70fa43cccbad6745b34cb,0,f8e15a89ff4e26cd66051d22521f1377440854f53f821ef92e743dbd4bfa9204,2f36023352a95510dc6b6e2984b13fc792ef47b7105ce1b2b3da55bc90d07681,92a7ea212a541594e610fb9dfa043f5bf15d35424b57156832c4ef8cc09fa234,validation
/content/section_01_workspace/data/raw/spamassassin/easy_ham/01458.faf90fabe2c118e46dd6a60139a7317f,0,5a46175d2421f327999a7ace9ee914e0d7e607c506ce5d75a0565aa5abfd436e,a7d3726244ca9196100a2fe18659131713ddc4ff073fe516bacfb771eac2c1aa,5860b682ca7a8aee803c5b29a251f9467cd6702a12e008eeb2c90637a140ea5f,validation
/content/section_01_workspace/data/raw/spamassassin/easy_ham/01240.606580f695bf5dcf324240db2776def8,0,044d732bac5837018ec905730fc11505982a048c367a0d8c1b08790f5234534c,9441f6f7795f62fb8d626d4ac6c803162b0ab6ff12aaf0623068db101ce7a5fb,252a6067d36643469666013f03befa6ac44f999abb7dd8bced428c9388b060d1,validation
/content/section_01_workspace/data/raw/spamassassin/easy_ham/01958.1e8e2e3b7209d3f368f2ec07a6ed7d18,0,5bf8348c51722c33b6b54ae18a12677976998d432eef47b7fc8142d3b984a9f6,6e5db61ffd9d28d5a5bc508e354148d4aefbd08c3c74fa4701ddccdb3831458a,4f683c7c796974dca89f537ee2d44233b93a35f7523f84b33ab4a2686d6698fd,validation
/content/section_01_workspace/data/raw/spamassassin/easy_ham/02097.7804042a511a199b02f3da79a05d54c2,0,0aef18ff97289cdf39a9346aef813cd9bffc3ed5457a25ecb7ee46b626e74aeb,f657a1c0f67ac97cda1fb6a214ceed13dd9d1d37afd47f84e02dd757fcbd6f93,9c8796efd503ceef92eae5b2904b45fa7a5f8267be212ef6100b6f79a078c118,validation
/content/section_01_workspace/data/raw/spamassassin/easy_ham/01923.6b9f0ab130fa8a9762525e7ea6d2b478,0,30bd9dd977ab4b1525068649f5e0a185f39bb0ea092776431e9b96c1bb56e948,6839b9285a252dcc00871222badf3fd0594ccd8ed70beb29b81f4c0196fd17c1,f5ea2bf4558cf19495b4bf7db790583af5600f5a3e18c0eab3906827f6edaa27,validation
/content/section_01_workspace/data/raw/spamassassin/spam/00365.da6795d02b44e4d5e168d62718f3e7c9,1,d1af80cf2854383cafb18b4ed9bf371f898907a676283048f54d7e21267b331a,c42cc926b909989c2b7998bb195cdcf30bc2b7560bd42f236cd6c881d7059e5f,0cefb19be6eff8ac73965ffad5eacaec979c645b89641258f8c8a3ed04e19230,validation
/content/section_01_workspace/data/raw/spamassassin/easy_ham/00721.9f0c973b343b808cdf4ab26c9e9b3b50,0,77b72e2d637d2d850ffe8d0cc242dd3f012b6634cc8047dc3e6d01f8bbb4578a,fd809001d1232d42c2056a34c05ed25d777bb61a93f5e0870a53ec9f76c660fc,141d56d65beaa228ef38b54523d02abf48df16f2aa089900816a4705755ea8b5,validation
/content/section_01_workspace/data/raw/spamassassin/easy_ham/01551.f08fe347237aafcc3c8cff08a9cf94c3,0,3df4fdddbf7d9b9712a55fb71e43d88de5843dae67457c50d5a5f60861d0cd4c,d97df2799d3987cdf881ccb515d2582bd3f79a07a73b3ed98b7cf186d97b6cca,885b8e7b55d54f41ead067c0b1679660ed089c6bc73ab1bbabeaefcc3c7c7017,validation
/content/section_01_workspace/data/raw/spamassassin/easy_ham/01445.943b6ecc93ff03231306c4e9efeadc01,0,66f1b27af4bed2d2db375041d94574c2cbe6f3a4ab5fa5f39feeea8c811f199e,974e75273e65901edae59b6d8c80e8a913c6b952881a192fe7679493085125ee,626d07fdfbdae1aa5e24669afbf5a2d47d919e371f998c37d5f49ee7a2978039,validation
/content/section_01_workspace/data/raw/spamassassin/easy_ham/01566.d3880fbc5242d59335e33c7485ac692e,0,a02060e5e9a884e5a40f0256e1969e5b41fd1c415364e5e52cf61e67137b31ce,db23774c21517dcb4cb06e20f461798887b6b1a891389d7bfa802baabff5c334,622cab14ac1d9b1d1bb8b30bbaa9d3fd837544ea51bc7373e98b4f2b9f53be07,validation
/content/section_01_workspace/data/raw/spamassassin/easy_ham/00775.0e012f373467846510d9db297e99a008,0,414618c543ac9cfdfa83e59b338183bdbc1911483e48674fb3bb81bff2e401bc,48c620f2a5f618523a57b8bdf771d7229ef59a44fd01b0b76e61f30c16e6c70d,b85e05b0f2dfd47cdd086442467edbcd9d90cb87b5913ce3b2aa56d7201a635e,validation
/content/section_01_workspace/data/raw/spamassassin/easy_ham/01356.6edc052e900ddd438a25c6fbe4106334,0,b29e7b7f1ab340c7178e21f3e4cd266efed3d8bdb31050a67edd5ba7e557e25d,22e78a5bf9f2c0885b838083a8561e3cef200a5e7095a9a88c98e85ebc04a08e,9b51df973a79b708c2aa29e83101b0dc11211476e35e2e8e58777fa83fc372ce,validation
/content/section_01_workspace/data/raw/spamassassin/easy_ham/00872.b037dfd3ef82cc1690c6692ed42c4dd5,0,c4443e01e3b640a4e962b961907e2d14ec4e29398b43007167e921e0f2518ef3,71d1eb8d7484e57d4fe1181994b5a84cdb5742358898e4386a2c5d883dd2ced9,7ce1e835adfaed548def250a4904d7ba0f997e82b3860b5b53a17bd90619a329,validation
/content/section_01_workspace/data/raw/spamassassin/easy_ham/00188.f416128c8a1bc74ac615e5bdf7ae0172,0,6da3d7d9f7561d0dda0519902a7f2ac8a51301c0f4278357525b17a8cc1e6b3b,f26f8147188badc0fb03d195a8fe7d69b87c701d09e304e2ca83d088ef77c00e,43f81c2c5131ffae239119d4ab005a2db5eb6c58537753b6fef50e828167585a,validation
/content/section_01_workspace/data/raw/spamassassin/easy_ham/00471.4275aa8908e9754226118eb99aad8c6d,0,32453d5d9c372779338798fb255c9f9bf9113e8e37031148b541ee79569437a6,96a909168cb343a38770a8dcee3b0cc14d63b457a0d4e5d71b46e7e972161926,8e34a76ee4ee62be6fa45a19042a77b1a7ec7054cf3d3d3c90171bd3e3581cc5,validation
/content/section_01_workspace/data/raw/spamassassin/easy_ham/00087.03a92f5753c44cb83d28837121d82b06,0,32aa54ebf442c153815798f2baeafd7b7553445fb959f12206c8662089c6a263,8de3b35a92862fc7836adb85b580b44abfaf40179681eeb4ba5c98a3cbcb7050,25a81659a6682b51c90477b41a644fc0d588f1b10686eebcfc1a0f09124b2a19,validation
/content/section_01_workspace/data/raw/spamassassin/easy_ham/00046.c8491e68aa5652272d6511bb7d848d37,0,c15cc7acde52c9f70043e75e349059e047c5c5f98187bd8acf4830a03acc89d4,06f283ee314ecb35b6a1cd37b8c08e88e97fc10a0d9e7080916e0939c3b6ab62,d53f71d4bad34588a5436204397661195029585218997ec406de28662177672f,validation
/content/section_01_workspace/data/raw/spamassassin/spam/00402.9fd8762dd436ec868d4c22a17d8ccc3d,1,fe1a88d4ec29d32793c39578ad8a26bec5d831de3393bf8af4b36502f357bdd4,04d680a765e75adbb863ac9ee544e4a05d9976fffa25973cfbdf0a81875bb0b2,02dd275e098356eee30f19b224bfc7d5f6b50005b20b8a184b5132d3800581f1,validation
/content/section_01_workspace/data/raw/spamassassin/easy_ham/01057.e1933319a8e0ed075aab6d302b132dbd,0,4cd15460c92158a59236acf5a4ea8dc9cf7fcd8f8f4a3f77347b300422709d96,8864e8371b67e8d174b836fd387dabd78d1b4f5881f05e5bcfbba0454db18447,0a8dcc18ecef206c95284e2c7bbba16d28532e9b6d04821492a562caf84c6112,validation
/content/section_01_workspace/data/raw/spamassassin/easy_ham/00062.009f5a1a8fa88f0b38299ad01562bb37,0,a7ba4592f83856f5cbd07ed1448d6d9e5a003784d5bce859ce3380bb0cede8a2,5daaf5bc916ee15b3a02a85c81e46f0c1795d5ed2483b17eac5af93cdfcf5c94,4760d490df7fa060a85da724ce9b03cf51c736f315c5e349322e0d24b44e6059,validation
/content/section_01_workspace/data/raw/spamassassin/spam/00249.5f45607c1bffe89f60ba1ec9f878039a,1,1c0c307bc78acb0dbfeb0177952f75affbba9bb740ad5f114059c8ae2619c103,6ed5d7f4e72b6e531f521ebc93f8d76943cd92364779534c33558f4824b079a4,32bb3d7b063ba7bc9c10b03468e52bf6a4c15b6579ad86cec1d4fd014bf57e4d,validation
/content/section_01_workspace/data/raw/spamassassin/easy_ham/02188.3a31f5febb420d22b9ee986c4994591d,0,9944df68f5167390805d1af70f52db911ae1309c850ef75512cbe6f9e2f1ba41,2c9beb2001e6066e5ad5b281d831ff7604de00d8846229a25159598e9f414481,ffab2d8ded0c46c7527a072560573ab650e21cb479fa6a5f851196aa28ad7f41,validation
/content/section_01_workspace/data/raw/spamassassin/easy_ham/01392.775dfd40216f19a11446aa0a3d8d1e73,0,b8eb5eb5406cc23d57bb659c6da45880096132b1e9aef59187321dee7fe7ee04,19c22c35a784b41c673c2c355101cae945d665fd1503810c964d8bc76d40a56c,3f8bf372e88009bf7183624b53e8aace14567a476fee42fb9ce61259aa26f7dd,validation
/content/section_01_workspace/data/raw/spamassassin/easy_ham/01944.246605bdc72c4edf26299853775632d8,0,ddf527a6c9b0b610c20f7a275f3951cf4e42293081ec43f3316b11b3df173c84,62ede6a17fba0b76ca4db4cdde47e6a417d8f53aa82493ab7e7328650aa22b9f,a99a46aaf44696228a6cc0d1232710b1cae1f63666843c6b0e3f883623f6f7d3,validation
/content/section_01_workspace/data/raw/spamassassin/easy_ham/00234.335356ba4b116d347be3199b40cdaed2,0,e81acd2ab53345e889f8a02e9f13a44940d279e808e42aca0a7b7fe59ff12318,289d01d023b8ca78f61600eb35fb2d3276e5b1e0983ede6f4b5e022d045e8f34,51c832ac386a5461a31e8de0a72f69b1d4a367dfde78a5848569172c9096510f,validation
/content/section_01_workspace/data/raw/spamassassin/easy_ham/00808.1398044c30f7120129aed031ce56ba58,0,20d09e429c7337e6d6acf5261db13af2173d9b5ba0cadef34ff0f023b3c626b4,7b5d7d531c4a77b81935964245741347ffc4fc7b8cd6428d6ece5d15b571c2f5,6c7bb841933fea969e9a41ee5802a57d73ef5a1a1100b78d494eef8401a69bf2,validation
/content/section_01_workspace/data/raw/spamassassin/easy_ham/01547.637d2970bb87c9f4090d809bfa16fe9a,0,b21f250785de4d51cf6396497df4989a85fdfd582e62847d586523dc3f3fb1e0,d7aab244771a10af6ecc181c3e242015726e62e66e92df6bcd70d7b19d956914,b347a36d074c907f52b4e8891154e9ce3d422b25fd730d9fd4b7683447c793f7,validation
/content/section_01_workspace/data/raw/spamassassin/spam/00450.93d3d59fcdd0f8fda9ef4678535182e8,1,0e953186c77958e70e1b8a5e1405be9fe95cad564506e5570a9d83c37509581b,18ef1fd062b8a535e0ab37720d45586aa60c9890c1a3d84fdcd88c7190db7e07,ddf5494ab93d85392569f00961e56390c5f1f2142d97712f36eff0d50731bb5f,validation
/content/section_01_workspace/data/raw/spamassassin/easy_ham/02484.32a0bca2600788be144b93cae341efbf,0,3d84ec03e040db8658e74326fd95c990073faa426407899f2e4e2740119e0065,621455132ffd586df84f219f4406e9a334135412ffda612d4927ac722978cd06,baad77c6d0c3e33bb28ec03626485283a4fc30d0979d49fea98d0942833ad4b7,validation
/content/section_01_workspace/data/raw/spamassassin/spam/00049.09e42d433e0661f264a25c7d4ed6e3ea,1,df381126df564f9ec662f53f082138ec52432dd8f9411b4929e28ab16e6e34ab,d82516946202d6af9c731e102401b1bccd015b8617477e30c339ef3df7800c8c,e5c015a55ff36920a191d964eab9cc650b7f73216c05ff1788eaa8716ee1df08,validation
/content/section_01_workspace/data/raw/spamassassin/easy_ham/00533.ebdd2ab43a73a867388b595061d66d59,0,54f777d15e496654665e3371dff4de077c4f2eeac57ff5c3ee44e62e0247503e,80c338ee7cb8173bd81aee8cac4620b0d0ced084088f97680a72b83ce867978f,3f45331dc657274f9e8d4e0f358c2e785b39b057fc674e0b3618160de4c2a3a7,validation
/content/section_01_workspace/data/raw/spamassassin/easy_ham/00798.789e730c08cdcd58675c1f273fe507ab,0,161a7c2a2c9b7bc70c2185029d7b6027f04ae0d8a70aac9a1b97b092f30ea39a,ecf1e26f68765bc699cf6849655c83b185b2998743acd23656340e516eeaaa8c,e3d2ecf8e5187e2cd5cce03645f7eb933beec9247c5b6eb823bf6b84afe31f24,validation
/content/section_01_workspace/data/raw/spamassassin/easy_ham/01724.9dd46d474cc33df16c9443ac6759e679,0,bcf762b582bf3fd2d38d0428befcc2e3babee8b58cd09cc80b988cf3d2310cd9,2c473c4e079c732a5546066eae998e94704ad9b9c76acdc7e6a459e0c70d684d,668cc72a1c18e6a46ce72dad21f2d406fd1ff9d644175a85224a60d18e505f9f,validation
/content/section_01_workspace/data/raw/spamassassin/easy_ham/01912.a26e261a1b2b9af7d0c2a4341f173786,0,0243efaca84636a8d3810547f9e5edd3f8ab1fdc6fbc7eaef87000eee2e0202f,8165aa83b21e65f9103ebba43127acb7d28c04dd2b85262b99993f7366d7c0c0,6c7b85ffec8ac0d01a0cb2d405ab8da67ef85c4b49ec772ce4a8e639b58639f9,validation
/content/section_01_workspace/data/raw/spamassassin/spam/00001.7848dde101aa985090474a91ec93fcf0,1,bb9b2ee480076ceb911bd493ab0d866217c104f4c2f31b3d172fccc1ebe88813,0da25b39df47f9f145de36cc22105191e6147f30c0c660271c81c76a07f9bb0a,94023f471e956f815a55b4b81c77fc7acd119d70a4909bb0654a72b05f790fb6,validation
/content/section_01_workspace/data/raw/spamassassin/easy_ham/01961.b47390d07cd4c2dba35176e9a948bac4,0,5785690ee79695a802d8f5c45b9f1500251da9ffa23dc2e30909fba49c5dad27,d975edcb1440f141278f5f7c7c78066309a03d7ec7cd2900352eac3bf52445c4,2fc019a03c8aaa2fc9a7758005d6a5840a713a9df574d87484d2d48df45ab4c3,validation
/content/section_01_workspace/data/raw/spamassassin/spam/00075.28a918cd03a0ef5aa2f1e0551a798108,1,c69499c749040caa535123663e588b938bc460ea24667563e75e117ae18c1a4f,1ba727edd95001be79d9586176a3af392bb7748454fd1a7e1470c28e1fcfcb45,fd499ce4ab2fe32f833f2dc5ad2143ce5c8149066b5d67ca4ebda17aec84f6c7,validation
/content/section_01_workspace/data/raw/spamassassin/easy_ham/01832.f1fd44d2d038f5c6f845b1baf01b0c2e,0,8859a360af7ae897cd0606d26b784bbe70629d23e00b8c697a1e03867713bf2c,d6918bd173ce532bd6e8cc56a4289a83852517bb6cb70c98246294e959a6bfb9,4403afff04c512554c4b67ba46a6b385cb2b5b54c8017360967e39d3069ff7f8,validation
/content/section_01_workspace/data/raw/spamassassin/easy_ham/01789.f0bfa328796c1dbfb2be2b30c54b1d8f,0,59380b8c3ec32467d2cbfdfc9513ea0f3f19b9f7351b9bed9d5821d5e5d601ad,f89fc26e31b4c004b86162fb06b393baabbc6e4bdceb5e2e6d5d482eae4f3875,7f79710790ee2ff3392114ca8d2a16676e12b85dc65fcd365c391c758e33f8f5,validation
/content/section_01_workspace/data/raw/spamassassin/spam/00452.ed43fc952c31c82aa29646edfbecb03f,1,8e38541f9f5c1b435f4df6fd2576dcac4a0e241117d68878dcf52463d679914e,7faac7f5b9734039fc41e7b294b0e0342e6d4f3b634986f0e1874ff412032e15,ed3add66ffd1185d445d34cfe8e38c7834706a101bb7121fceb050a66b95908d,validation
/content/section_01_workspace/data/raw/spamassassin/easy_ham/01659.1d4646886358156accce640171c77c1d,0,1f8adbba0e82b465ebc51e50964d8bde8219cfe154afa8f14a1cfe053491d7fe,963e2d14f4a3f74f59e936155cd46743b4e2f7e16dd485e03c69c3c8db72b87b,f4bd0d940dd17477eefd7319fe0db2d3477f693e8540912db2e1a5e1d8ffdd60,validation
/content/section_01_workspace/data/raw/spamassassin/easy_ham/00039.be5e34dcebd922928045634015e3ed78,0,cbe85543e22b5c6d3071c7ed89a51e08a2216120d90731acd04526c2d332606d,4792c5234bf3fa43593895eb875b0cf8b9f1d389a1723bb54a5b931d03464b32,810ea81a2a03756bf4193eec0011446df42added68a6b0d929e75558c5d1ea55,validation
/content/section_01_workspace/data/raw/spamassassin/easy_ham/01276.ae29d5365a747f3c249768ba47e73b52,0,a5d086550512548cc8b203a0b1088703a9bae5c35242a01cc03d65dd07aecc1f,45828fed2e685b23eb9ec00c87931f03e949b55f2fbd56a25a23edddbbabe08c,3196213510f25f839b57001c8f49d2beac90c972e4900c6a325912f83e48fe14,validation
/content/section_01_workspace/data/raw/spamassassin/easy_ham/01506.4bbed296f60b0c14d64999d64081fe40,0,fed357cb56558e3dba1dcfd96a455525bc662face3efefcc57fb3877ded04de6,4c8dfd74905ce504bcdd9ad6a23617e017a1f5db1e6a17695291a81050751c60,cf71ea46faf352da97b8995b1667238c324c0c471026ae8df07d2d38909d1050,validation
/content/section_01_workspace/data/raw/spamassassin/easy_ham/00409.6219d28fb4f2ca0173e3f76acbbec8ce,0,7bdfd34fed27c6082e2d400917d88077f4f95e355c2e3ead601e94c3591cbe48,0551b7cc7fdf85550fc685447d3fa473dff73e6f8ab7f813d653f8dbd0906d19,7b053c28effe2637bf17529943d4c1ec12280dd69c1abb317872bcf16e2a3a48,validation
/content/section_01_workspace/data/raw/spamassassin/easy_ham/00871.f3bb3f8e157f00992af581a509234858,0,b8ef0a92ac39e8f5057d71e62bc25e5c4f1f15f69ad03150afa52711fe3bd6fd,5bafe8f176006b9f015d8ef2a19aec9ccde7ffc15c3c10ec7454e9ce203fa739,c6ad99c3b635a5420a60496c2625c6a04d4b03c68b6114fcdac6072a7c7a0da2,validation
/content/section_01_workspace/data/raw/spamassassin/easy_ham/01447.98e4b20ceb192594e992f7db9f8dfc53,0,d5826b48788c180ddccbd62042ed377ab09d1722c7e78b18529a79334489e1d0,9525253410a852ea77af7955605d45592eb7e1ece66ceaac79ee943212c7cf56,562f7bcc60a3da177bb5787fe24aefc37a38d4bb580f840b86a7ad5eda06f4c4,validation
/content/section_01_workspace/data/raw/spamassassin/easy_ham/00922.699506b21f6625eaaa1482c7fa034e1d,0,a2b06a12444aba70da69d37a9afb85ca3654e922a4d75c7353ae576e197af7f9,eb84278525368d9218184011f8c7c6e76727516aa7ce5d54fb4264ec666eee0f,85a1d728924493fb4b56eeb45676b1eb51a119b8135650d4fbb259902bdfa1c8,validation
/content/section_01_workspace/data/raw/spamassassin/spam/00198.aad7df5b8be674a0ce09c8040ef53f1e,1,9d5b6ab815a6c1626c52591b407d60fd2ba899fb668e23c3f329b6c79781f8d5,e2e9f5c4c52183fce7e1166c98f955bf09c103280ea85115bb0f323fb2d7c8e7,6ca0de1b4d4023eb2b1fec3fefad7a729c9ed8f6ea1c4cc232e5c9106573fcdc,validation
/content/section_01_workspace/data/raw/spamassassin/easy_ham/00443.cbff6c2a1679fe0ffa99c07c61c123ae,0,f65e0621f2df20d9ec761814b76a8d51c91bcb8c0d52cc2b6f6e06ad48dbf266,9aada007586b7d2381946f207947d85226bd610601a2a8fdc4e60da3fdeb4049,14d7cb3d1f9b5c051fca964c2b01405feeb0fe96c3edf657146810564270e384,validation
/content/section_01_workspace/data/raw/spamassassin/easy_ham/00454.e4cd59db7f7856303052e3e882be313c,0,71c94b994eb9a5481f8c7bb125778e91df6bd132658c47a57b601373a3238a1f,a520de2d8fab3173fdf49f4b7b90c8a6aa70d251cd1a698db9f2e81c9637c70a,e9745fb4fda0683cee939d6b1edf7f68d1c2dde774b9a15bd4c3406269007441,validation
/content/section_01_workspace/data/raw/spamassassin/spam/00313.fab744bfd5a128fca39b69df9811c086,1,eb232c5c086fc1d2107d7fb299b5b8d73cc2d8389fec64d20d4d3f4a2a90500b,448e5a659a8b47e9afa315cd2ab19222f71a63ee4103ec9e0e0b2da6f920b147,5a3b7aef111f0ad461b87ba3c459aaf1a073add37a281c9d0381ba829da6e15f,validation
/content/section_01_workspace/data/raw/spamassassin/easy_ham/02467.b05b3925df99da2a9426f07833ce5a9d,0,9882c702c21dc171f2f17fbe44e8ebc8bc891f6da2b20d078e621511dd2db728,b330f697abba005ac92c5299ad7bcce126669bf631a671d491450613e1591367,4fcc8853dd099a99ebf5750df083c891f7c5bc6578c365a922501125aa0249ac,validation
/content/section_01_workspace/data/raw/spamassassin/easy_ham/02252.ebbd0ad5e87fe492f43719803a2f7360,0,7b14b54b0dc95e142141eb968c57027884ac9cf92381e9d3cba3ff37ae25ff9b,c8fdc9a73cdb032b7679d0c304a5bbed366db14564d962a963ea565b09e292ec,3e7c1a9f992ebd8080e0cf3cb883257e9da08a506afb7185b160534633ce0077,validation
/content/section_01_workspace/data/raw/spamassassin/spam/00447.bd5eb01e94f6d127465bf325513b2516,1,8e20017efd9adf4552dc0b6bfa78c4f3eda6c1760055a31237833d3e012f85e5,919791636dd1dba8a620e657d86df64d7a57a96203d2a058871f6548a9874063,26415ebcd32d6af57d3aa20f0daaf40c6c41e26005bc1429af5c9e486123c2eb,validation
/content/section_01_workspace/data/raw/spamassassin/easy_ham/00371.3d08a5b828fb31bdacd4d07cad065171,0,ec3305b61d4f992d7f9db7904f84ceb28fdd76b5f743f6520518969e88bacc8b,7a87d00b16895c95e93412fa9d9f8f911b45cfc72ddbab4af1999bf94830b343,199651498015ffb1b4c286df58dd4bd360133c9ecb3b17cb921a9311da1d0291,validation
/content/section_01_workspace/data/raw/spamassassin/easy_ham/01335.7ea8fb1b5cbb5f10d5e59ce2dffbe2d6,0,c575f66fd22911de285cd8c09a22df10b9b75f69eb564f06e08737f904f73018,e7704cf518abef29fc49ebaecfb34572d61e79872a9f6b3c2d40e16508d93b0b,398636a4399e8d4ac5b44797398b281a9433578155f41e1b4f4710d118299a3b,validation
/content/section_01_workspace/data/raw/spamassassin/easy_ham/01559.8648558d73a0837e970b7720184fdffe,0,1aad05091e47abbfe08dfe045d070ec7d2a72fa35ef56cdb23a4d36d2969b29c,079c78fd8cd98213eb5cbb1bf4f2d34080cf76247c82d3d3a223d07816415bb5,f7cf6f27195ec58cbe9fbefa88d53f1ea6b6e371aaddf7051d70aa951e23f1c5,validation
/content/section_01_workspace/data/raw/spamassassin/easy_ham/01467.3c3e579305d1975c1792ab734c99cdda,0,e3d4339ecfad06cf9477b771ad833246813a9afb6da254e4f780113bc391e7b4,829784352de0f4d5aa998ca03fee026c7e811d6398f9e717e31b683e7b8576d7,4c7058acda92f28eda9723abdb4c9060d302e8f277711f38b8eb72c960086d5b,validation
/content/section_01_workspace/data/raw/spamassassin/easy_ham/01319.683e3c750cb5757c27ee18cf6a2ff905,0,8920b997cc1addd36129c8edfb6d2a7caff97bc0a09ebc26e510676dab80ff8d,0687134ea75586a560d19715e79730842f2aad87cd80dc88a94b51751181ea0d,2fa13f22f630fe865e62ec65decf366fa74cd780b295e3f31d18cd60186b9385,validation
/content/section_01_workspace/data/raw/spamassassin/spam/00207.0b71ac81a360455c1514f5872564b1e1,1,dd29df0848ae7b9cd2823f4f2ea5176a0e398695d597d60ced5df46c53b84e0b,0b7d9e78f1a4bcdaccf1f6fbd6d886c2738dc93098d6764a11be86c05effb9d7,3fea359db1ccfe1b10405c3b1ea514c19da552208cb1a6a6d9e716092b086146,validation
/content/section_01_workspace/data/raw/spamassassin/easy_ham/00299.7e89319a2d14ca28a61ad12fcb49eff8,0,7fbd2845a99c3c602a3c068f9adfde8c0e5a01a7d750212d4b0e932dd9cc52c1,0cdcaedfc7a7f391538739d934f1382cf97859abab7a8a73b9ed4a0fe057a8f8,1230e601e971c7001590fc757451e1e81d96cfedd3be45511f6123298e4b1ba4,validation
/content/section_01_workspace/data/raw/spamassassin/easy_ham/00488.88642710e6c206d0de1d8a0093ed2700,0,c7550ceddca95b81518414dbac8f6510557ce21e642bd82cf58a45513fc6d104,62f995888c0710dbd4957a7978c0b6dd953059c8941366471897f89b9102d8ff,90fcec8d9f1cc291d27d77681b0c72dba8a6eb7ec57945ce1401729d3ddb8c5c,validation
/content/section_01_workspace/data/raw/spamassassin/easy_ham/01625.a7d55f4ad9a62d11bf4e0e5894963f70,0,b59043f2a5fee3b37e60abc76b3ebdf6f1054f17c7d54c0904b1d0f85cbc986d,06751e36a51071cf269c063928b88132f58ddfd1625c449de6ffc527f2f82de3,e97a688b413ebe0798d18a811ae4a77a4e5caacc5da161c84b109fae3039806f,validation
/content/section_01_workspace/data/raw/spamassassin/easy_ham/02355.72b763dd3d17e12d274177c333863200,0,3a87d5845696c7ec8d97889441da15157888c4b7d34b3f3d0e86b7d769244ebb,014ea1f2669f73221d9bb1fc79cdd3b6205eecd50e55bc87dfc3bd5d81d68a59,8599de64a6da84599f08b9a769bf359ad4b04ff72bb581f37ddaa2ea481a5c10,validation
/content/section_01_workspace/data/raw/spamassassin/easy_ham/00434.41010fa84308b599b5ca5b597185a576,0,6cc0e4f2f4b1e01a86b9822caaf46c43bcf0457baacdb089ed8035fb45f2bc52,3945a3e5de2986b038b77c39d1b518d0186b5df7f602b155708e3567e80cc132,813f9bc693d43eb6dfa5218cceed19446c953b155df8a41dae6c19f00efa7a07,validation
/content/section_01_workspace/data/raw/spamassassin/easy_ham/00587.8d78332c747a44bf017724d66bf71647,0,6b44da72ce85fbdd0a9eb9d15a468e64ac0f2ae01a2eacaa80e8dcf4a62535de,27c88b0e3f2f2deeb7be9320a4f3659e43f2372dbc23c572eb685cf49e86806e,5774a2c1c645fc539c428ad0814bcd5e79573cc51f7dda7af4b3870075edf870,validation
/content/section_01_workspace/data/raw/spamassassin/easy_ham/01425.c6c34c1234e8b04e01326868202110fd,0,bb42f9867edf949f6800cde06e5b270daf47450549967df6d894fd0dd2afc281,760fadb50dc90f09a994e2b08c87c27d3abb5f55fa576ea15533fc8488450067,80ca0f070ab17d87a800bb58b49f9645e22da8bc91c1384fc9d1236a14326577,validation
/content/section_01_workspace/data/raw/spamassassin/easy_ham/01406.73967a202d2dbbc9651d0828f3fea38f,0,f0ebcace67e14ae207683d20f012d2510b17608ed1bafa2268ca96ef1bfd5128,c286d1f4098f0b46c1d9ac626e3777ab9db672496011a49960525c0d46d2433f,b9488a97c2bd069397f7a278ddce29b25d6da8250164796e43acfc767d069347,validation
/content/section_01_workspace/data/raw/spamassassin/easy_ham/02012.8ae061c514b0ac3666a3c468bae38b8b,0,7cf354551378fcd02b8581eba9f19cad9ea50761efb0c51f5e2bedff6831cee4,664543c92225af7db4ecc92924921d65448cf50b6f075a5c2338a258e68eba42,507348862e652c60aaab55b41ebd2a5f2a2a09a0ca3c11778746adc87c04dd7f,validation
/content/section_01_workspace/data/raw/spamassassin/easy_ham/00116.22aef63fc606e0ad46b5593bc897469a,0,3958f866d4e3905b62bd3c75afb0435ceb81b6aaeb172d542ef3abdcfd7a7f93,fdb6cb791d9e5f48c05e5f619594e292bd24e2163c13ea91d33f17dc9744c3c6,8f5131938b99e67bb511e8e58e213de806bc557d063fdca13af8cbad5bdc03cf,validation
/content/section_01_workspace/data/raw/spamassassin/easy_ham/01518.cc9c410a551f14cd20f150b73d226353,0,5a1572d9f6b0325a732f2ccab7df414904b4e96273a560a6435b4527e434ae64,8c8f1a525d1999a71a08a8daaf1f502ba04496a413cf3704fe480586683a91c3,221cb0ea87f89346e639bb622c9b575c72dcab839879bf2b46465accabf72a4b,validation
/content/section_01_workspace/data/raw/spamassassin/easy_ham/01866.75c5029703de73d75e5ed23b657ea052,0,91773a8ee1f0d9f7ed42dd70ec817571b52174ca6a0c76d82266c94364aabf8a,0aa45c2b752d9e5909a110f5cabdd2c9ac73d0760c27736828c73486ae7a6119,b9c876cf84405da91509da4df3de6c7e8e0a15b510f131247675edae0dbbc1ae,validation
/content/section_01_workspace/data/raw/spamassassin/easy_ham/02477.07b2069e9827cfd6f97d07eea2913d57,0,47cf6a213474d51ba7c61bf42c6346a72749e7269f214f95ef3f7ee9443a50a0,f50c37b7e531db7eb9bdc48cbe753ce751152052da3a392fb7b213e7e44e39ab,132a7196117d9cde4084267ce3f00aab5f99018aabcdecbb46c23d4c4adcac23,validation
/content/section_01_workspace/data/raw/spamassassin/easy_ham/02180.634c51a827a89348307b598dda197cdf,0,a378e681a9dc9b03b7554a9d438da28f8a7641a9484f3536b510165ebef15261,9343fa19fcce62a3d89909fe7081d9992606aaf72a0c1174276e298a7d1c73ec,da723c159caee2a77e3043a93472f15c694d28006ca7c486e46620bcdbfd26db,validation
/content/section_01_workspace/data/raw/spamassassin/spam/00470.32f31d3d1598f840a6471fa25332336d,1,2744c744d403412280b85bfe2cbe37c589962093f36eab8a7e1da6c5c12059ab,a166cc85e62818a8ab24b94f3fdfc117c9ac51ffc133e453ab6f0d9ca8c42152,690de4d9b3907c11aaadf9ba1321bd6f88cfe76e8882c5c9d4f6f4dd12119765,validation
/content/section_01_workspace/data/raw/spamassassin/easy_ham/00086.2d36c5f829135d1fed8f88471163b240,0,ce719ce869b19bbe4feb71b02d908527359a703297e627d29be3c4cb3d51ea28,7c058965d3804f89f48307fe7542d854edab9a4cf9f5d0a3cd7e4facfe31fff6,8dc05497340979c4d99539bcf6ee39c3e77b0e1cfa41878538960ca87d453e45,validation
/content/section_01_workspace/data/raw/spamassassin/easy_ham/00559.caa975fbe7e1641a76de679bdf213adc,0,5f279b2cf2a7a299b98706f71f2db563ec1ca6c769accbfc15c1999779cad85f,2738eff73baa20bc6a0e484f927df27aae92bc4ded6a08c823d90361e70c9b47,db89b6cda37584f7c5be485cfda2a5b13a3824edf2baaad0e317aa68e0575ca3,validation
/content/section_01_workspace/data/raw/spamassassin/easy_ham/01105.7dff67aad7fedce9979018a890846b45,0,ef09d5c45dad46c904a618efee47ccbbdc924281fb10b8e48562bcae8926503e,5af08f2d6e480d7b2276c21ab5ca9f291800b998506db7c4196c4d2ce2cfcf61,c6c245d010a59769ee329f420db13390b13aed08b1c91052df58e66c42b6a9fb,validation
/content/section_01_workspace/data/raw/spamassassin/easy_ham/00658.b990e54a957ef200aa8d668dff83e83c,0,b93a290fb5fd358208bd270852b78d9821f7ce65993801d51c4279b13cc11233,678f9b31c5f6f10b0bf745adb49ebd8e7e5912d7df5b922fa688e123973cdcf8,ebbe0ef1de9f81b60a0c1cfe152bcec76bac7edee0b5f959fa718340282d2298,validation
/content/section_01_workspace/data/raw/spamassassin/easy_ham/01940.8cdfd0318485cb2a285f705c962b783e,0,17c01a4a828b6afd6cb763f452962e2edea118a9012379a30ab2a598c92cb0aa,0a6a78f4806fba8a50bb8c122fc2f14020159e8025331003dcf6f38d1e222cfc,439913b2508388b6fb7990c4e05e5afe1261ec2e01bbec28f062b069ac475d63,validation
/content/section_01_workspace/data/raw/spamassassin/easy_ham/00603.712b15c7b1e7bef7235068a3e4d9bd39,0,51f42ce624c55eeed5d70fc613d743707e4c8930c15c39765f958556f8c3272e,d317114859a69041d22ed30f0b43b8ee83335c672e5f5bfbdac9e086eb209ef2,501c844b6da4e540575fe45ecb35181d0fb4f948c64920158c61cee531f16e13,validation
/content/section_01_workspace/data/raw/spamassassin/spam/00218.917ed95f5c90c1d9d15d2528b0bd1e79,1,0ed19e04c69885ebec74b36b5000d230f87dd2676bbfdce88be57465b2d5d200,e45bd303c01b9f43d052e5f205308d7c6baa69ea04d26c86f2bfeefb03a8d234,412236a41f397ba36f310ac296c7fc169d60aa255726112cdcf0b75fc6af713b,validation
/content/section_01_workspace/data/raw/spamassassin/easy_ham/00708.d3270ed75122fa3989cec02ffb5b3066,0,ec99db5700c34381f3d4aa078c7755c47efa627c5db1bddaf1edc4cf755b63a4,b8f1b0761bc0d1041ca58b02cc8f9bf7d1aef14c40d7f9184c1549f8c33a3ee1,ad79706cfddf2b16cacc04140917f6fab15343bcabe8e795ec4a49dd586ba7df,validation
/content/section_01_workspace/data/raw/spamassassin/easy_ham/02205.ecb148571da605047c076185be6a53ea,0,78fb5ffe8f59d55cf422a14d3c1e6f6f57de8e442d6abbfc50c2e3a59038a927,ce7d772f8c8af0c1220f38dede4febc514f3c5457dd4a2d5b3296dddcff8625d,4bbe596971fc2502aff45dd55b42d7ee4bec094407ccde0dc3b26c27c2512bb7,validation
/content/section_01_workspace/data/raw/spamassassin/easy_ham/00583.7db5166f3ec5a8bcf81bf1b639b48361,0,535613e612c1532250c4620e195a41f51838f34923af3ea2d298a6a6fc2f3e85,54aeec4d3628701e50f285a3f577f85f415bbeafbf7ad69c05febcfad432c0e3,b3ead1bed854a8095509231b3cf551f8cc140b61862f0888ada9503511e98011,validation
/content/section_01_workspace/data/raw/spamassassin/easy_ham/01921.fcba8196561fbe679e04ee55aa5bccb8,0,5b81147715b930d4b1f899d10686a6661e639f211a67d86d28b8d55006552412,098a390e362c7dcd55d4c373968b3650989151d87f47b82a9d03a940fca25aa3,95429faf97595a72306fe878a7fc617eaecccec6eb5558618ee25e1e735c9d1a,validation
/content/section_01_workspace/data/raw/spamassassin/easy_ham/02341.024003ab6c0a1f22f449b8c991d2d69c,0,0a6ac988d1ec936c2f4fdee8618278fdf310afaafde01f79cbd35752179bdc01,c86c4e84612ecea3b81108c533f4eca2156182cc6ac523bab1b90ffbf61bf1fa,2844c1b450684027e47a1e24dcfccd222589904d547781c49898b16a9e595cd7,validation
/content/section_01_workspace/data/raw/spamassassin/easy_ham/01283.a6c7612823e8b946c41bb4c25a64b31e,0,a39c60629de297ae824f4a0b47fcd48314266102193ae48058cfbcbb3975231a,27f9f3c6979da2d40fe50707d583ffb336e41a8d6a6f022e4d434499609ae042,bf9645bd2590bbfade03552e90b8772ae147d0459839c7a5a4ec8bb2e3f7e3b1,validation
/content/section_01_workspace/data/raw/spamassassin/easy_ham/00138.b4fe49f8cd3b3bcc8d19741e705b0e01,0,2282670794ca6578c5c43fa7c24b6594412577cc9db40205794a1f682b1e4c78,5b4286f1a10ddde07d6168febeff12b99b8c1336e1bf90d459f3e3790ae429b3,d4b1a45542602169e120296c21fb36457dce41dc5145acd1ba7c4ee19253293b,validation
/content/section_01_workspace/data/raw/spamassassin/spam/00069.066b1a012235d062a5da73eead4a6b35,1,49b0a7de89983d474f32d5af6a055e9f5721ab386b94aea6869187e5d414eb08,171b762a4cf3c0732cd72400b9682e175699887ed7e08e7a9e1f8978f45b2de2,09bc2e0c99b1a19ee450b8d1f61907eb8ea6ecde207e6ed19b4e648bf56e174c,validation
/content/section_01_workspace/data/raw/spamassassin/easy_ham/02339.6a217c7473a881cc0d68a2c1617722e4,0,6f863e6e6f8c80a845e878ab24ae12efaed1886094f9a864159a797802f88720,90b475b115f1591c600e660526652d5f2c2c4bdb88683b807b533676e62fd044,05193ed5cadba8c22fd56423a36441de77b8d8697fe98cc20ece659baca61929,validation
/content/section_01_workspace/data/raw/spamassassin/spam/00252.7e355e0c5fd1de609684544262435579,1,5211487708e042514e7d7eb31f9252d1810d8844d95e253dec659cc4baf131e5,8c11226f89af3f3e784f489c8a8270d191a0409572cff43f195ce683f49e9fba,22de5f0708523f85eb65fb80968479035551f4d92b14c16210ad3a246399257b,validation
/content/section_01_workspace/data/raw/spamassassin/easy_ham/02327.32e1253fcbec3d879b9cf8acb9aee1aa,0,2126fdb4e95bdb4f271c64deaf89cc0c18a067efcd35af21f591c4eefd290418,169075131c805915ba4ca715c5d77f10ae82295756e346167c27de21e64f019e,0ddb8c94f679a0ad05b124b2bec11baadc1a8ff3b65064b17ecfd191021f1032,validation
/content/section_01_workspace/data/raw/spamassassin/easy_ham/01992.a1001b981c9a668d9ecac46c889a5516,0,e1f14747915ec348355262fefc85e12a118175e87cedf3e2c747089722249090,0d2e788ca63c4b55c8acb29d969fcef4cae6f551d776ddab20dde89848a3c789,1e75e84616fdb525ad6a4b40b0136a5b2e83a558a9e01e3d2a135de21540928a,validation
/content/section_01_workspace/data/raw/spamassassin/spam/00154.b6c448ccff434e2dbe2c7c200a36aa31,1,e39985a0c2e15a1953b4da6bd9501272af4609ae201f6858bcb126d448a1e5e8,36bc636d99b1aaaa258218ce697db4a7b1e1fec3d8a2546ef1fc14004cc7228a,0d7d70274450aad982e7faa8a4674ef7b31a32bdb524135add90c6d91ae7ab3f,validation
/content/section_01_workspace/data/raw/spamassassin/easy_ham/02010.19960a552d8fcac95ee22e40089b65d6,0,9b06160e6e12997928eb6770d9ea2918c1f6454af198fa2d2ed58783abf48245,4232f9af8608ac0898b263611aa1bdc4ff09e71181d0bd08e7630d9796e478d9,31f8ea29c010ba86c002b5c50b303403a41c17e6172bcd7b504c5a13410a0d25,validation
/content/section_01_workspace/data/raw/spamassassin/easy_ham/00811.caf6de89b99d2266288dfeff16359be3,0,20575e1286cdcfcec7f5cba6c073c419832b433516651988fc8f9285089678dc,9121ee9bf499788a7090727185db8fccd7995385c3c466ddbd096363493a0ec3,1bb93a6d1519921027f1909e143be5d112ef2234c7be75359b9a92845a317659,validation
/content/section_01_workspace/data/raw/spamassassin/spam/00385.51089b24dee5a89d38ee1b505b470c68,1,07bab164fdc8566c92565c96f402457c88f093c31e00ca0a9d261d951ab0af0b,63066bfa1b9da3ec6c361364281bbdd5ee51ab03f62698fe86500a36d9c6c323,e899c4219f5d619fb7ff7bb9ea571059f4f7aeda626764b90dfa69b553a172f7,validation
/content/section_01_workspace/data/raw/spamassassin/easy_ham/01946.c1c46e47ea231deff72265e4913d2989,0,76505b8ac13073e24e2453967dd1e99eae2c19da2dc8dd2eecbc17c069099a40,d93518315d8488d8c6816e7fbdb33afaf7e28bb9c564f402f831641f3b0b6aa2,12db26a9bc4e122274ee4c90cd4c90b65addc933848b0e7eb3196750a62fbd5c,validation
/content/section_01_workspace/data/raw/spamassassin/easy_ham/02159.3b7200492cf429f50cf6668efb36177f,0,683dd7cb663007297247b5d6979824fcc26f2c8e92bc3bb7120e9b63fb9d5744,929beacc3a264f7537d6ef3473e1e3945987021bfb31287104aefbe7afaca144,755fac0b87fc2b9ac8a047442a451cf2a63dc9da02a8f14cfad0b2495adc6b53,validation
/content/section_01_workspace/data/raw/spamassassin/easy_ham/00313.966f088102b6c7932c1a3655abd2a9be,0,b961361ba94758910cba6e34339f0cb118e55622dd81b33c653505403e626824,99b5dd490ee10e247d8b575e7ac39c0418c0179c05c946db006b76fe7877771b,3a033a4ea99da8677388e32c9a0c2e0e078e8dec668fbe7d911a028fd42a47e7,validation
/content/section_01_workspace/data/raw/spamassassin/easy_ham/00016.ef397cef16f8041242e3b6560e168053,0,b374620887ccf9e32c6e14284a3221835e9baae1f58b228101ee9a4ec5a44051,5aebef7a984138977352438aae69e55bc739197ff7e5f439a3c9104e88016193,53ecd76cdb63f93ee49c8bb283b7d9e4119d0389952f8b5d60a94a5790d0e397,validation
/content/section_01_workspace/data/raw/spamassassin/easy_ham/01113.444c4a1faf97d17bc580aea2905b773b,0,beb5718eb1daa56f447e8051493bcb0402cff655040bc1a366dfe79e3ddc2bdb,cef64054876f434a40bb7c1ad1b853a4a7362c67b9f730c0861902d9a3a8e4c3,da9c18497672f515592da570e65285c0240d35de13b93caf8178036ed8022e9d,validation
/content/section_01_workspace/data/raw/spamassassin/easy_ham/00891.e165e538480dcd42dc62b43b7622ecb3,0,b49c48445ef5b055cfe7aa26a5551d0405fd8929a927909ae0afc6e827da6d1c,94743fcff1c8e9e33d73c2c4bfa90d7d11a1420a3813a070f359fce3539f2cf1,e0a82dfa7c2418806d345c0c7cfd1c6bd8e7a4f5275a388556cc918299284448,validation
/content/section_01_workspace/data/raw/spamassassin/spam/00086.9c945bb90f76a8b76331599106c28429,1,1e6223e0ea3c8fb40975c9c01bc540d7bd8b1fe808c536bf10ce8ff512ea909a,69918d471cc32092532e5642fa4b243151d7c880817db1bcb81dc78feef6687f,4125314b27e05f37b854d48fc521e31a8cd7c9d2aed94b89621bfbfbc775b132,validation
/content/section_01_workspace/data/raw/spamassassin/easy_ham/01954.1e0de194b37c10621fd49e3364fac758,0,b5bec16774ade8c9a901e52c9493f78506cb77c9bb7f11ad78886551930b1339,c6b7b056f39ec7d0e023bd1f69aa7a49132e7228807975e1b643c08958d321f3,3a4ce8651defa5a16045ad5f242bbf883211f6a29bacc51d1f8100306e3f2715,validation
/content/section_01_workspace/data/raw/spamassassin/spam/00170.33a973aa9bb7d122bdfbd96d44332996,1,76dac3d8c0d9bf92456f555bbb4478a7053af26b23fe7d160322a1c677946ffe,24435efbac047a7870422260fbb57a8ada9400fb697cccd6fbbd531c377d65fe,12979fc25367794f277a6375980afb9b7883f220506b0c478f6dd29c267e876f,validation
/content/section_01_workspace/data/raw/spamassassin/easy_ham/00134.f7d26b0dc6c2f3de63b08d2810d54df6,0,8b67abf3a4d01c08b4eeebb425a0c4091832ae27692ed981bca9c42b97b421aa,925f9bc1053d588bfabf93d86a10db474555f6e582e5e7ad3904011545d1cd5c,9639d23439f7479189fdc450228d1b7f6027cf113aa80ae8755d612098a780e2,validation
/content/section_01_workspace/data/raw/spamassassin/easy_ham/01615.63a41aa663eeaf93728e7b1ab572ce91,0,94843c6213cbdc37455a83f7a3c025876191e2ba741fd31d43f92772fc6a9ce4,a4fd9877e02c209fc6c86ff2461e1df9edf9cbfe1a7edb797e05c72b8d429a79,2a1df6e5e5eb1f38cd73ee2c9a41b56724badf693654ef25ab5ffc62a6a420c3,validation
/content/section_01_workspace/data/raw/spamassassin/easy_ham/02015.3eb2d99abc124ddf8e557c21412b7c1a,0,be30890a4219980e73aabfe48d9fc06b3addaa56efd4d2b2e4aaa08b60c34706,037475be35f78778f0e48fab4502cc63584d2e08fceee06c7a61bddec7729116,2c816ac302b0a4110d279e3114b1d6bfbebf9759a214e4221eeef5e1ebf4d7ca,validation
/content/section_01_workspace/data/raw/spamassassin/easy_ham/00984.6f4ec805e2e78d5310e0a4ae931e67b3,0,78ae4ccc99247e10b4890d086419b542990acb003d411a3699853a3bcdf418d8,c29a0ad18fa22dc4545f1b41eea1ec760d573324121c9e73c62b64d00bda1d3d,082b9545cdfa5ab8a93c2a999bc6dc0b40230f5b7cf19a688bd898f66eb74963,validation
/content/section_01_workspace/data/raw/spamassassin/easy_ham/01671.572d5d58699f0b03e959bbdc6ee14e83,0,16b02e10ac4da84b0b4fe424e1a1baf73f2ddd2d0c14d61d9fe46421ddb1ef61,8edc7aac5591a565495c32489debfa594db70d0c5a6b57304c0350ebc1856b3a,93c17ffb480de2cdf03caed8acf0210777eb48819af02c64d7826c968fa1d6e7,validation
/content/section_01_workspace/data/raw/spamassassin/easy_ham/01614.005f290e71d13de44d3503c640dfe57c,0,1b310c02c55435762c9057bc18132e01b698d334aefdbfc79d8060655ee46b46,0749a9ac3deaef495b6ae7e66cdec3f1cf4232e9c8fe0c05643c8a490d4e2a2d,2630bb424b63435cd69a1edf428f0810f026ee677222694828d654ad864c6105,validation
/content/section_01_workspace/data/raw/spamassassin/easy_ham/01540.a88bbd554b661bc22b47ebbd2763e88d,0,24476e76fafb835ab1957b74e81ef521971c5b3018c8e4650cce5be7a77515ca,3ee63545b9b94295ae2bf21400cf046356233948d6d49117dfef3110d9ac3d39,9372f353e9627d055ea1982b1754a52178bac7644ef6863ea5a4bf5cd5ff52c9,validation
/content/section_01_workspace/data/raw/spamassassin/spam/00468.77534696791a755fb0fb8be8c2704ed8,1,670122157ef71065b7b060cf84e28fdec7883fe77bcddcfc751fb61b2538ea7f,9707c628a01be82f17df31b33973b470240f771bd08c980899da599c04f19bc6,ba3e52316916244b28ccbc8c7f0e3d60bc51628fa9e96e337f7a2ec2a9f8b9c3,validation
/content/section_01_workspace/data/raw/spamassassin/easy_ham/02263.6bdea10315e48c5f22133ac71e43488b,0,766d7822370ba282849e345c257e201086a0cdc8bba9d58479c748bf6311be32,81d41dbf4bda8aefb26dee4efc74d654750b88f382db96e736af14b56697f247,d187a74bae40dcae1c38f1200211f841bd74e077e7a84c73becd69409681226c,validation
/content/section_01_workspace/data/raw/spamassassin/easy_ham/02322.302cf0b8480d647482d266ecca5497b4,0,6de9d644f0c4fc50ab70df502c5efb036963ab823ea0682fe0898cb4d835f923,902f1ee88aa7a8469a7b878c5c658f6e52921c92c5131ae9865b5e4f7b311940,aee067c5b845e13b24ae853384df6560f31b1822120085644d146bcce51056b9,validation
/content/section_01_workspace/data/raw/spamassassin/easy_ham/01599.30e5cb62246ea4c06dbe1f8024ef9ffc,0,7376f658b4a5035dde8993b36e4ff44b2a02ed13db3c8e7c476c6693a73eea7b,46bc117458b1d538ba50d53e2663a41dd02ee2727e7163ab6d43a15e8f880c6e,487abe4ba91499842c4b9ddbc4f96df9a6e609192c4c5efe82b77562eea8b600,validation
/content/section_01_workspace/data/raw/spamassassin/easy_ham/01206.d6053e42110b3d3279a4e22613df13eb,0,d1ba935f7649bebfadd400ec8492d2cc5d0a935e65f9045c7f3f5ba8aa7a238a,f08129d7e1cbed822395704e450170fd74fb064bbcaafccef57113845fa6b363,943b8d3fdc824389daab7c2a6dff4ae8a7989444e50cdb26f5bc48402f118832,validation
/content/section_01_workspace/data/raw/spamassassin/easy_ham/01336.82adb611b4bea7ae97c57911d3152cee,0,84725deb6dce4635625721ddec294164fc7badf167650ce8d52d2b03c9db8d24,364d11ae5d4bc731a217d22b67d1cbca6ffc086602681a64d9d15a5d62a8afd0,b10885933aaeaa0658b5bc7476837bc4ae8763098edd7446bf722b4877890bba,validation
/content/section_01_workspace/data/raw/spamassassin/spam/00422.7d5baf3fe64de8647b41aeb820ada876,1,52c16dcd1605d5e8600fc47aa016dfcbbc21fca0816cfd95816e2b3c7dfeff56,83fd095b96077fea23d1cde5baf550c6ce91204def2f738f5b2a6da1a82cc11d,33ab4aa5302fe55451ae2528d45f211a194189163f61311350cff5de7988e3dc,validation
/content/section_01_workspace/data/raw/spamassassin/easy_ham/00916.1ea7a40e892220d43795fee49ab4849e,0,367d737523cedb0d18c7d13de7b4df3b21be1c5078c562c7078e792c37a289a6,91af771aac53e429370686877b7cb9295d052923ebd30fbe20663d9e4e9b57ff,7147a9d2fc9f4a00210502d1f3e2a04adfddc069d27ee4ce6951f72d4ea17005,validation
/content/section_01_workspace/data/raw/spamassassin/easy_ham/02497.60497db0a06c2132ec2374b2898084d3,0,d0e59290dd000388266ae4faf0803eda31b51d924802b22d018b89a483587b7a,233d05f58969b49922ae98d4f4c1f0e65b1329d62019db480abbde60854db5d8,a7be1ff3aa7c5d08f9c6d412adb3930151828ebc0218385bbbbe0c168e201096,validation
/content/section_01_workspace/data/raw/spamassassin/easy_ham/02498.09835f512f156da210efb99fcc523e21,0,716a958c28c94efd7a0e4113831f9719db2b4675b0d1f46d9638ebd4a530bd6f,c3a830dce83d3f44ec712b8a7e1534a0f6ab4e4f881142148f331adc02de1e63,021f4d90360eec80553f8f38a702e5baef9510a54467eca9f7435717644d061e,validation
/content/section_01_workspace/data/raw/spamassassin/spam/00059.dc5b9ea22c6848c97871f0d9576cc931,1,07d19eaeaafd8ca25cf5001c64a584c2cb40671cb1533ae5eac62c4c638ee356,edeb47c1f9a8b0b197abe2bd99055c6b565bc4d49c692eb2bdc12bc8eae9ff5d,f7b81d3bd8b9bd59b55c9298d84120e40ce91abe76459902b5e4ecd437a9d757,validation
/content/section_01_workspace/data/raw/spamassassin/easy_ham/01816.6b3df134031475f588f5f5533afd344e,0,cc20b6ea20c7e79e009f6f8c675a1d219e4f80f81cea80897dac423c9629e40c,e54f9a3597392ef7e7c517ec1208ad6b859b2af23b9b2a157e255621b24a9665,e576a829b324d0655145ce1c5dc376322ab0362b85fbe46ecae1970771f27798,validation
/content/section_01_workspace/data/raw/spamassassin/easy_ham/00363.64af27f0c753ccf6ec2e9c4e64c14b76,0,1f56fdc0e910097696c74ee0a1c58fbf309e8c47e8356636e3942fe155cca3f3,3bca91f5f3e9bad7057e91c43c0582a0f14f6fde09302b8c7dc843362b462450,aa5c82c4642c7de81d6b1b91b5195593a0f2ca05db0e51308e3f86dc0823d009,validation
/content/section_01_workspace/data/raw/spamassassin/easy_ham/01878.e825bd2722968151f439704c324ca9d9,0,087526cf9a8b7923f822c0377aa123b0f59a85873a08ff07482bbd819ded6271,c1d26f67dd3894c7a288886e2e76b714c213cb871bb27daf9ecf29e7ebba47e1,daf08413dce9069eecebaf37fcb8a62e69122b8d1c91c9e9047198e6b2db7647,validation
/content/section_01_workspace/data/raw/spamassassin/easy_ham/00833.cc61a5d9b6ac040ef4ce65d1ee5ec069,0,960235f84c00991e2f87626b97d15446a8736920763138a0692ee06ea5223ca9,946493c22f96419bc1e536cfd94971aac2166117b752ded89822368f35b9ebab,6ec0007a18b18d6df0dd65673add71961838640b2b4f873c0dc46b20fd2a03b4,validation
/content/section_01_workspace/data/raw/spamassassin/easy_ham/00991.ec5d16cf8c633a2f15b8f98a39c58a60,0,e91bff447268e547387380dd766d12912274422332bbd8d79d2e2de4f85f1461,4f0c14664a0e7e13a2eb8f6bbdf9d4655757f118250bfe67954a798597e7de18,c4b5590338547e1e8d77965ee3dcac8a0b23f64169cab2abf0fc9b582c40114b,validation
/content/section_01_workspace/data/raw/spamassassin/easy_ham/00289.759738dc8d12e85d6e26b866faa94337,0,d5301bdb21faa384a4bde2d483130c42500a7b346f1ef84f0d4f6c1122ace29b,d5d5d9fc7fa7568218f8c761a916b70ab7927b822addc7646b699f99c8e8f28e,69b8ff02d1b9d5098c26d04cdf05a1890ea53e7429be41257f7ede52c544c862,validation
/content/section_01_workspace/data/raw/spamassassin/easy_ham/02057.e12a3ac5c26689c7cbf57b12acf63314,0,038ff847dd85d5a86977f32f75d412e6979a1e981d31942e413ed273843379c8,466354d1d3f6d583d09d07f98d5ba7565de3bfd389b7164bb4fa90631eef4460,26ada76a37f62c7ac8fae559d7b94ed979c7cae4f67e9073df86b7e794015c6a,validation
/content/section_01_workspace/data/raw/spamassassin/easy_ham/00593.f71a708b88b51c4d428bb3bd741ece2d,0,19bda1875b228211682a5c3a50f89bc93874e2874ed2a799555713d445296998,94061c4c745841f747406670c61efa658b8cd5cef18e35d20e189f717d167f17,3fd672b35fdfa939ef2c0d3442379b4bf673af28eef400d07777a7343ef5f5b7,validation
/content/section_01_workspace/data/raw/spamassassin/easy_ham/01887.733f8aab4f2bb3d9b709acd44dc175f5,0,bfcdd4233b4f37671b2e5d39c4e4d4a9c2ef3b5a36c1b790e6fb01adb74b7902,d48ccfb26607af1fcfca27a9ab8881ac005afac57f88d5d1a4228d35663e6bfd,2d818916d6303b6dc06ad6d77bfab3c3dbe11ecd6ddeded3f8e7909f29b8c7a7,validation
/content/section_01_workspace/data/raw/spamassassin/easy_ham/01591.7504f83163aa1c627354192d452a43e3,0,1342c092cbbb7acafaee391433e3c3b978d7ec358ef53196b50c313cbad2686b,9e3dae7c8d8ea1c8136e71a0c786a6a967036b3ed0f4567832e3a178131e8e8e,f97d29b0cf98bccfd29f45bd2c0dbd5d81a4c8e90ba95822cc74706f029f9dab,validation
/content/section_01_workspace/data/raw/spamassassin/easy_ham/01092.de7b8468488cc45962d2f2d4882aeb66,0,6b5d6353e7712e432bff9c9800e8a7c0637e592c8ce43a128b80cce9b065fbba,6242f73ef41469a0a83dc26b6b9192bc5d2619cc853c8fdccc34541029a47e45,1a66d1c0d69bd246a40808d2d662579189c8d7bb9ccf028e37c49547fdc2cd45,validation
/content/section_01_workspace/data/raw/spamassassin/easy_ham/00358.df37619f4cc3d224acd6f8e57e67fd24,0,b8e8831f40d95c105ee1bd93c1ab8bfa479ade45ed2f105cc3ee0d4d7d13944d,9ce8998a1d27000717c56489c4b7881dc38ef996eaa14a71a432009300d64d98,66f7aa59da2736724024adfa17efcb89d7be0955b851598037fa39531e05f933,validation
/content/section_01_workspace/data/raw/spamassassin/easy_ham/00673.aa68749868d6679697146490282dc908,0,af12d1a68bd2ac95e7a056592b10f9e559bc82029e91be0c4d203b484a7731c7,1ec21b90e72440846cc310abbbee29fc7029ac0690f5401f147f70add3c72be8,f6c7d854cc6c2b5f81e060ff53975ad4b2a080dce97f1483986c98115682fa9b,validation
/content/section_01_workspace/data/raw/spamassassin/easy_ham/00054.f3e1dc8f3a7fdc5bec424db5e07e8ef8,0,fcaea18d67908f60ea401965552652502b5b631beeb0fb47f703d6f48ed832b5,1059149543424c9396829825da6d27858ce751f554e83e111a2f5a1cdd235b54,a0ce12f0ac11c1b1e5bd521866161d090581c7f76276486a6c13f74569056ffa,validation
/content/section_01_workspace/data/raw/spamassassin/easy_ham/00388.18e2a6069150c2c9139f760fda7668ac,0,6a27338a1d571987d0383ba4c4c883bc847ab7d7ba13612619627a5eef6c6a99,bf52e821a3090680c45474f1bc2cc86d97af0a7189b16256d966a2fa16ad64a7,ea27e476dc0303f3b61c6481ed9c285a3ad264317000951547e8e8e6083695d3,validation
/content/section_01_workspace/data/raw/spamassassin/spam/00441.77768298934252b2fa200e7d9482993b,1,0bf7c9f8e7a1597edd99fd8fe70c0b50f9d4c887382144c6d84eff4d921b6673,a3fff05e5a74fd85d50487e4d7ec9886ee72baeaa65431ec932c514148914bcd,01f83fe7ab3c1fac86a4fcb38d127e359c84d2a1d38d806a72fd7e9700218638,validation
/content/section_01_workspace/data/raw/spamassassin/spam/00109.eda1664dd3b3c31b67e5cd04553b6546,1,4715bf9d394aceae4116c8e6843c32321fea53dd8ca8e99b4917f92d42673d3f,ba3900d9443245174a45b12f6cbcee8b1e9d81fd92e0e1f10bb95d2cad11d111,e3940065fc77ad5fb762e8913eba9810d0dec213cfc180ebb7988d7b1490fe9c,validation
/content/section_01_workspace/data/raw/spamassassin/easy_ham/01093.a14e2f376790556ad2580f10f761f2cb,0,d0c6fdbb0eb51bff83560da2e1b194e819f603ff8086813721831912839129c7,971c08a2f9e81ac39cb11c6537da379fefecde6d6c9bfdbcd10638d2c6405b29,a0746548c97b94c544f3b884435690f824f2ff650ca64b45171838a5b3459fb5,validation
/content/section_01_workspace/data/raw/spamassassin/easy_ham/01635.7ee140ca2744c34a2ed33de3ceecb016,0,471446212dabd7dbfd73dd529bdfb29c57a9e57da21e3996839b3bca4eafa638,1682732901a4711c869dbad010a648217e193b1682eb0e63bde13dec1044e61a,f039704f2b169278e5f4233ed184103ff8c1dd5e55977305740aa66f0ca36099,validation
/content/section_01_workspace/data/raw/spamassassin/spam/00489.023c1d77de9365cad956a4c9118aee4b,1,05b87a1eeeefa93806d3b9d744fe787066ad9abfed6be95cb74f240b0eae5797,1d443940a44a3d6b6b541a05c6084545ae749c0bee9a1ef1216d7216543b52b0,ff1450794a30ba3523539edaca20b617fa39f4f63fa2068684cff4f148b0c7d5,validation
/content/section_01_workspace/data/raw/spamassassin/easy_ham/00284.74169e544362fc645322f98d1de72128,0,11c140cd95cb4da3269a143be8578ba9865abcbbecf1d56e23d6d6db205ecbf8,30778df4f28953975b72eb1b80cefe2b8d0dcc2ac821184ff690ccea37dd81a5,ea1b6639e6bc09bccf84aada58cf3440055bed51df51541f1014fcd71e72df9d,validation
/content/section_01_workspace/data/raw/spamassassin/easy_ham/00745.d2df6fc9d5de220dc9b34cf04addf9e2,0,4784ab164cf6a007ef866780a3e2a7cb2c0034f916d5758aff5b93d2d72f47d1,9ed9de941d894be40ea32cf3dd0cb70223531ed359e16fd9858024c3c84c1067,d45d59d732523efb9b61c41533ce11a63ecefa12c6e4051f217bf94ac8bb82a4,validation
/content/section_01_workspace/data/raw/spamassassin/easy_ham/00937.1442bfa30552275d60548860104339c3,0,88db88fbe404b8e13e71eef990c10ac40d82803dbb56938c9a179d8c70b62c4c,301f17ab42ffd35daecac60492a294187c9a9d9469aab04c82643aa3aaaf900a,3fd75ae131618619ca7cd4abd946eaff3311d07d27a47da03604505eaef9a3d8,validation
/content/section_01_workspace/data/raw/spamassassin/easy_ham/02435.0dcf87932640d0341c61495eefe7f88f,0,bf0d0b94e9606763d2a4af221326aace287448cbac3cef9bb6a8f35e577c353e,58e8d2cf1f5f94ceeb9f539f7c50d18065b76171fe4ee1e16dc46448590062df,5ce0c215f681d8e680747f686f152124592a2288e832d75dd44785676dc8c43a,validation
/content/section_01_workspace/data/raw/spamassassin/easy_ham/01441.28d32ca53515c4d059474dcf544cfa20,0,7ff07404f416ed33729f1b3f2e6bc2ebe2ac2a49ee4ac1f3b6ff1b3611e934d4,2df77956974ceba6b368ccd2ef7aba2d2d0e75b61bc2f6901c4b3c874b64789e,832342db2868b421952ba083029cca70e837208dd2bfe78e8e73832bb7a1dc8a,validation
/content/section_01_workspace/data/raw/spamassassin/easy_ham/01502.e49f253ddfc6fb63d759ad198890404f,0,d350ec7f88a014e6f11654675a8819664e201e198b24f2aef8c2ae788215f2bd,800be0f82e74fdef76cd621b3745c362eafa0c659f0c310837c0a94421ada308,f1cbee93826315af430a2b5a120ba98bd322450b2ddb75fd5fb9c74a2a7ac4ef,validation
/content/section_01_workspace/data/raw/spamassassin/easy_ham/00787.2ffb20c151e974ecf6dceb42547761d8,0,23fb0621b9d870b3baf352f6edd204b5a89fe510e157b65a2c275fa0c59896b5,dcb53afea8d7b6f30c9f08bf1a608d02fe33490c562102ceefc7f350111e079a,2975b3ebc2e202808fb6c483fdea89a56df2be3ea944618dbd3f326cb56eb5af,validation
/content/section_01_workspace/data/raw/spamassassin/easy_ham/02474.c76ffef81a2529389e6c3bbb172184d7,0,b763b79a8202099075793b0cd1bbbf343dd40abfc931e5b49cbf538f44e62319,fc538e7237aef36c098f88c098350a2f9b86ae04d80c6096b004bcae5756fd67,80e1b38a0e03a5745df8ad31c9e5eee94bb038591c33b4e85a73b892e3365201,validation
/content/section_01_workspace/data/raw/spamassassin/easy_ham/01040.07f0f1f73a3c4408b488be99114a32c0,0,b7acb8144a95eb4fe5289394defe976129495a717da5bd11f29eedaf7635e574,da97438eb3cac71e67e0eb7982be6f0eb12ea7086e89baeb9d38ff1f41ce9756,382c19a8461da6ca83d1377580ff5072794a256aa1f90264d5fb7ece1f8455bc,validation
/content/section_01_workspace/data/raw/spamassassin/spam/00220.cf7d03e161582887dc589229e2896e26,1,71674d972dbd6bd415dabe14e86ce4a684394b8ab9078e3909003c22c9a03855,796b84f705788e4be7a3b3977e5642f503afa36603936e6bf0fd312493fab4bc,7c32e62bf870424372a4352670caa84ade5492f1e0abd34870247ff3aac6c9e6,validation
/content/section_01_workspace/data/raw/spamassassin/spam/00032.7b07a09236ce9feb12d80197144d3206,1,823f83cb0071a066cfd6dadf89e898a0ac03fe9cfaa18940ebc2db90513ea605,a9e56d49afc4ef535ce55a40f44ba81d4752302d7dcdd460ff0afaefd47b4b17,4e30af48c0b6942cd9bb1171a0f6c1224d76de53ddc50ffaf4492e375e266a5b,validation
/content/section_01_workspace/data/raw/spamassassin/spam/00022.8203cdf03888f656dc0381701148f73d,1,854f6c13a3d87adab44d38c458754ba8c0c8b8b16e802254ac7032d60a3e7cea,6608dd5ecc7785aec5f13ae21424649633a688bfc74cd402e4b49cf13a7c4284,3aca4edf5ab19c267eb32cade88bfecbf43e7deec10eae96ef5575f12f2dc74e,validation
/content/section_01_workspace/data/raw/spamassassin/easy_ham/00466.cfc9f0d8a4e28c000bc8962d4d3924d9,0,a054515a56b780aaba2adff70a573b50e901d8b8f91f793dec1b403e33faaa2e,e0d0929320ca616e74500e956beb291aa729d34b3f7bf8016fabf8edd348957f,3747fd24b8b1d9b98cf75408847ccb7cd53a6e4cfe9a925bf4a2060ae92672da,validation
/content/section_01_workspace/data/raw/spamassassin/easy_ham/01862.0f817e5ccbe32d7e7ed0886f2393b887,0,117a40df2173e7f327eb3e4248b8f7d6fae7a74bb3171af74bbce1f62da1bb94,0e81a3b1dfb825fed38b8cff684deed90df15565c074c7d062ac939dba20a618,cce7da5d2c227d91eda2e5a360b959f84721b3d5d5630a9beda1622571657e85,validation
/content/section_01_workspace/data/raw/spamassassin/easy_ham/01488.e5500a90fb3169185bfcf41ef381bd7d,0,7a07acecce50b36dba51adafb48d584e654a9dab257a5e3e3f7903e2f7dc9eeb,969c95237515e79a6ab8651c5626397181309ae1bae97a52d056501d33fbc4d6,9434518a73a2262da93b05cf71e7bc2ff2298001971cbb92d491e49a8f65c170,validation
/content/section_01_workspace/data/raw/spamassassin/easy_ham/01563.15052ebc391295c9d722e9b7f9e01f6e,0,eeafbbf44fbedcbbed79c387bfbe868343adbbcd3168fb7938017dae4a34aad6,1a86634e3269956468d04fbb6c9d45ecd7e00f1f0219f035b9b787c9f82e62b6,ed60c2a1c0346eec43dfe650dc11123c1fbeb2b080b4413dc737bccccb30af5b,validation
/content/section_01_workspace/data/raw/spamassassin/easy_ham/02166.13587bcaeaf8c5c3c8b234e4ab90bc40,0,f757ad1e007aed639a14ef7e76df0fba05b24f84d20e13f88029f5b67c0e8639,4a623321c708665a8cf46d2dcb46f3f19e1073b3782b740329b919f05bba6b6a,5d097a649f7781977643c382a4f4440392513b7a631a82b9c08a2d8ecaf39a95,validation
/content/section_01_workspace/data/raw/spamassassin/easy_ham/00942.727cb1619115cdee240fa418da19dd1f,0,eac71ca7460af44373c3e4811557010284e59d2763857d9551f288d1bd8e24ae,6fdf38685b5dfd503f7f539be8ab51236b34553debe6cd0e0e3bde8f4d81419c,92c1e477c38594ce3a0be7e7db25a37e7c85a4982e75e47ef2192d5c88f9ef4d,validation
/content/section_01_workspace/data/raw/spamassassin/easy_ham/02145.61ad4950ae2ed9433d6b7d54b6f1aea7,0,196c18b0a020f8ff25c4bbb005acea7ba8393af20ed0d557d64f774bba8e89f8,e1c407cc52c3dc61d66883b6c8022fc1c8372ff7f2d96ab6438cae0ba252338c,7f56a8e7095336f19f7a3602422d8b430be0a543fa9be251078d808448a08c1c,validation
/content/section_01_workspace/data/raw/spamassassin/easy_ham/02004.58880d4612fa6d656058f7d919a8a931,0,2b8bc730829533e9636fb0778e1b96a31741c7654d31151bb1b8c2bf3918138a,421e6c9fe8e5dbfd45a446be24083c61043ed93d3507345a898586d932ff9779,3e8f648910b37d2134738a568ae93673511556f34399174a7927440a0305b410,validation
/content/section_01_workspace/data/raw/spamassassin/easy_ham/00887.07d5efdf4a700dc6d1a7926e0008e57f,0,ce31d13ae5cd5cd2a618c5656b314c716bb6c8a7b01d3f7b0bd848d81ac134e8,e594dc18716cbfaee65a1ace5c51135209b6769818410523acd96a6589f4057a,42e7f79199490fefbb1331ce935b2a3128f3b424ceed37d562cf03f500c5355b,validation
/content/section_01_workspace/data/raw/spamassassin/easy_ham/00998.84daa7907ccbbee4f20c4da1288cb196,0,547ba87d243ecc20dbdc91c10363f098642c8eb421d1f0f8822eaf073afee679,cc390e105a823c2e06a7c929ae420d61c7ab3234b86af08807502beb2b45cb34,53679b8d9527a85e0e600fb6e18f5b789449f8078a38dd75864957911d8a390f,validation
/content/section_01_workspace/data/raw/spamassassin/easy_ham/02209.af015c8af7d05a011604be64d0417ed7,0,74b218a9063f0fca90c4f2e29127aa8ecd836e62051d042ca7f5a17d5717b6ea,566d3f8c16e3c2a86b3437f9611e6542191fe4111e1819058f3940ea73e16b41,3bee857b7b072160472346d8b9d8c8c04dfc4ce66452710134a88f01625602e3,validation
/content/section_01_workspace/data/raw/spamassassin/easy_ham/01129.f7613b6d091c77280226d622f866dd9c,0,3cf7805b27959fbf65464358d50fd68d43adc2f374b4566275f98920a0d8dd33,8d53a1fe7c58e4735e8bd7573e8390c188146e088da8c2299efd47d58b6ad8a0,9686ee0d405add761d9979c296abe748a3604445a6f21fefc052e6dd2e8f9603,validation
/content/section_01_workspace/data/raw/spamassassin/easy_ham/00585.a55a40c5fca535871d78848d27efd540,0,706944c995446783487b21b0754c67aaf449d6126950d77814885a79def8fd44,02929942135fed20e7480ea8c6eef6ebfb4a4663293048b4434a8070fba72515,ec123f96fadc551b3a5d8eab7b80857d1251f0c2f36a3b8d7b8f4a1260a2fcdf,validation
/content/section_01_workspace/data/raw/spamassassin/spam/00151.34bbdbf089edc6f58080753a166a3cfc,1,1c6bda7e479fd5f211f018003bcc7abd486715374785047ba07a4bce0cfdca86,3e11371773a591c83fa7ea523abc3f260f231ba7769d7b089a86af96a301238c,185d66685bdc707a647e599a5b540eb52dc510dada9b1984bec7546ff96b0d83,validation
/content/section_01_workspace/data/raw/spamassassin/easy_ham/01618.c12a22faa8de12e5dacd4d988a0b50a7,0,30392d13ed540e2802fb5eb241c5cd51da9b164a4dc79b5e8a8a47b37f023a2d,275a0d97f2ab5548cc75516598b7913183b0c0c67b9c294031c6646583a53f69,388eafd24d1213262e5d286d031f64f9a2103da400509c2e43ebee6749118f2d,validation
/content/section_01_workspace/data/raw/spamassassin/easy_ham/01601.e5488e0e0b9bde9c22e601b1450b63b1,0,2d70aab979068422e167f78e546a6da1201caad6e68c63491d3b0ae399c50b8d,f2f9965557f2c814c456192156308735630b539495a7df1b7e979c256a7e7174,8d8c02e04266e28106b30e7dc8bd8177510cc71132118277d339fe1c22bf63a4,validation
/content/section_01_workspace/data/raw/spamassassin/easy_ham/01928.d1ee764b9abe31d0074a052066b62e81,0,772431853cef4a8be2d91bdb9b99736c89db75e5de05f401ac20e83202344294,f18bd84949950473ed3fdd6fc3fd4b6ddeff4d7a21eccd9a84dc249c1380f0a8,59ded0b858c7d340062acfbe22174a93f7adecd2ee4adcdd13960e3a023109dd,validation
/content/section_01_workspace/data/raw/spamassassin/spam/00135.00e388e3b23df6278a8845047ca25160,1,917e7d7e34ae15753db9226c3f901af4800374d4fe5e485cb1f8fdd97edd1b4b,57d44a5a1723686df8fb475a859e48b6aa011f5f6420590ca4a59a935e4d7e5e,73370397a751cc960ec9b206771c46d6e7701d00f5def949de78792576e0a7df,validation
/content/section_01_workspace/data/raw/spamassassin/easy_ham/02362.00b2a07a8d70813c728bd210ee511a0f,0,ff8558ea8d4b134e400a310508565f4732aa4cf6241526b7c10cc375eb94bbd6,834a15a9b06667c6849314e59f1e0c283dcde422d3b9a479f2031416fd57df3f,c9e9e89b26df5ffb8d73fb0d7f271dc90b886849ffc86e677b8d65e5b55441b5,test
/content/section_01_workspace/data/raw/spamassassin/easy_ham/00604.2241c022167d341022d1f345689801d7,0,9a1928dc495f23bf62b21cb73a725c5831a5207ff6f31754d26e2ffe9ebc71b3,a2f6ac1ccacb187d70cd03d1a9481c006480c2aa3209a01d2f949812c6b1bde2,539222a9dff026a66f0c1990dd1b1f981c13953c341368016a796ab6d686f563,test
/content/section_01_workspace/data/raw/spamassassin/easy_ham/00777.5abc0824f35b966cf589b15c4f10f2d2,0,2ff6f161c5763f4f4100dfa24c49cdb640d548b559e778097e4d68e915ded77e,b20016a3ad0ec25847eb805482605953007e85e2ba59df829149f62695a87f2b,ba5a7a702229b1defdde239e96fee2afb81c4e0f9be05ce06be7f0b826a90f76,test
/content/section_01_workspace/data/raw/spamassassin/easy_ham/00567.aa0b1a5ccd63ce58ca09389b7dd7a5aa,0,3a144a021c12eb68d77c450eb063e33eae535ad3ea47fff4ad6f52ea8a88b1c3,add52ffe15b2aaa41dc49e7183326daf5a2b2363ee52d2ce7da5388b133ce7ac,981e0d988f5f0c743947e04a67a5778330780f2ebb91d5983292859bfef7c9e8,test
/content/section_01_workspace/data/raw/spamassassin/easy_ham/01100.3f3a79ad6a2cdd501aa86421fb5157a5,0,a59f7d760ece4e82e5d578b1991a718bb0ec29a9ec591d61404b33da9e9abb07,c2e210650e97b4ea63762fc40a0ce532001d280070ef5de229131453ae033d1f,b777755a33914f21528a39fb96d50b2bea013f749fb627ab6a8d822654e11eb1,test
/content/section_01_workspace/data/raw/spamassassin/easy_ham/01448.335343826f0aef0c176f3aebe3c1806a,0,6bb99814a9164338c4f9a8487d2be86e919db2b2e63eaf31899e91db9d284df1,9612d234d6b520abc93173f306bb8808e4fbb8d40377bad42da929f617ac651e,fcb2a729fae95bc132a24b47098e5bd9776dd729834602b37bca86ddc68fc7ef,test
/content/section_01_workspace/data/raw/spamassassin/easy_ham/01527.81281cede1b20e6bbfd9f53ee846f815,0,04fd6ed31f5909de7a34ab71c5c50ccab265d782671eaa7cac9f68faa30ba314,5475df47c4f19255377c49efff16dfb1fef8b073ecb3ac592672e0ba892b4849,a21bb991a46b00ca64361642b8313502238730504933935ecc5811c77dca966e,test
/content/section_01_workspace/data/raw/spamassassin/easy_ham/00492.3ffb38f175e41790b1f05096dbe339d8,0,daa559a5f1d148aad950f7d7c51c741cd2151f2a72a39ae5ccdba9a2da5ecd42,a4470e03a7023f9f6656a6d234df6b30d480e3deee21f3a2bb3a13b675e158fc,eb72b2fae1535f911552ff054452e2a5cc70337689b9adb2d2b9c870d7ef72f2,test
/content/section_01_workspace/data/raw/spamassassin/easy_ham/02045.3c41ab8c1fc88e04173c456288628c63,0,367a5ed191f69de43537556d2150a378b429b9bef671fa90920f7cd4fa31dd08,69c46fbb1ef2490a4bf4691ebf25ffff79de12098923d0da006186d0b798539d,d1f41209db4001e540b434574500e624a885e769e052ed0c17cdd0e7ad49ec7b,test
/content/section_01_workspace/data/raw/spamassassin/easy_ham/01930.4a3619ad3669bda50855cd8e3ab85cb5,0,b4d4495ecbe2f5bd456f120afca0da35d367d64d892c6df89b96becd01c344d3,3c7c1e19bcb1fc8c12f94a6a4babc4b882bd37557fc39a04f24d9096322b3780,5f989f64938b9fc886872f02207d56254e22ec89369698d3d732b801b3677691,test
/content/section_01_workspace/data/raw/spamassassin/spam/00266.3cf1dcf8df07100b1530493e11f80a25,1,13fdef0c20a6224dfdf2f390bf524366b625837425a93b92c94eb4d0e4017d9d,0f56251bd9d73274788dacf36d2a96cc6d7ebf00db246636dfa4dd7e3b0207d7,f2f387eeea9f677c2ed6325b81674ab009408fb62c4f47a54a2f0ea7b99bd342,test
/content/section_01_workspace/data/raw/spamassassin/easy_ham/01368.777aeabc5c7bd8e90b3c1cd33438b394,0,82cee6631dea8a59a92335952c853260c78ff81e3ef337f506c2848dd779e127,d92a97c60ab4b757a5c6b9baa89268b5e4352cdd5a5d7b73442a80903cae1f88,36e19b9b8dce35d499e29c499bcb464520d67035933633e5afb9868172e66693,test
/content/section_01_workspace/data/raw/spamassassin/easy_ham/01698.906dd11cca6bee22c6843afb597c87a3,0,7ad815ffcec1a06f06531c07420acc8b3e5d4b8e030db492be1c6bda19077742,c1d8be9f458b7e17b83418b9c09fdf5c6da47bb0ef73940ee9bb3083ae993018,f8ec24f90e6a0c3d93014e448f79cc5c876b39a7ec918ce2cbcce89051254107,test
/content/section_01_workspace/data/raw/spamassassin/easy_ham/01001.ea532debe8b8f0f94d2fdbbaa743204b,0,0e8841c7284c00d1d0ac01cb2f832799927915ebcb163b7a0b9fd388564846a1,593554d9f08a5ff9f3a905218fb184d7cc47e34c993e7e9d1018224523127106,807413d1d6154fe34701acfeb96636d754d4d57ea4c6bd7c2ecf4d6d47d31a7d,test
/content/section_01_workspace/data/raw/spamassassin/easy_ham/02295.d6c2920e31d10893221d58aa148719c1,0,cfae7b4c177400e9c7f0830983502c99276343a82ed01a3db293f91265ffeaed,5b585f4f140403cf60e092e439df5b2e5aef482f48e9cb6c9e0ea42f8f33dd48,0821504f21cfbfdefc7a7394390c0c70629d8f19104cded4c95159eeff58b51b,test
/content/section_01_workspace/data/raw/spamassassin/easy_ham/02284.3bab45e6a7f377869d7856d8c1692b59,0,c8a0f694f348a93492317be6f8492459ce8c0a1826ba86521622eff12575b8e3,be2b534171e30e252b02d3a32bdd821b414de0723e82339960d8fdb3cfa2113e,0d00e5f3df9cdd685e4f9a5392a3b637ee619bc3f96c327c5cb1f2f06a1530b0,test
/content/section_01_workspace/data/raw/spamassassin/easy_ham/01720.edac63c7227d89192cc41c922d689d22,0,15b2afd49671316e74281ab1a10fd9008ab7614458a6fe0ceca5b1bfefcb1bc6,ea2ef87f1a2404e37693cf16635114ff25d125dcc6e77ee1effb4f47fbb628d8,abad725295a2ddfb8d510eea272d5cc10bab1ad28696a4b59d7627620086bf6f,test
/content/section_01_workspace/data/raw/spamassassin/spam/00454.1bb460b3ade9801644e4eb60e18d1f8d,1,d6e681221fbe62d673331f4ec0b414975e07572e9169a61061404a70327614db,6d9f29b3be822574e309b1c6385e636fe768845a8221ee01e024f2a02e716a4a,ce3a956a7ffae2eda26189f3201d137497c25122407b68c7667cd41df7608899,test
/content/section_01_workspace/data/raw/spamassassin/easy_ham/01762.9c9c7d47366cfecf47ceff0f68554ec9,0,6f015c36639c18ef3cbe0f23ec3ba77f71e60fb5bb61cd6b8afcb6b5fa90853a,c88130d7e30ef14dae87d89f890ffc2cfb846ce47240727981e816881889e325,cf6903a3d3784a1fb162e7efd5e784fe5697611afc6d09e1a7b9db248d0a3967,test
/content/section_01_workspace/data/raw/spamassassin/easy_ham/01902.7911c2c7f6b6f3ca8ecf8fc35df8aa28,0,5ec6dba8b8ff4895bbe111ca0a6a483bd30aaa62c5a8cd92033da7a904ce85dc,993a91242edcb16b5d616bc4b18e65e8a76af3e54a2b993adf35abf19b546083,dd979e99bcbbd0476af0db6e34e236df2ff295d208b77431160a9e842d6c991c,test
/content/section_01_workspace/data/raw/spamassassin/spam/00176.79f82496c612ea28f45f13ca5c47f8c2,1,698f308f05569052ecb5e953f9b9eeb95ff6e2441cce7c4d7ff3508cc5037996,e34ac2568b1166b85cf057d1d563aee49ba2d29854d91b1a3b80872084e7fb70,8a20be9e0da1b9f840161898354b6583cb5d0059053e69745cb4a5f010248406,test
/content/section_01_workspace/data/raw/spamassassin/easy_ham/00667.dfa0ab3eb4214034892b8cda76d9d750,0,0aba47e9e299c563138576944958e3932e56bb34be0c33893637ccb4fe195871,da43fbd8a233e9b10205aedc265000cf347a971057a3145ae4bda11d34225414,7dff2a816a816c4b1e0f322b20a778183b75db7b985494300fdb908da15f9621,test
/content/section_01_workspace/data/raw/spamassassin/easy_ham/01487.7bfc394e400ea1925c895925dfeb6b6a,0,4c1fd5a4839414678fd7313c10da76d300703eb8ec60b15d9024bca99407560b,7ad88377ee7449b66d2d7c43c9565baf2350b25bdc2c70621d78dd9e14481268,19430b4df718e8691e7fb626d709544c1d2817031b6964f57e9bb9a65a432cef,test
/content/section_01_workspace/data/raw/spamassassin/easy_ham/02058.75b61c2e1ca8c0db4f01c3ce78bf9334,0,6e272d6b45fe1827576c9c18383134ce1d691cd77eed4712eb1545dbc94fe662,2af7e5f73c2545662d2b974929193c5a6a09940b3655c43b8dd167950d3e52c3,300260bd987882ce3ffdec4d4ef4aa82e82de8160add69f6d643dcaf00e16a54,test
/content/section_01_workspace/data/raw/spamassassin/easy_ham/02005.6dcbdb5a9ca527afb89bb80e65f94fc1,0,236be98758a0fe6a2e9aee8dee6d97ef0ba7bcda1dd080809793d0585f2eebc3,244be9c925092ea433e5b6204b7b8956c2346c9cb5bbaba8e7c2c7484eec7c72,95c6c8d68963dceea3373f92b6652a3c51263a4b25fbfb66cbaf20dd5aed0d8e,test
/content/section_01_workspace/data/raw/spamassassin/easy_ham/01525.fb1d9c8b16b705c53e4cbaf0c1658767,0,bb0976f0d6e7a033a62a1bba0c75370a5d530b97d1c4ecec9199f8920dc87d17,48a5350290dd2ac1aa1333347ffd702cccb820e79f73684ffb06cf53ed89eba5,cf44b6b08df9bc762ab38095015541c07c0b3c91095040e3e9ad4477b5296e5b,test
/content/section_01_workspace/data/raw/spamassassin/easy_ham/01152.94d97f41bdf572892508e21b3906aa3b,0,63c7b53550820500934b08415db02f0301b05ceb13524cc86aa98ef8fd1922fe,a64043844b15c04f5f13ac9be2fbfdce0631217db784c8637b18ec1ef396f6de,4b66c60c667f87ddf48c60754f1d89492a40c3826d15bd7cf6c29d4998008fd0,test
/content/section_01_workspace/data/raw/spamassassin/easy_ham/02161.4b942bb106ecf89f8cec2699e8a9a7be,0,24812156af49325869995367524ae25a0219f9e4b6c38018b223b763920c2bf7,23837040d51d15e8a879e348919f5e97144019139db26d6a4d2e35f19e18dc60,a35f33e6bfe5c1a442d294607b2501e58f8992dd61011ad105434d1df3908f10,test
/content/section_01_workspace/data/raw/spamassassin/easy_ham/01666.531649d2c834408569b5aba7d5b2b9fb,0,297db24ff3c831841883cb874a3004f7e48a26780bb6dfb2c21df02a6381dc96,5fa2332a3ef4e019192d8da5f838b6b5b6d4e449866ec437e3e6fa9a1069e1cf,58f269c5280a71a079f845e00ed56ee9762e5d1440783b2d991c9d5efb589d8b,test
/content/section_01_workspace/data/raw/spamassassin/easy_ham/01684.94ca5ccaec9be05c252bf32961a86a3d,0,67044f13a63001fb5240944cd24747f1dee2d7be2bcae38feb9245c61a79565f,f7eeb619acdab5a619961cb931c42fc0614512f8e0ad7e2560e100c139216a3b,7df6b1f170d9ce498f20c10c0b1b70f89cd736ca924f2bc65dd4ed6707632608,test
/content/section_01_workspace/data/raw/spamassassin/easy_ham/02365.e74194f171d02137cba0548d118aed05,0,4280cd6345d3a34556c432b8ce57a242df693a0fb5a2c83d5d8d400dd131e2dd,3d88df83992da5523342db4f5ddf591e8b86f38f8f86755933bee607bdb5cf4f,91539576bf1b337f99753d7a6acd613f4497ce8835957010360e6a57d01121a0,test
/content/section_01_workspace/data/raw/spamassassin/easy_ham/02417.0a5253a87a7a62db85836c45d2446c18,0,9d5d450466823e6e07bb0190e00ebef3f03a1abfa949263c3d76fe58a77e363b,4099fa7c18c181c2282fc4ea64741ec4786d8bd8b2868f5d635ac31b28518eb5,f3ea1c9935be960731bee4b8cb79d57b91019ce3d164b5e010b5ff74c18acad6,test
/content/section_01_workspace/data/raw/spamassassin/spam/00128.721b6b20d5834d490662e2ae8c5c0684,1,99f9998cd0f8d744057ac298df00e653de0d21e98508ec2a41e93fba77216e7c,f0e803562fa152f8b7f0b810a1dc9d3fdf3912439e557cf03d4bfb64f56f6a04,096208a5c841b5a22012691c7bc94c739e9e4c00fcab065cc1ed56f45d264a0f,test
/content/section_01_workspace/data/raw/spamassassin/easy_ham/01906.9445c6890c7a515634bfd7f52116cb45,0,241a1763a5453d4e36b1e7f7b5d6229acc66b685b8cf03630d4ef63f7a672aa7,7f8aae374a17a830e73f3135c80db304cb8e938394c781f7c67c3b6d9e835d0d,50336e4c91179cd13012b7d9dc9d6c8eb5f57c354a5889460037fb66fe4b0fee,test
/content/section_01_workspace/data/raw/spamassassin/easy_ham/00516.139a390f9320423395da77f14f7118db,0,edb8c3e7a4fa1b9858577221dc843fb0f34b1731b9bf0654372bec2bf0812933,98c1f391a470fad7c4541243ba62699c8c901e864d17dbc3cd3d7aaf1f5eab2a,3cae1b2dbfb8a8f8120f55c28e6938dd4be85e95b35e559f3908c696d90dafb1,test
/content/section_01_workspace/data/raw/spamassassin/easy_ham/02446.00be6d27ed9c7ded51a87830b09b1eb4,0,609648accc29225dac5ce9d4618368df8852262d2b891ae280a0702c2596822e,7066d4a1b44d42514445d8727b87755889c0a07c011edd64df708dfcbc885452,fb83144341d83c3e522876ef09b9354490db66a0711c3186ff2f42fc79716cfd,test
/content/section_01_workspace/data/raw/spamassassin/easy_ham/01821.8c40839ff8502b2f68bc7295e1cf1371,0,cefbe2b95729f6ff7775513168ee5dc87c2b731edc2e91b3a2c5fc2600e42042,0bd51f25a6326d6d75e6ff152c03940153c2be3d5b09f51c69e2064609520356,46b2a2a55db03f1078ff2c3b01573e5bbfd890a7e3bf66bbe60594829d8f01c1,test
/content/section_01_workspace/data/raw/spamassassin/easy_ham/01891.ea821f774736a6a9b155fe0dd4a53ad1,0,d9f904469fa527165b6a69e010358e2a468f2b7e244ed24a9eff364953464945,62e0c82fa8372e0441a2b358f4f88d09f13cd1be58c5b0527a9f30287ba71362,8ac4e9a8e1cb13fae2b7694d5c0e1e8873be58a4e1a51327949ec2f69636f50f,test
/content/section_01_workspace/data/raw/spamassassin/easy_ham/01489.408e736d2c2fb22b64f9b588c788dad1,0,5bb8b3d52a6142707d91c7dc5d8ec25abb85aa4bb98c76972d84ecb820a64d26,9ac1e19d5d3de4c3e6879970fd9961b80407ef196d89489ac16ef063774dc94e,f66a0e17b28241b4f7accfafa6753a40079626929ffef0f94fd745dd4ebe33c1,test
/content/section_01_workspace/data/raw/spamassassin/easy_ham/01888.8a0b734ddcedf7c25b60250d8c7b6e11,0,814c0fd05b20bc87b1fbd4e02f4bf620e290b6ab3f865f257aeffd691e76a10d,5fb47694663713033b96b6de622ba23416c073d206a324da99479f4bcc711705,6a0f8894267a6a842893cb5f27d073b715ce74cefbc4913c6dc236b00d5a33e7,test
/content/section_01_workspace/data/raw/spamassassin/easy_ham/00395.01a60f5f85141b74be6aa6e347feb5d9,0,bdb0d167259e1c83aa122467948da44b6b5ef3d285095d540fc219b39c010ebd,9b3d33a49b218e0383aaa07bb07e6c28a0d11bc0a7a92d19a318c98a8506aed7,fa8a5b05910a6364c9b884d8dfaf5d261752529bdac8b0ac63576d0614d1de99,test
/content/section_01_workspace/data/raw/spamassassin/easy_ham/02402.7f699b32ac5965e5086d82b4199ba461,0,526929e8c64f4e5d1c511dd83eb8f9ee6766adc8118586d0420abeb541889836,86491b1aab7427cbed756fbe3283f3d428aa998f6e23105a93b39c1b5c1dc137,2a57796344ae7e216a1fd248ff92ea235df9d4f4744249bda109f9ae3cd4eded,test
/content/section_01_workspace/data/raw/spamassassin/easy_ham/01648.7758ab9d9eb224bcb73e0e8e803e92c9,0,b25342e9683a5c7bfd7e032fba85d65f334b2d366ad099a7a75edc07bf0934c3,f539fc3c7908281d545157c576ce9b5b442c41931c88dcb2ea3d678aa2bede68,c62e7ecb8e2f68945e65e0946471a1fc0d8bb5b7d3323f1b4b87be458f560f48,test
/content/section_01_workspace/data/raw/spamassassin/easy_ham/00809.93dfdb8801515083fde97a7fe6c921e4,0,c97806622ae761a073fcb9306e4d1270168ce005a23574acaef07432a163bc88,afd8d15aa21254104030e866781d807c5e45b0b720d1208407af330e43d01d5e,3ce75dffae7c52b6bbaba025360993d544a1c7fba066ed9138aca59b28d73d8e,test
/content/section_01_workspace/data/raw/spamassassin/easy_ham/02267.411e9ce8e8de3ee987f22ab7ce7fc008,0,18c7226fa6af25c9dafe933b70d8153047a137925181dee37b302a0db72540de,d9a5cb03e1bf8c02157de63f839a4079920ea022aea6c026e6275137e0757d9f,db4e04734d4561e62869a518f2a50c3407044d158a976a8dce607731c40c5ab3,test
/content/section_01_workspace/data/raw/spamassassin/spam/00366.f0bfcc3c84da11ae1154c6c593362f69,1,b04fb574fe5abc0071966483836a18b62d2bc1742152caccb78f535874860dbb,a71a5240eb31fd26323728ff35c0726ec2cb2cd4e8015aeefa50a4431dfd6293,590da93b75ac659cd5f8689cd8a44b7eef32489b9f4789f4ba66600ad8dd4b48,test
/content/section_01_workspace/data/raw/spamassassin/easy_ham/00643.25062169a6a9d2109b047a95c633f885,0,b9390b5da2dbffd1843f61462be481745b759fcd23b2fbc89eaf899827694689,2aed80d7fd3024624507bce1b111f3d203b3fb624a8461b7a28dec43240501f6,f28b6c577f854aa918d7866c7ede81acfe2f4ea8abec1beb582f90c1f3d4de92,test
/content/section_01_workspace/data/raw/spamassassin/easy_ham/01773.e0850dc6f3d7e902f61de852025ad50b,0,d6b9d0a00725e03c2639df56bc402a38a03bdd840dd9d5ac8ee7a561ce355ecb,a39be6688e493b3b824084729b91223d4a12194ad79ae00a3a1334e457798ce5,26fa03f76f04d470768fc61e975ae844d8ea24ace736907cf11fbe9e21833557,test
/content/section_01_workspace/data/raw/spamassassin/easy_ham/01153.d533f7f18252b1a26a9f44a52bf0559a,0,acdd095e5c28a0d0477359ca6167104882876bd1ce7ac5744d2b481544342702,ad0420a9ec3b1bd6703074f31f613cfbec5332769974341238254ecdaec13cd9,d3523674af213ee2e7f7c0bc7ea3e37fca0cbae0e2faf6efc5acdefaa38eec65,test
/content/section_01_workspace/data/raw/spamassassin/easy_ham/01976.36f1e6364384d6b12b89200071b5c926,0,85ac070938705887aea39dd4dec6c0727eecf3137c91d1fb671ef7bae6e9f617,96f1eecc084f21437e8d4fc96df92194ca43c1f88d2d8d6666f77d502e2d63c4,2fe170f3e8a531eb278c7374be3bc635c8403236cda7e7110a10f63261354fb0,test
/content/section_01_workspace/data/raw/spamassassin/spam/00190.dbaebac8c91d57cf7c9b9a431606ce54,1,65f7de04baf7962c9288adfb3cce796cdb49f868d0f836c23b3575dd5755fe48,6e39ae6e982832c0030b3a029e3a61dca9bf2e6bb083556c1b7c4edde9896187,af58dea3b3e88b4af75113551f88d2f2569a6a32003458d1770d3614e09a2631,test
/content/section_01_workspace/data/raw/spamassassin/easy_ham/02034.bd799f09b362a83731ae6931a7916caf,0,578328b6cfabe6888bce8f674a268ef585fd45b5bf81fa478797d5cb75ad5915,5f596d51619e4700a90f87374677ca8a5f732a4a80a8466aab13a661e68ba8e1,84d1cae7c4df33b58798cd4143bbef9f50cbbae0e741dfbec29797294fa86b58,test
/content/section_01_workspace/data/raw/spamassassin/easy_ham/01414.162de78ddf6779f2130568460cbe2924,0,5dfe9b40e39448dfef672fdefa199126deb19687f6ce50183bdcee65b37cc024,cc961d7554cc3d7af74991a7aadae888702ff57aa2e0a8cc78767189ca0dc8e3,c740d83ef798dadd645fb1ef1f2595fcf1fc5f2af9ded328ba7977631a7cdbac,test
/content/section_01_workspace/data/raw/spamassassin/easy_ham/02294.93bf98f2c25739805c0e8cae23f9dc55,0,7a75ba7285e58d7e592a5407525239ef496118c9e1f335360840c2bfd08455d1,11d8b66209dd1ac95ec5b55c97b78d1ca75a005a49d52e5f5b2d23de506b3d8d,f10191fb33979aede0a952b1c126c6f23de60f0045b298ae3c1e769d7d9e5705,test
/content/section_01_workspace/data/raw/spamassassin/easy_ham/00885.5923b3938b5b422e7d514cc4bf403316,0,96d11a806f75ad24d7a781fb48927c07c5885a395c4eb450c17e13ea40974ac0,3df6083786b7e68343df1bdf6140bb372a0bd3c77d6fe098e78b8d5abcdd99be,1a9a93f8d71cc9e64cad951623f3c4ebcf92baf6975606d50d4e7f4ab7b1d56f,test
/content/section_01_workspace/data/raw/spamassassin/easy_ham/02319.59d9edb59decb975831e89c07330dbf0,0,078367c863095a40ecfbfd136d1f4c3da98110980c9cfc2e67ec670b3a7bd676,eca50e796ef6e95649ac0ce3f79caafe0c5f9e2811cdc5ad953c0c03bdfb54d0,9694eceebf4e80e845099178fa1396c90492a0ac8053586a4d75e6dd42f513cd,test
/content/section_01_workspace/data/raw/spamassassin/easy_ham/01296.d07e5ec1fd7ad9a466deb9cf621e7ed9,0,670a17deef8403c26957fc8d7a20dd59ddbc0e508504d183e2cc9419d358dab9,469df26b4f9c5bcf6226edbfeaaf0bf802ebdbfc8173237e4bb7088f26af7955,e06e05d79f5cf88e5aecd726fe05a8847fc43d397b6d3dbb657ccf7258f9d922,test
/content/section_01_workspace/data/raw/spamassassin/spam/00234.6b386bd178f4ae52c67b6c6d15ece489,1,e83ce314732fda07ddbe19c8398f8579a79515ca528cd1bdcfa356754d0eaf33,861fab1978dbbb9dbdf3661d3895505c50aa1748ed2cf22b237ab1e2295eca40,c059fad6c11cb43f70554448de89dc6bd62efb446143e4f50b1e860d0fbdd896,test
/content/section_01_workspace/data/raw/spamassassin/easy_ham/00688.b05bdac7f180a6947d701b974b413dec,0,1ab047040c97c8402703aba048b768d8fd92a7ea4804921e628cfe01bb40b87d,237461c63eed5f89a6d53995b9f241635a1aa1f6aa730aed6a0c292d2127b64a,83360d42a90f9f8252f9e6c1eeee8ac82a681551e6ef7c3c6680381e65ee321d,test
/content/section_01_workspace/data/raw/spamassassin/easy_ham/02449.7b52df455e5abff6fae35979800a27c0,0,aca1fb51e4871cc715c17115063b12e45696e5d950749f83255cc5810aa88efd,badc7e44709f191283090f7844f3ac97dc0077fbcc8c7baa5f9526b6a2b28159,0683fbaae2a9be0d5783a3c8977fbd4337880b08a42d518494b97a8e32a5270b,test
/content/section_01_workspace/data/raw/spamassassin/easy_ham/00047.39812fcb014cf9c22a2ff4fec61f3c19,0,f0f8f08bcad6a193a0c798b176f2168e82cd32308e0f27130011799c364d0715,7a63fb8c9962cdabcc8889c3f51b135cbf4d22927d75327ced7178605ef71f20,aa359160b58c79b577a76381cc618b826a3430d59cc0ea0b2944500b50bab1b6,test
/content/section_01_workspace/data/raw/spamassassin/easy_ham/02105.4b566a220773c7dfde49b30a87949d22,0,23172ca73738488ddddef2132b61076f4eb2d649f6ef3d11c928bdb1facfe8f4,c699aaa344fec88f78812d545195ffd7db54b187812c1f88c78ecc330e9cd07c,125f1fb60a7e5e54cf1936da4fe5a74ce54343ab9e9c24b1332bd6d17f8f9d4f,test
/content/section_01_workspace/data/raw/spamassassin/easy_ham/00302.9aa28800eefcb167ac80f4b6b1e939d6,0,7eb9c29ab43eba474603053a8b8fceb23149acb575d8570fc6855a12ae2354bd,bc09c8b290e1066926e8fb81b14ee802d730213128a9bb379ea1beff2e557515,f293efd47b05103630ca5fca43061853412eabf22b6b32e9ba2dd105370c78a1,test
/content/section_01_workspace/data/raw/spamassassin/easy_ham/01860.e3c05c35ba29c002364a701b79ceb7d1,0,4aef4a7a7a27e407035b1be3a97a1cfccd9072a202e6e4bcd9c2ba54f0210974,c191dbf83416890a015cbe769cded28884f6296a685a4d042f971853ddff691e,45087cf1e7fccef754fffd3af9cd8b59019724e5152342fd4331703f274c41b5,test
/content/section_01_workspace/data/raw/spamassassin/easy_ham/01847.82d1ad908c6b97d8c713a9633992bfa5,0,34a101d88730a0cb428706f953d01439c28194c44ff049f23c1e5e25d52ab5d4,a7e267a4f986a27ef9b5dfc3be671078df84fc154c56e1e36fcb9e480c9bcef3,44166f2c01219826bab143756f00892642c99101b0aaf71a079ae53c5be84695,test
/content/section_01_workspace/data/raw/spamassassin/spam/00228.cf58326ab05a757c7e759acc8d6b360d,1,fbafb6868ba994643922518e89c359829e71f11f5e6822edfdf66e71b59607de,c5b39e3d018870cb59b9ebb2f39eedd34e27c4f17534aec30f0f89f9d5b3012e,de2b1007b6e1c934f69e07bfaa481ce8690b513dafc6a16982495c4012bd7dbb,test
/content/section_01_workspace/data/raw/spamassassin/easy_ham/00181.6831a0d4a6d648236f7ccd26b5e3e7ab,0,a94e56edbe236a5f0f41814be14021a4b3677c7a0f2606be0ea943217f306105,8fa01a8831a9526aeb801db86477f9e40ba4c92c3b51ebb24e135767609a67d9,bccb66e4176ddc9528f0688e476522a7c65a0ecba021bcf2f1ea5dd7c9fac27c,test
/content/section_01_workspace/data/raw/spamassassin/easy_ham/01981.9490b3cdd1178076369a9687a7ba61d4,0,f4e1e3702ff3f77899947188ab19162c82d48d1315d003f837f10fabab82d848,2b0e06f256c70d11fa399b6a413cc03a497a67eaf9dea61cdcd52fcb41c4e4bf,b651d05aa805f304ff9b2dfb9e1d98211082896afb354dbb0cf0a41e7247a599,test
/content/section_01_workspace/data/raw/spamassassin/easy_ham/02048.146a986ae719349d6b6e4d5f9c0e38bd,0,867d66dd1564ca874fff8a8ed419565c342d64c9a88a9153c78cb533bb0975fb,006996295f4ec523fdccb036685f60f2d02184ee391b8504fc944cc3b83d0ca6,1ae2d368c1025af9a6064f7751d87a5ffdd83c995c62bbdafcd30d64156767ce,test
/content/section_01_workspace/data/raw/spamassassin/easy_ham/00203.b5773afbae12d0d79df74b32b2f46697,0,e8d7ebf745b3259a24c11ec62a0f394e2cb3d8eb5ee5cac74bca02758084c25f,050af73b67f0fe87bbe3ad37b4abb815e9534e55615ce1bbc7e06b481c4aaba6,9c6566109e2028aa6488ad0b3aedfb7b22c1e44af8bfdf4a4b5b73ecc5844eb9,test
/content/section_01_workspace/data/raw/spamassassin/easy_ham/02480.72714df60c9be29d6f7985c777cbfc13,0,1410ef8938935082fd2cdbbbc01dc197db40470430b4a2acbdee6987c77f7a6f,63fd571a816d15ff116d314241337ec4df6a1fe87636e2d2f2d4125f2c14253f,1dc131e2720243aecfcbf8150f93b6d40fa80f9bc981b3f2bb5267a013b96d67,test
/content/section_01_workspace/data/raw/spamassassin/easy_ham/00707.72dce8440a545f840d53765a11adce4f,0,045c1bb11478a7bfffca284ad15a496dfd466b7cfee7e673f44a2e86b25553be,d5cd85afc90dd76ea14dc8690a28a7541fe966133aa4bd65ca9189777d9cae8b,301d930d26b62d12ffeba91a2fcb8d690d86599258d711558dffb719a1e52b2f,test
/content/section_01_workspace/data/raw/spamassassin/easy_ham/00202.fc22c26924eef6d26b3818db4450e2b6,0,433d82714961e96e62526f2ee022fa5441d7a45ae7d4ec5e32d2bdac2acad4e2,bf9c50187728ff7d4c8652e921e166748c84c0d08baf4d197d1974cc97cdf1c6,6f78e8d727dd31a8622b007bddb34827932b0b016f2e4ab33c7cf0a434d4db5f,test
/content/section_01_workspace/data/raw/spamassassin/easy_ham/01311.bcbaf39917e22619944a0e18eb7233f7,0,9a619e273d65e80f243d15eb7539236182329201e34839c84b5d04180c3f4bb5,c31c8bd81d4b9b5bb955dfe561c8a70f68d8cc3e418c9645cebd3352d317428c,53c425373210566974d389d0c0adfd3a1403561201b4ef49c38c17ad3012e918,test
/content/section_01_workspace/data/raw/spamassassin/easy_ham/00976.13ecce82e8d787ee17ae688d4c70737d,0,d13b9c9a20cb829526433967921ae913b253025aab139d3e01316e1e4967a72a,b685d54a23ed89b50fb4367368f5cfecd0fdc7779a3e398a2bda2ffaf3bcaac4,f214a40eb1237c18e6d13bebaf54fac8ef8f69dbd0c7f5257ff63691d8bdad15,test
/content/section_01_workspace/data/raw/spamassassin/easy_ham/01000.bd0b18ad8256a7cb29f5508a20cd19ba,0,7a0af6c6ef30611366af29433ba32e869c9b8caf9e120f254125073143226498,1a14e97abd895c69f81c2cad7d2fcc64e9fa8ff5e875b7dc474d9d8285b5902f,ad4acef30296109b51605f32ee3c2a94e2d3e116941060db88223ed37594cc76,test
/content/section_01_workspace/data/raw/spamassassin/easy_ham/00528.4069e359640cbe831b602fd3cc387469,0,66630d7f061f44b624345dae0d31b22e5b4f12ee8121ea5867de5feadfd1845a,5fbdee43b7aafee44b61e9ed480cdd2a0d671f6306a1a45bee07a30074cd8166,0e3575e5dc18d39e78993cb7b76776db4609c9c13b229a30eca4514a50617616,test
/content/section_01_workspace/data/raw/spamassassin/easy_ham/02375.edeb9041e87f72ee99fa802021017fc2,0,3e2a8f0fa5e5e1bb9cc65085111f6bc6e4e65cae7f1b082eccf16529d5ef9224,74e10a7353c39dff9e150802fd39b74768d451a2badefaf1dac754c7344a9ea0,d88341f34639a6a6904c9aeeb113902be383fec02b4b8f8400d639ec80f04f7d,test
/content/section_01_workspace/data/raw/spamassassin/easy_ham/00859.54a8c500034dd8056834ee17cec9c4cc,0,3bec08eaeaf5f93c2fba5c2762253cb60197019cf860c1205df952e3147b4ff7,ded3684063b9020aa2e529abe7a08af2c7bc5e38618ef513fb5d5ea0692ffb1c,123a889ac5a154c155c9827fe39645d70b89a507cd3b6d6dc665ad30119acd49,test
/content/section_01_workspace/data/raw/spamassassin/easy_ham/01475.031c58f71a4943490cc3b5aeb13b795c,0,e30ca2d6dc01325cb651db54f93264a4bb7db4813b1e1d3e03eb92927c43beea,a9da3f35370cba2b003dc3356ebd06d8765e9553aaab8986c9a9a36ec26784be,2fa5f82e0a282d38634f2ef620db05bfd61cb02386f474cb735aede419520b46,test
/content/section_01_workspace/data/raw/spamassassin/spam/00181.a9ce64eb710cb3f00a7d7db7911291ab,1,5a94c3a71f883574bafa4d94cd8390d218a5e7dd511f9cc3ea8edd0c4118bb90,7d989e658891538fe76589a74498631fc8a5932c27b625ef726ab617c84434da,d20c015525199e4c77a9e2fe2f2ac7d0600f6c733ca72aebd37e46004e89309a,test
/content/section_01_workspace/data/raw/spamassassin/easy_ham/00190.e26c75eb1c827ea35cf2e3407595fa67,0,6d55c615973377fe8483a06582ca1cf76f53417f79d887c43f923135217570d1,eb32f3bbf7c9d97e173baa3e1dbd6973745050acdc238ccb1f6c348daada67ce,e19270a6a50ec1dbfcf2d9a321a8edc95e7dbe47983151ac2d9db1c196ef2cb6,test
/content/section_01_workspace/data/raw/spamassassin/spam/00008.dfd941deb10f5eed78b1594b131c9266,1,8a24017293ad63aa83abb8b3dde5afeda589c77461aac60b9d7be058a370f10f,4e29977980f7a1796aef45b40bd5b2d622aeec4f9599efbc6afef08056eda5eb,671cb8e61c83aec38798462521eae4e0db96d2332f7753111b86956d9b516f47,test
/content/section_01_workspace/data/raw/spamassassin/easy_ham/00201.190add142b96a42eec8969c51dcf89c7,0,781e86b895bda63abe5b9070d8c1d48f4fac2718e927d94e2cb78d160ac38ea2,4b6bbf7ac446f7d016f73fc2e40268831358c42b874ef4106770efc194fa5191,381a6a1c355c965d094ea9778c63f5608583bb6abfda6a5762db6774646cc667,test
/content/section_01_workspace/data/raw/spamassassin/easy_ham/02060.0b202908cd60ea1f719c700ed73f2806,0,f49c514eda18ab4f4789a885a7b81ef8cf0bd80e859ecc9c334af188f234b98c,6c2cf8e94d54fc18896b7195dbd2778731a5220c472073e28a0a8d4cbc9291b6,562adb30f1906545435dabe34ff507d8b9523588bb6019c778af59584031fd47,test
/content/section_01_workspace/data/raw/spamassassin/easy_ham/02463.4e629845ecd2756eb5f2d77868a58535,0,7c3816b514d78339eebfd77fea0265ba9a8b670a24c0d5af2df7edc4dd47d058,d594c4cd69303700031bca58ff87391b1caf76ec0b266122f72617105ec0ce00,7ada15193ad45949cb6c542f4e57115bca267c90169e8a13eccf7085e2424c1a,test
/content/section_01_workspace/data/raw/spamassassin/spam/00474.30772a1ac9e824976fc6676844d68b76,1,b2da4daec3f4af8ff158b6603c61bb1f4de0d594080a07c8e6d490cce3fe8a77,fd9befcb303798627b239a6748aff12c7cf84c47bb3a501c1126eff71bb3f27b,835e59e6d1ad837f18f61163e538765b3a0ae5302a1ba26d9a8b5563aa7bfcec,test
/content/section_01_workspace/data/raw/spamassassin/easy_ham/01993.0d629f3a16f0cd287ebb51fa9b18ad30,0,58030442081596ec51824e76addf222a08f079c99e9e00adb100a2daf32bb96e,f2c67e46d805760f8e9e5df6095bef95a6d04aa4551d2972eb55e2f08cb0621f,fbaabe9c86ec99244969643d1d60c8180dfa897e94a091f9826590a49bc4c4fc,test
/content/section_01_workspace/data/raw/spamassassin/easy_ham/00563.8c8efdf5034a0ba771e48494fd2d8099,0,e80d5565bba008cdaef18c855046e315e935878f5177cfab82b687e4dd5279ca,d2918e535ecc1b834d99aeb5d7f8756c2f4d796fab8f658684a6ca71f5c98c39,4a174260cd08aa1529b000551200f7d527930e7476e101450b9d95677e2ac3f5,test
/content/section_01_workspace/data/raw/spamassassin/easy_ham/01534.0af697b73ae39808dd4035294018be4d,0,c9a6f0400da0673627f4944f03ec10e132c14273bcc918b4281854113d6b574a,fec7c7ff1594a7bb90f64fdd46a5c98809f738dba234b13a26f26e7f21ff1e29,1c97259633d25a5fc15f8bb9dd0bd331a14b4f181d104b76121626104d80a2e9,test
/content/section_01_workspace/data/raw/spamassassin/easy_ham/00838.5d38f350c098436eb6d9cccda1e054e2,0,6dbf5a4bdb7e4b9d1ccaf576d162eae3d053aa8b926c39b3c3b9c1830b17728e,0f321ac3fd6250498a958efffe5eb2ee2ee7bedc8173571e86a7a4c87327fe79,308e5d89c324f57fe4fc5b9305c67d42a7bc871205a097bc2429d1626f8ebb78,test
/content/section_01_workspace/data/raw/spamassassin/spam/00011.61816b9ad167657773a427d890d0468e,1,6d8b3789ffad534347b442f910c5cbc6edf7a35bb888179c4adeee042111cebd,7f9d2245a736de8dfecb8f8269eaa221401f057169b0ca41cee6ab6803dc09df,55fa9623ff4cd6a5949ed63da3ed50e86148deb79581fa57228716e5545f042f,test
/content/section_01_workspace/data/raw/spamassassin/spam/00122.98bcaad36eb81e75911371f841f28dfc,1,e93c9679f1750720e6c5a92f541f813b77eaf4a502475bafedd6100638de7227,9ebe8b2a7b717650e5fed11698285f2fc09b5a86df6644b97f181aa37394e1f2,fc7b6e156f9bbb84461263a34fa4ac803154df898cf1a68c11c012b8e50a9076,test
/content/section_01_workspace/data/raw/spamassassin/easy_ham/00051.03dcdb0e4e6100cfcf0eddbf78fbae17,0,04971b9b28539d42267dc27351c9d9d822edc52afcf6feb6812608d3f105e71c,95d825c2c2848142adc770fc8d933c0c243299fdb5137b30187fc0ea243623ec,a567494f27c17e0f93af07db851e77a00537198f988187436f4bd5e3a2be37bf,test
/content/section_01_workspace/data/raw/spamassassin/easy_ham/00382.457cf61e60b0e7fe754a478f2e2c0592,0,d776c821d7778be3dc9d3f27fa1a96ba3fc98b360d8cdffa05ba0c26fa42300e,c84ce0685663a85d8c3ae0ead374d1df2c0330b0c15c0bf9d46c540bb6c143dd,4471bc2c4ea6141dc77d7fef2100c61361330d06b277ce17b9ef8ae84cc718b5,test
/content/section_01_workspace/data/raw/spamassassin/easy_ham/01220.f57815121767436c538407a25eacdd88,0,1d5ad7599806c11ce016c6ec86c5390fbd7826539bd40b23e71136df926a992c,975acbd4f3e0a6bd6e96fa3c334c86306a39f3edb6b1b5f96919bdd3ec905fc4,8ef27531e1041cc0dcf3f952bc61d71c6f52810b2d684d3376552f733315cb5d,test
/content/section_01_workspace/data/raw/spamassassin/easy_ham/01120.acaa2a2d6d3688986104cce5b2d3bc95,0,7e7179c92ffceefae6f3c56ff9b56f0d6c85d1bf51f376ecfcfb8c296982d4c4,765b0c95512a6a15fa57719d518bd80fbcbdf00cf1db950d4731058accef6af0,380a0fe606b5888ccef34e34123872389473a4191661288cd0f43e4adf9549ca,test
/content/section_01_workspace/data/raw/spamassassin/easy_ham/00882.7d2cb3dcfbe9ae110726e656347c0628,0,51afac8b8a0939897fcbc0f9b7da9fa119c72c817604d3b3c9a63fdd75105993,19c79850a31423e595435c8aac9185f13650e55c92dea5b826b7cc2130a7115b,95eebc4cb08c4939271fdd3ab17c454a82113303c843db28fd96811868bb2534,test
/content/section_01_workspace/data/raw/spamassassin/spam/00114.e337195587d1dbb42e8a2b693e9fc938,1,30f91f7455f031e765ef2e7070533d028caa23899ad1d4226f7d36cbc6d9e33a,9a55a8a5eec436cf631b6e9dbd5c6eb5d86268abd08ff8b56e7ae31fe478f50d,0d2218e8089c75943ca3948ebc766831673b527ce709ac25a487a94a29d109fb,test
/content/section_01_workspace/data/raw/spamassassin/easy_ham/00835.9068443a73e2e4b91c9117ef9b022675,0,cbf01f131f8f20a793f13b5e61a720511a0dd2b8d04362ba688a5617ef60328a,9db3058199785a0515cc5e186cf1b95ac513d403199de1c62927a00327122f5b,df13f9521683a3198130668031e230f4a44e43f05f7bb60c7758c835f13c69aa,test
/content/section_01_workspace/data/raw/spamassassin/easy_ham/02244.ec757949204665ad24fa1a091258fe86,0,fa049941059a178c91f6317eabaed6858d49ad01ccb7fdc3989832724622ba96,e7a038fc0e6a9cd12df0ac722047f585178c14dd4144c3cfb9b54dfa4cb017c1,14a6adb13909545cd5bb40cfe8e259acb9a4383be839c426bbbefbdc60bf2404,test
/content/section_01_workspace/data/raw/spamassassin/easy_ham/01807.08bdc96ca0f8ca425fe8acd21fb25c70,0,10cad711b0b1122b11c10461e5e0514ec96fc6370388aed1a0781644bf18a625,9a7379e5c7bf02a0aed8128f41f70443d6a9886cc3ae4b588f1318bf3cbee146,d6f56adb1e860e2a5e7497958454b4cd140ea70e4c16eddc40cc434f545503eb,test
/content/section_01_workspace/data/raw/spamassassin/easy_ham/00744.667c8aba4400684b27c339f72ad86968,0,db0ffcc4ce14b654b5615483f21d166c5dbbbcd99904e452c56dce7f7c2f4a92,6e9636a13fc8caefd0ecc0b9ec9018e6b31ce4b1c77e216398fc4b36365cd840,146c7677e2d53ee552bd0e40b857bff27a02ad9aef3d929638341f6a4eda7ac7,test
/content/section_01_workspace/data/raw/spamassassin/easy_ham/01086.b08af755794dea40b0f9fac774923811,0,d8f31d6dcd33bbb2e20db00a0d799955f40199a2cd977c1bac82c01db4a686e4,6b972d45d0c1b5c76eaf5293201f23de47dcbe6bbb7faacc222a526d4235f1f2,aeb70339c384066398783ec7b8117dfb4fa57cd6227e9e6543fe990d09e05ab3,test
/content/section_01_workspace/data/raw/spamassassin/spam/00370.549e569ab1b84fb13a4ea7d61f98f86d,1,ab5eee22536cd9a194412266e1920f8ece6883cf10e3258f554e92d2504a0814,249d9a4a410e0fe27a3e4f110748f452bc50422c76bd4dfe546e764c0001f2ac,c2eac8a22f224544fe00020cc3085ac18595009d037b5b08d665ce2a2878b409,test
/content/section_01_workspace/data/raw/spamassassin/easy_ham/00980.c44ba5c1509adaeba8e9e496c91aef25,0,cdf22a15d1997c31529faf0613d5fd1f39c74c3f032a54cfb8afac96afd42f10,a48a7b2884b77936d82fe432945c5e9ef5ffa97edb700d45f22b165727c907e6,1250e2a79a05ea96084f168b11b35360efe1bfc683b4a73e4ef71450991030b4,test
/content/section_01_workspace/data/raw/spamassassin/easy_ham/02384.1833d9d553ee4c2bf37bfedb952a1424,0,4547f35955275446dc1242c2e9a29fe710f9413c4588aa4b4203c1a390040140,6083cdb60c4f6f51396ff3266edb2a64bde9fe0874390b9d1cf4979ca3251b66,3f02fd572540714f88559250fedee0323c94cd6ce5de5f094db326c1806c6bea,test
/content/section_01_workspace/data/raw/spamassassin/spam/00339.16bd110d8aa11e7d9398287c27b1b389,1,9933a6f5b502fe71d55035b49bd9e108c44c135d2ae5fb1922bf82c57c6bab7e,c8ec2974a0d627a36a76acd38600597616407f7a6bd0e4e934f568f1a3afaf6d,7054dd28658a1f6615ab545d9cc950595f6dc4366d6c3c293c74be9fa5dcc4a0,test
/content/section_01_workspace/data/raw/spamassassin/easy_ham/01937.34432f6d48dea72a52f5feb0593ff808,0,a86a5e0579c657b63c5fbdce485fec0370fcd96df93216e6e7d29725e96e1a1a,6acae911f15c3e074e97ab21b4eb07e0d45aa82b492ee48da367a60425c7a12c,70e59351e5c53552c314ee1996c54ab8d9129c1d57bd93992ea7b39efd35b725,test
/content/section_01_workspace/data/raw/spamassassin/easy_ham/01163.8acc09ecc06772e532281df46843427e,0,ba21554c23d066c0f0472bcf407e64e62763c6050f7906e01facef16d309e83e,9e3397c266958bc0efcf465b83d81fc73033ffde40eb08f61879f84044863cff,47073d69564d846c17a235c116bdf510081264efbcb63a1b6842c777d28ea8c8,test
/content/section_01_workspace/data/raw/spamassassin/easy_ham/00959.68fb2328c01cd34b7e0f1763c85f9c66,0,ab04cbc0bd0f5f9a8df6c48a1d7dbc08ffe22e0618b5823c9231cc70e92fd468,8aee999f3133d9c278488722e4c1598faa3363af9e8e8a88cfabdaee22f6d809,57db92653733e219082c05790b7e45836acf9c67320ddd57abe9fd7e3e366d3d,test
/content/section_01_workspace/data/raw/spamassassin/easy_ham/00961.509b19e210cc3cda4ae6615a47663d68,0,726861a99a40ad5d6afbbc3711bc84c3dde591ba33476750833911d2626d385a,c4a45356bcfdc15cfdb18b7da86c3e1b23979b7e574d89551fb62c86198909e3,721b1f7862d9f2d0234f9be8f8ea98a666850996c2391553446cc090b92523ab,test
/content/section_01_workspace/data/raw/spamassassin/easy_ham/01989.6164d7ff1901c22ad3aef666d9b0e00b,0,0f663f7b726b0d7a22b54c46846d3dcb0cc1e3422ba1caaae6173c1c4a78c36b,abef89695a522547eb7ccb404bfbe5eab9ea1156b4965a2f43eb6bc871ef485b,1c48bc0929b36ea37cb07bc760411192ef6e245602b7ec53abb7f77b062f12af,test
/content/section_01_workspace/data/raw/spamassassin/easy_ham/00840.fd947072df20db5eebb0d015f20073a4,0,815eb0060e15adf7d08d76208acc8fc155eb3aff605d390dbfb25d05d6eeaf11,f843b558d14b0297847f2a3c45bde0769ba669f2ffea1f61a12a67886465f1d5,53090ef7bcb76855c1e50f11419c68df18813ce9a44a76b94ff8fb23091c1753,test
/content/section_01_workspace/data/raw/spamassassin/easy_ham/00858.54a727ce6b2e452f05e2719d99393999,0,58398e771e1b73e501b930f6df981c5afcb429b4157fa0c11a84fd42a7ce4006,87231daac07fd5776f663476bff7deca5b910491495160ad4c2cbd4866e12de3,f67b617db29a82a42c5644ac219ea64306f0c8fe191d1e60282f1f256074d26a,test
/content/section_01_workspace/data/raw/spamassassin/easy_ham/00610.ef7ca9c067516bdd7e29aebc488d1edd,0,c02610393c94f1cbfe783ad8c92d42c346d99a4986b659a1dfb52e393f659c0e,5d6f5ad0b4509edf3f47f71f3a53114d15caf44bd9e0a5557b956086714bface,178deafe6876830619a36786119adc5a99bd0d589ed43de5696d8ab4c6205600,test
/content/section_01_workspace/data/raw/spamassassin/easy_ham/02013.63c8067b2baa06b3d1b0e4703f242080,0,58bd7648f10845576e5a0fe18f6f69bc388994e28ccc22406bafddc0cca29b0c,7b36a984ef8b31da44940f10b1f0dbe0e3fff5257eeaae79fe94f8f9152dec5b,01b4ac28bb8c3a6cae1de3971535048390a0d89ed36f6c74fb81034a88dfd4bf,test
/content/section_01_workspace/data/raw/spamassassin/easy_ham/02408.782df84d9981b7c54dc46f5cd5695969,0,e4590101252e6da69bc80db5d03ca8edd51200f2fa80e57f62a4f9fff5da4ddd,ef68be84e91c5ee8e64c3849fc22d993b10a3a3f5559d3b03a2e305b5cfc4317,94d83c41b9b05ac5342ce2de9a2da02e21b0525da477c52c52df208355c0d5eb,test
/content/section_01_workspace/data/raw/spamassassin/easy_ham/01043.e8e4f25ec1bd22dc927732b46860df36,0,b911e7c05e7483c67739151f0d9f765fc2bfa9daa696b61b00406e666f1aa933,168c739beb07c704c99b9105e2ef6824a003f1cf33887a1c9569b7b2191d1c6d,6a56be4af100bf62dca5e3573ef083b85883505955c6e6cb436062e3a8c1ecba,test
/content/section_01_workspace/data/raw/spamassassin/easy_ham/01223.bd57469f0b8c0ca986d7a3f40681b56e,0,5c95a565c307d4a670b77545334c38df256ded848623ce92de261c612e6316ae,4379f39334abc2d674780b63b541a9f4d1eace5284aa10c83464cd03e5b18ef7,cab7a1b2c69a91538338d1f68c51bfbbc52495ae1f2720af2052e217f7341c0c,test
/content/section_01_workspace/data/raw/spamassassin/easy_ham/01124.d97a9cf2c49c6e1e15e0c0aa024d20fc,0,294ff5a5b56faece54526c1cba5a976f5502e5600fdabbd727101526d26842a5,59198cc1cdbe0f17d7d523e7e47e0562529f392ee94738c935bd8179ee2a9639,51d2694d4d707dfeb25898ca6e6de123f4de1092967e02add011df70dae01d11,test
/content/section_01_workspace/data/raw/spamassassin/easy_ham/01739.f57fcc3356b4c910af8ac2ce06d7301c,0,8e5e0641468e2b2556c52eb495ae4b2bb74bfc2f58258b3c093853ba2b187aae,9463f8e1f913a00f8a17ebcb60c94bf9638d4f613b521610ac412f657b895132,8635479aa07103e8cd9379003a6cf81ad2ca73af029609e86908bd9e8369a034,test
/content/section_01_workspace/data/raw/spamassassin/easy_ham/00333.9542450892a144f44e4d63faabbdb27c,0,d451b9c07ac2fba9900ba57fde2a0a21ecfe6934456a19f5f37b790ba4a62264,069d9c6ff605bda7e844e1040c47e621e78a02c83dc0bdd7229c5b9f6350435e,8180d7d7cbda68ba9aa9999fa4926d60ab569a765a5c8f3021776a34358a69cf,test
/content/section_01_workspace/data/raw/spamassassin/easy_ham/00703.ec6e20ebdbfec16d51db2989785583ed,0,64def4d79a90881bcb513967e14993c175367dcfdef1e53f55f60bed2dd0f1b4,4e925f6ce9a59a8b087ce5e2843da38e418c21d7ca119f75889a956182c9c2a5,590f2113a6c8694d3c0e733e47e56744bbb9f7bcdc13fcb55ca6984c3a45e331,test
/content/section_01_workspace/data/raw/spamassassin/easy_ham/00550.02e6c81fb637ae555b997d6fd72df731,0,5e6635be132505f4e2a5f2d954be68b2ee416153276d3ad615d705fa6d105de7,308239cc645ea0b5d2bd08bab6e1edc6ad4dac0d2699b1bcd1e6f55aad0f41b8,5f481f09fda95b04157aa525c57004f507f692a99b05e38d944c5b4ff6c22c0c,test
/content/section_01_workspace/data/raw/spamassassin/easy_ham/01185.14b996f1781bdf510f63de191373d517,0,6e5d9f2e312542adf423b81dcb7d492d9c6553e4551fbebff3c3ce5eaa84231c,a0bef97f22daf028ad68d841d91a674921eece403649985300e1de8a188a3647,6f27e9dbd2fbf315f276c42327d25370ff13412f43990a514d71138b98aff164,test
/content/section_01_workspace/data/raw/spamassassin/spam/00401.309e29417819ce39d8599047d50933cc,1,99622e89983932388ef878bfd834beeb4f41c9fa1f4a6754cf4182dbc0027c3e,6308425636ab531fe2c5e2ae52ca747a62eea798e78db0967b27f1d2c613a178,be70aa11264d9756f10ed8099dca19c12acd69787325c9bda8e07e239ae129a4,test
/content/section_01_workspace/data/raw/spamassassin/easy_ham/01050.bb48dfade0a8f372957e8cb2be0476e9,0,71471f6b504f0804c3b9dff1242044413c2264fd405c8b2821b91875ec2ec591,9d5443e87bf7a275151c988769b17272a0cf91fe4adeb34f309130c3e0216df3,caaa7a4dd6e5dab5aad254772bd86dba20767834c4f770554c8c0a6916a4e5ba,test
/content/section_01_workspace/data/raw/spamassassin/easy_ham/00458.ad4375d9c03bdcd1828da9c405441b65,0,ac1300ae09ba24bd13548eda785289144901951cb7300a0f02557d7f8271c5c2,c580572c7f7be70f138ad9f4b195aca42ffd18618f41ece00b5c9288cd0ded8a,96c61915cf0aaca1f3b45ad55308c084c00468624865dd093bd9bf52157b7263,test
/content/section_01_workspace/data/raw/spamassassin/easy_ham/02265.40b76de637202cfef4db6f2d48508282,0,8297299a85fc3f12bc5474e2b1136b479ab77173d994807482d6f41d2acf8934,f349d7958d5237c5c28ef5e26b53fa7063796eba677524b6e2dd3cf33580a588,800e2cdbd19d7abf9cfeee0561592dad2077b40148f7e7787d35537d2476c27f,test
/content/section_01_workspace/data/raw/spamassassin/easy_ham/01501.78f2f952275ec4ddeb969cf596d3ac66,0,3b623476700c8a701bb04306bdd980d8121656fa0d33a965797a4ec5dcd979b4,08c1da02582ecbe8aa0164b5b359e21d6b64173a70bc0169f754c5d6161aec99,9f0b9d2c8783b72ca3d4b9cbb3f3343b3689b4ff7ed5c379fbb21033cddc03b0,test
/content/section_01_workspace/data/raw/spamassassin/easy_ham/01081.844461cf79fe409cdfed1c9456c064f0,0,f73787f09ab3e727e614b37e9b7544e742e757181f9cff32700aa9fdf39573b9,a8751ac2e2e215a7b8c6c0171cbc7804625a6f9c709680a69950c8ebbf297a8a,c74333f1fb9a32dc612c42b295e04d9c3229eb907cd4f448ed0773a725ef7e10,test
/content/section_01_workspace/data/raw/spamassassin/easy_ham/00496.6ebe7969144149d6c8c170732a1b63e1,0,893658234ae89ce27fe37744d68e328f82f58689df5b87a1b3dbac48a4b68ce6,127c2907f8934a799ab39e190f9294dd168512140bed2971bade4d8b5097702b,be2b3f66a549bbf261c02ffe8254962586f74f491a18a904806ad89aad571b47,test
/content/section_01_workspace/data/raw/spamassassin/easy_ham/01709.f25ce16131a4a1e9b4eb4e04f748509a,0,91dc7313889f97a003edb59feb61f4e43c22145a2c18a4ae91e952633a13695c,6da5bc84b1a466174b51636f020cf2acbc3657866a1939be2543d7815d4a7768,f2973681602cc0df057a773ca6c8c726c1b347c3167cf677fd41ad86be631796,test
/content/section_01_workspace/data/raw/spamassassin/easy_ham/02469.901d2dc268a72e42497dac1ea80d861d,0,10788abaf2b62d2553ea6527f87f839d3262ae755498769eefd721ac1b00dce2,39e7f30d85cc5eda6f559f6ca9d18f5f5b60884e0c4286674c583fd06f6d2f58,8fd54ba8000a4148bba5e3bdab131fd4ae5f155d524df026bd7b087dd4d85584,test
/content/section_01_workspace/data/raw/spamassassin/spam/00167.af33a21e8b279ee28d5e70a6ef1dc86a,1,7bc67481c4efd77379bdc9ba2b936e2ca3e19dc656097603120686300feda35a,aaac2fd723a62d94ea24cdd5fad8730320968a318fc6c3f4902cc22cf5a8afa4,0c15e99765b872f4cd27eb15ad7c588ab13b2c4b394d269f1ea819f0380843dd,test
/content/section_01_workspace/data/raw/spamassassin/spam/00188.3d145a97a4ccf05a36a1f2795b4c331d,1,fa598efe739830443f3737cb2cd643248fea83739b790f815119dd7818298e2c,6d44e89ec5ec70a94c834014feb3304f77c81d6223aeb31fee6a228857f7a3d5,e39d4731940cec5b22a484bc24c43af79936449e630e406cb8e1c1a308a52e33,test
/content/section_01_workspace/data/raw/spamassassin/easy_ham/01405.e574cc5a3baa8e1a715977d29474c6a2,0,b8a5a7257b643f08f86e51eb9b093205dc3352e7fb106ae7767ededea567e83e,29ff34cee4d4029ed5d74a65efc0ba051088c231cfab729097bf9219c826c09b,aca469571265b4dfcce4772babe3943ddc48c7c604c2d4acb24b3d976915ca9b,test
/content/section_01_workspace/data/raw/spamassassin/spam/00398.1939605e3c713ff2ef852b1fbf10b0bb,1,537c49508cb309274966afa06d953aca9e365577e305acbb8e2b74d29581a2c0,4727068caa2245b59741aca1ac7d404c9dea6593935edf429cd1e340fb19d951,b040a1aff68cf4f0c704945af6ce4db949aca14445ebf920c3617c2203e17de2,test
/content/section_01_workspace/data/raw/spamassassin/easy_ham/02189.87c2e44a35ec0e62b20783d9a29d5c5e,0,434bb6bcd30c2409f47305d3edb4806e6a9031283ea426e8c0b5e40ee2f6acbc,11c72d4f6730102f5b7d0e5b366ef323a41f473f5729d78f882075cdeaa265a1,68f32114e487d269bd19685ff9535a6a36ac6c0463443f93a8fd44a087423bf2,test
/content/section_01_workspace/data/raw/spamassassin/spam/00268.9b64189b6da55d1e0a30026ca73eb0da,1,6c41d698fd4e752f444bbe2dcaeb3bacf834cb7cda06d020d71ca10c45624367,a8d5dad25fcc368e17984572e492df6d5659a02098311ea749df27bc98182af2,e765441144e756e59f2b7f375043ace1701fab0d042be9116c5773a07592cd46,test
/content/section_01_workspace/data/raw/spamassassin/easy_ham/01804.4a2382011fcfcff362ab880720012e74,0,41650dec3e0411a08e4d7b3108580b32dfe2abd0df4d462c858dcff1f3a34f0d,5b5d948807b572d994d18ac3de73f2633766452a7b7b583e3b58b73182d1eb23,6c09bfea09127ba8a4a57eb0ad531c4c70e0f4bdb3f5dd5b27b526aed2929bcd,test
/content/section_01_workspace/data/raw/spamassassin/spam/00438.41295e1df4b651b7611316331b8468e4,1,1046ad4a7525ba220127172a522686486cec097c048fc80fed328ead794e202d,71cf25a3c2eecccdcd9ffc85e6289a685dff2f780f839e21a22078f722e980da,7524a983fd2c72a3b1de960a4d4829b0322ecad4cb092910f3ed48227e2c0f2a,test
/content/section_01_workspace/data/raw/spamassassin/easy_ham/00687.a044e978152b1411bd3ea6ddc0f537b2,0,940647980f511b402248101aa8b0e6c2bf7a781c268468b646c32e2a2ca28af9,51a9188ceeea6d493d081cc8dc98079980b0088eaee5129a59357170ad657ce7,b3f1fbafc1335e9f7b058443023c08fe7317145cb23fbdb997cc781ca24f7b82,test
/content/section_01_workspace/data/raw/spamassassin/spam/00225.b1ca16fa2be1be1d68f5e3bf2603f3cb,1,612426eed887e2cfcd9efcc0aa84dc5ae0749129e759a1cb0d138af9851641ca,313d9f51e06e71b03237d581f2cc81b8644c9148b7322b30e694e3a88cca31a6,de80a45449188914a8ef4a008a0b68cc0938e45ca6b002caf4ca4293c75b61d2,test
/content/section_01_workspace/data/raw/spamassassin/easy_ham/01155.f0c05f9bee1162915522055b817f7a4f,0,3f6b1199cbe89a2d585e43605913aadd84b2d78f8fd9fb2d9dccd5493f793edf,fdf15bc7e822b892b584f70368482ce8393129e9ca1e3c009a41ed05bde91899,c2ce271ab5f3eb25c2b0c08503bf29f31ed0515677ce90e69f230ab5c5e46110,test
/content/section_01_workspace/data/raw/spamassassin/spam/00130.c8128e89eff5b0e61aa864ebfd96afba,1,849a8f29e01541e8abbc3ccefdbfe40542e1194df90b24d67ef55f313198f5fd,40b5e25a6f9b6f560ba1328cfe2b8241840aba5c8859aaa1fb4bfa34f4fb58de,50931149f074d7670a2c5587db93257755a23c5a9bf3f5ddfab502d9f647d786,test
/content/section_01_workspace/data/raw/spamassassin/easy_ham/00162.02738313b3d9cf5812167de5493c6852,0,09c229dcccf3465e1497edd0cc036e5b591c21a18e2893f40db0599f7b77b5e3,5f6cfdf86a7da3c7744e35f6cd6ed0df6b0fb76f3f40f5daba2a5aa5868b0ac5,bb111ad93b8e12e3f0ff802e9529f202c646e55d883f0132a58a2bb50b3420b8,test
/content/section_01_workspace/data/raw/spamassassin/easy_ham/01262.0c914a94f4d603363d76958a84c954ec,0,c1014d1c033124b3d011ae9246f918c22eab7084bb302d32d4b5fc852eaea46f,f90acf40bdc5ddc5bf0d3a46cce63031d277a1a0bcd0e5aea6bb02a4b86ea854,945533ff46f7fced8a8e41427bd85738fcab89a9ce5a553e752c8c5b9944aee5,test
/content/section_01_workspace/data/raw/spamassassin/easy_ham/02347.db1c7895dd0bb6691993728cbc54423e,0,ba3672b00d9bbc98782cc72fb332e2979af0f8e65ce532e45ca4cc0863466bc4,dfed9f0abda67a806ef3821cc39846b693f54ae149d44c42bfe054ef470a9d2c,c9794a91a693d3dd18cbbfdd44f5db501d60da3160da7ebab586fd186b25575c,test
/content/section_01_workspace/data/raw/spamassassin/spam/00304.ed5fbfc3e6f2be662f29f43f172a1fb3,1,120c319defd969907a88f57240f2e29039e801f80f7411e766ede0260872f839,bd6552e0874ae9753bb0081ac713f33d444ab30c27f4060b039bf7c108a28a3b,1be6708fca8fc209ea71b559c0287f0c3d1ee46a4e4178860f6631bca0e7763b,test
/content/section_01_workspace/data/raw/spamassassin/easy_ham/00566.4ce66e249726f98555ef3a7ba1f666d5,0,527046e20a946e503c04b61735d30e1d42d53d6d64de04c4b1da72a4e515379d,cbecfe9bbf91424387f9f2173c4ae3cd292fd2411bd37c20d59932b48cbfd04e,256f76e66c5581d67512f0a5f8d8dfe9278d9aff957bb9ef7150bd34436a2660,test
/content/section_01_workspace/data/raw/spamassassin/easy_ham/01141.4dcaffc342880fbdbace580e702a1385,0,a55f41c75ed3d761639e7f6876712882d157ccf6a3e07d3d4bff25552ac6b6f5,5ae4bb50158f66e0cb11b5b0cdddba7c7d5b63d7feb5f112c9496810213dad44,55371bcc26f917e6082bcb84445befba11000032a8dbaaecc8443b73156b2325,test
/content/section_01_workspace/data/raw/spamassassin/easy_ham/01374.5d5d21f3e389c6de699918082d008fac,0,c64dc02b100ccf73a14f392d3410d2b995da166dbac24b08ac436204abe54b37,a9adb91c84be37976b365ea455acce8867e587dcdf2fc39bc0664843301d2fe0,e3dda4d954809e82bf61df11720dc7917552309dee0137b55bf69f1952f6a8ad,test
/content/section_01_workspace/data/raw/spamassassin/easy_ham/00820.13f6cb2d10777d8b8ff18399657607e8,0,08c428a2146c2e185472dfe080bf35a086849ef1127c8cec603c0fb08b081efa,9e7eb5517a4bb1e8a04b845a9ce02d086cbbc5d6e65c90471cf2c580553795c3,01e95906ab32ca2f08febba13651b9347579d6194e0288d1693221f639dbe7f4,test
/content/section_01_workspace/data/raw/spamassassin/spam/00108.ce25a55c6b4cc9bcd32ed090ee20785a,1,46a3712fcae9cf32a4e5b5d0f4802ae31d075eff6b59f28f7fd60ea9c5661d05,8ce119eaae69881be1d1aae811e97e716c7fdcd9cc6434cf8fed8e9e577ad283,26083b420f5ef5859f4c8b9dd8ca78240ab5471c55691228573013a392400e75,test
/content/section_01_workspace/data/raw/spamassassin/easy_ham/01575.9eec6737661d3d57e8b3ca91200d7ef7,0,101d99da625bb053352475f12ead5e066842384b9a1e44a6b60567767d3eeccc,f819217f8589a26703718fa34f22f687de346b71ada877f085db464e8276210b,6ea4d05979a6215218fb4f3da44c6f40c859e95c3b7cb77f695d5e542c0c6ea3,test
/content/section_01_workspace/data/raw/spamassassin/easy_ham/00541.cbdcefd1a6109b8f95e1c8dddfbd7bb2,0,8b3889a38c904991df7a51d77106cf9d99f5c469d8d3b0c1fa87a9b968437067,53b857bbf66ec8bfc1b8cdd69e3867b7c4acf386ca3d130898aaae94dd4275bd,180b022decf973e55980ec91192c7373b31d5bc85a97af67b34a0ba1a3d4c6b9,test
/content/section_01_workspace/data/raw/spamassassin/easy_ham/00773.d8b19e7b6c9a53f4f37242b3f1ca1276,0,ba3f4de0d318b257d2fe571bcee90fe25a968ff6b1993f9966eeec8618f71d86,81e98bde084a39ae65bfcb149cf190b1de72eb0a4e161782fcfe36b9fc92e1c7,7b1ec62aa25fd3430070939babed15e3e7c24625fee47dab34e7b4bf02459b8c,test
/content/section_01_workspace/data/raw/spamassassin/easy_ham/01021.3fc1c0955f38f5873882a577f00a5f2c,0,95b65d0b05eccecc16e8015a1e4eda899845f2c9d8bf95a7c0fc41b8cc62b487,61dd1e4e883d1bb561f2c1a25f4a860b36d74cb77bc91b584fb4d6d6c6854426,1b95952c08874f25a7d9e90909562509d97eec65941f08e7844abcdb194d9ea8,test
/content/section_01_workspace/data/raw/spamassassin/easy_ham/02067.4d2f2b0ae64c68570f08423ed43ce845,0,f226540c4a23954ebc108eae79f76fd3bd51f4cd34d2665b0be1a1a9e29768c6,c8eb7762cfad4372cbe85edf510b5d657c5cbab6da81694df0e2f4b56179b61d,64872b333d6fbc884a8f72aad05f567d370341d20b621e664bec3ee10506860b,test
/content/section_01_workspace/data/raw/spamassassin/easy_ham/01189.cca889df55c39eb86b57501a014c3e59,0,d9bb727fdc52efa9e0f5012d469718c4895ea4c354d7889a63daa48bcedb3195,3e28cff0a52c23fa868a28fa7f85a00a465de70536084b2e647a4ed7fe43f68e,52770bae73c4b55f5b444b66b4d797f5944154a18ad00653bd761df2d0a0b1b4,test
/content/section_01_workspace/data/raw/spamassassin/easy_ham/01064.9f4fc60b4e27bba3561e322c82d5f7ff,0,16f8838eca52057cfe82365bd8febffe2474aaf8f0b0069e242d0b74a1fcac38,8d215b193f9cbec847646e4dd599780714f0dece68291302d1161af273704a76,8b4b59e6f9cfb6c7a109e7f0bde215cef54aa2aae6e49e24bacb60aea0b36789,test
/content/section_01_workspace/data/raw/spamassassin/easy_ham/02432.529ee53cd95ce5c419495625a6727f1e,0,e7d0cae71529c0544cf4cce2450930fcd6718a16364c8b2694d632c956775c97,35e687bf09500112e4b4afc35efe606d1946f517a92ddb00378b3ff7d73ee351,0629a973e906c487beddb26b5028439866bbf61c7ca95877dbc9c167f4fb7bf8,test
/content/section_01_workspace/data/raw/spamassassin/easy_ham/00372.caa02bf9e0bbd7643dbe83fbac984003,0,91b9cfaf855b6b0e1205eda130edf5f624f14c9333b2a95f221ac55519d7857e,bd48ddfabe95f8e7a40d12ab26b75cd08d36af3bc628c124b85a4577fe25c64b,7b04a81a0652aa52bde476f116a3f483249e52c3b9b6c020a247edc6171368c9,test
/content/section_01_workspace/data/raw/spamassassin/easy_ham/00131.0884e29887b7378ca04f4defe0a069e0,0,2ebfe49b6782ddbb60acb631764ae5d22149ad51c56956867f8290ed63f10b3e,bf48c855e103dd6be89c30384d42c9abb5f876a38df18474c0726a3fdeab55b1,7a321db1e357c0a0d783c65f810fd0cbc24dcfbf4017029e645684de8d0027f6,test
/content/section_01_workspace/data/raw/spamassassin/easy_ham/00403.bda6864694236a9ec97714233b831c31,0,2377f2161732fba5859027e9e15aaf5c2987a7a310c2d44a15737715a35b2a80,e51321081bcf0c1e3585ac379056021ce571cfb420b307980709deefeecd160a,4925dca4dac63afaf80bec159856e591f9f7d9ecd5f96cd667d190c54f82b63b,test
/content/section_01_workspace/data/raw/spamassassin/easy_ham/01668.8880ac0caa45450bea484d7e9cafdece,0,ae6d804d9bff9e78b521003275b629851d4b9da7f79123b2b00b7ced37d3b73a,55fba4841d065eddc2b150c7c4d15734b0585d3698a13eb7ed2154de108ab062,366491cc22805b6defea4835b959f0138f956dbb0a22d0dce19fe4f193666852,test
/content/section_01_workspace/data/raw/spamassassin/easy_ham/02085.fff553bbd7afbe7514d53ee72c3a0f96,0,f34c179d96e9ab74a41e39c2aa56e8287ad5e609b607f01ba3570db2a11b262b,581ccc73b41e4e8272be27baa120d5a788bcb29355f72ce47e5d0b6f31f2faea,6a7218be62302cb3e7afde426cbc3ced2f1b2e5dc6944f32d1e40bce4049bd97,test
/content/section_01_workspace/data/raw/spamassassin/spam/00146.e9b64856c0cd982a64f47c9ab9084287,1,1a804b5b4f678e77e271aea2373aab8481f02b7a1b60e7232d576cf9623e5753,31ae97747b593ec4059fd37f0156f408c200a0a33ab36d614697b9dca82e0f8f,d8561a663cff9374f923502a635a6244a350f1ef361fc88d0e99e4469d85c678,test
/content/section_01_workspace/data/raw/spamassassin/easy_ham/01248.cd8df6fde5910535d604ad30d0fd872c,0,18dfcd3fce4b98d8015177ecbd92ba560375537784736e531b30ff48aad84961,abf6264a7fcb889b1c61e244dcfeb9d416d95b886e0e3d7afef5832a3d99b29c,dc15499396b4536b5138ced52483c771258cdd4b3f8bd4ab5c4865f07edf8832,test
/content/section_01_workspace/data/raw/spamassassin/easy_ham/02281.0c788946658a7633490bd31043cc513e,0,567d14f25684cee24ecdb60af3cd066d5db2fa7edc5c21800a04bba053251ab5,c1409b6a77f951e6a60d981107a627d50ab0e8adc04e16a0f4c86440556e52dd,14496d1ac93a4613eae9d4f904ab4506c7a44dacd6c82b6b29ae417114da7b57,test
/content/section_01_workspace/data/raw/spamassassin/easy_ham/02399.80c1a552b08b3c77ded87e0b3de97c8e,0,fbc972f29e92327701f55aebbe057fcf3f4874927f0ded144df613f782e4f3b6,3b6ef45133fcb029a2f39f250ac5f26b960acc2f73accfc8e029f4a65765dea5,9b59e99ac7995e24d8e042272a32771f7e67e9becd0e128caf0cca214299e961,test
/content/section_01_workspace/data/raw/spamassassin/spam/00171.08c5c55e9c2b4062344655e9ee32b979,1,9bb02f8a22b63b600422b12fb3e50ffe276bcfafa11a1d4b93463f350ab401bd,983ee449ea68036b16c5b89c9cf3db2033983a3899d24809fd6535ba3cabd674,035d97a1e88696883ef5dfc77773a96b7fc1dd0330fbf764137041a569747c0b,test
/content/section_01_workspace/data/raw/spamassassin/spam/00079.cc3fa7d977a44a09d450dde5db161c37,1,27bcc632c0a2fc7867b5270bfb4e7f9884a960423fb1010adf414184e01410b4,676a6114a0ec3ffcc10654eb1392688361f392a2f11e4f40fcf06ef52b0232b3,d7aedf0e73c5a57c05efc11d99d06c543ecb2f0525aff48c57ede90897a2166b,test
/content/section_01_workspace/data/raw/spamassassin/easy_ham/02297.a0f08a4cc518d9c666dffef38f4b3076,0,f78dedd334aea5cae35df39ea6b17649f669b772e496a37a166f032efc2064a3,66eff9ff31403dd2f8a679b7bca496f3ee9fc4abd500c95c00677580fd40e33e,57cff0fa649952c07e50c1761ee933e6f6a9b254c169372561baf52bafa5c73e,test
/content/section_01_workspace/data/raw/spamassassin/easy_ham/02308.0fa0a0b2d072a7d8f863c0fe5b34045e,0,5d6ee3e9a5a8f5c5d2d2b7c8baee719910a039125214f5b12780234bef4fb82b,24572c0bfdc95d0af6a82118c0512b245d0c2a782bbc4066edc6245b378fb201,c8a0bfe0dfe095e5f0853f4ddfc51809847e2e7ff1f3a2de31e9ed62b71c0953,test
/content/section_01_workspace/data/raw/spamassassin/easy_ham/00544.5a9365cf80100b89b50656045cb8b80c,0,5d2d21db0b15f7ff13048c865153169c8f71d7e5ad5c3ad5cbe0886527619016,9e72671dcd4ddf6f662cfe55a0f2b36c3514b7b7abc25333302719977be9066c,531946ba4af33d1e52e13127a9014b84cd5c709a2fab6afc10cda18537e04e9f,test
/content/section_01_workspace/data/raw/spamassassin/easy_ham/00463.4d93152b4c4c397486807b53501aed8b,0,43363d461f3850788fae21cc21c5c2140cf54bc1d894971eba41f4bf9addcd56,8af88de6a09e039f736c44efa1f061954373bcd5d670c844e7c4b7a1824707e2,55754d133b5738781666bc9892f6494a43baee102d2c1c2fc9633f34e15f22ba,test
/content/section_01_workspace/data/raw/spamassassin/spam/00394.cca39f925676ecca947eaed2b600fe70,1,4a3544d6b3368fab9373bd53bf45d956be4bfcac97572ed7935a15e26408cd93,6bb3e91af3dc3834b564aac34ab8960de874242c2d3c38ab0edf6e92bc47de17,573deebcf93a5ab2f715368f8750d3f44df2c1f8f2ba457d0542b6af2a8deead,test
/content/section_01_workspace/data/raw/spamassassin/easy_ham/00645.2d95a6a89614625aafb7b333e799e111,0,ab0775b8472487dc3d5a517114882680bac405f4bd0fface8a2beecdc0dc8479,7d9c7ccbb4b911fe257d276c9c1e86c6c8f983165da79d46b5909f547d2835af,38c203f128fc347bf137eac1c6727f76b14f80cfd38d6324f5136a0937b96df7,test
/content/section_01_workspace/data/raw/spamassassin/easy_ham/01811.e6ab34fdde98dbbb9beabd7cd99028d7,0,527f42cb5728f64b89d117a894c598da1e6879d32e61fd0bd98fa968af0c227c,fc1603c371d34549059252fdde664e4c2c495906bbc9e962185ca3fe0f213ca1,dfc5499ca5dc41626a41e8377ce6137a4e2e5e526ac8d494a3df8b6f2a530699,test
/content/section_01_workspace/data/raw/spamassassin/easy_ham/01074.8590d61ac0aeeadb58dc2f2ba776c406,0,f58319330bc4307ba9b294436532e5f612d0998ff7d8b72876604bb9c2aef2a3,813cc22739ee403c552d976b37959afdb36149cc871f4ca44563ee4966ed736d,344e2fa2aa0f057296b9bdfc72bc831e8ce404464b5e46231e00cc0c59935ba3,test
/content/section_01_workspace/data/raw/spamassassin/spam/00348.1948d1e6b724e8abf4b8f0fc024ac627,1,c41dbebbd3af8da0286919d544780223bdaa4ba2b328cd1356aa0c22d456cc93,7132f788f393c8c537528482ccdac4a15f60d201084f25060340899594a12ca7,7a8d1c90716c39226453cc60376c4297c46f56004c588b126f16dc31d181172b,test
/content/section_01_workspace/data/raw/spamassassin/spam/00271.85110ef4815c81ccea879857b0b062ed,1,04f1b94652c43e8d4503a8491ac6064af084d6765be2617463609ee35d6b01ac,309c6a34c23375956e90b976337f7baeaf1fb2164921708432c4ab6ff910407f,a251250068bf9b1ce08fe6fca7a271221ba24cefcf7600c2a85ac4dfdfb26794,test
/content/section_01_workspace/data/raw/spamassassin/easy_ham/00644.47e9eaa5c1cac5f991f30201ae7fda6e,0,b829769bc7bd074a6cf76031b893877113d741653a56a926f43b671b935221d6,18f585812f2e69723d1683aca1df0e24b95872168c918c568a7ddb4ce4d33a9c,f1b3f5758ea4b14decaea644413073fe591ad9cabc410c5cd3fde390dc2d695e,test
/content/section_01_workspace/data/raw/spamassassin/easy_ham/00590.3b596d6b2e6ad9b9f5cf3593a398260b,0,2bb620e1a008bbcc539d13ebc7e713e8f44ff346fd5308bd6955067da4e3cfa1,6c0cadf610e75d0368fa4820a611a56bf41c7d5244df7c4df8edb377a0e7f7ab,baaebbc03764b95b508d22b9dab35bf771dac28c38e4d009759730edc3f6c921,test
/content/section_01_workspace/data/raw/spamassassin/easy_ham/01600.2a010487f947580f4281abdb3afe5750,0,6ee14770a3f97084576d41346c7884206f47eb61411cbc0d78f1657d80be8b3d,2e0b2d1bac70ef407c3445358a6520a453b3dbf7ecafbf291d90d3e86f8e9996,a08da8e6148d881e434fde152d992494bcd5ca4ccf65a5020e67684e27bc4789,test
/content/section_01_workspace/data/raw/spamassassin/spam/00155.1c37ce73590cc67186717a491ed0db5f,1,e74e812874795bdace40351823fd3827f8ce9dc246a521b2fd10225abc751eab,292c888f701694f48b08e6b5bb9fb389a1c2887596baba1c44e1e4e72ab7cf95,a782c2a43c9c565fa353f73e54f59febde99ef7b584f42b5c906dcc0b84d87d2,test
/content/section_01_workspace/data/raw/spamassassin/easy_ham/02243.38fa5e851222887cd610d694989414d5,0,aae7d50c4c5693164e7637d0db1d9767dd7181fa63a6d0fa37023b5cf547fe68,0512eb33ca662b68fe75bae5e283cd148c730d54374e8ee945e4bae7f1702800,d5cfa66df63d5a0dae91901f4b74bfd62b4511a767d53ebf04a0ecaabb213e13,test
/content/section_01_workspace/data/raw/spamassassin/easy_ham/00842.85c0352fd0fd5ed7b6008fbe62b42bb2,0,0062bd836b2a0ec57427717a0687dbb01ff46564e1a861dde1155ba2f3df4506,37ec4d8481ebb3dbf15f00ae815b29e0339c150aa44b5e19ecdcb4afe151bb73,5fb314f559920a5d4078481dd5940d401d62652edf4dbe0b55ccfae56e123e8e,test
/content/section_01_workspace/data/raw/spamassassin/easy_ham/00020.d10651e31fcb92630c6229ec773cfe26,0,71cdb562e87b551c5c896d1f4558f6dff3e51251579093e9dfe02c1011e185e1,98f4c453956d122d1b410cd3b68051d117dfa8b57ffa57158271602bd7132e04,ff1ad0143604cfda013493f71555afbd18878ca4f763f0ce09762ec933afefdc,test
/content/section_01_workspace/data/raw/spamassassin/easy_ham/00960.c4805da3c25d516184adc9343144c909,0,2ff985dcb97e792977216ca883d3b3e368f4521ec638bd25f9f395bf2ed29f2a,fb3238c18b82c2e28b89ccdecdedf32cc18f5895476c2333c559015187caedc6,14792bb4b5f5e940f9f2bb7cd566a84c12f77d1b4922aae284d2ec1498bb303b,test
/content/section_01_workspace/data/raw/spamassassin/easy_ham/00985.e20b9f4f171d907fb8d8439584fe03b1,0,f7809a4d9b1e1a85ff2c4e4affb3c75d8e30051efc3a68467e88fa6ff4e44906,6e68b3ef1bd3f07927393432f35bf1b7095c1650062abced978a268c7f8d82f4,8723e284fd9b4ec8d0bf06ef0b5029440d4e0d44a456811638edc17c139b46b1,test
/content/section_01_workspace/data/raw/spamassassin/easy_ham/01763.33f1ae2bd826fe0fcee7fa711e6658a0,0,84bba238f29511c70fc0cbed28c3df675aec3dd66dbf2d9201d7b480dcded0e1,980fcbbc07d1a4df8d46f0d25c59f62ef3e0d68613ec12976bdb2cddd05a5457,482a9dc6b19544d14b571aaec54755e05868b2a09ed27356ddf924739551da3e,test
/content/section_01_workspace/data/raw/spamassassin/easy_ham/01594.9e0ea187c7d58d78b9c2a00ecbb57e70,0,e96ff45abfbd4877ce76e2e9415f2481d34701871a84ddc01f773ce6544a9af8,abca3adc03f6e6e35190b8c29f719e718a3c967b029e8ce93d4e4f7dbcb1ac59,8d9f12209ebdf4e3795f2cd3126f715e4f0c3b3d028c730dd2212e354538bcc0,test
/content/section_01_workspace/data/raw/spamassassin/easy_ham/00254.84ee8f124a5dbb36412c2e2d5cca3095,0,b19a8808d16233f8dacd2be0a9228883b08bd8f10b151d30fb24e71398c606d4,dba749dce4022cd36ef950d019a131adab28d90f814ea6523b98b5ee0132fac2,1737bf63da96f5f9001765a29dfe731ea5f077a3aee1c3c86a7678ebd680ceee,test
/content/section_01_workspace/data/raw/spamassassin/easy_ham/02255.0c14a8144617b63d1f36d8e2b66f392d,0,ca02781536c467a67d34f788d0f19938f9c0ceeb9b5c5eb79bbbac5996b7f4ce,ecc5944a4f1b98fb95873fb79ac2cf35b9e652bd43b0ea5141b4ab3d99b8763b,8c23043ad0f13f95eb40d1ebe8603aad4b9c504afca4fe34580931d6d6bc1cb2,test
/content/section_01_workspace/data/raw/spamassassin/easy_ham/02440.cab44b8904a9df823667f58f5a018d85,0,af3ac79f21091aba93071cf8e305dcc2326923f6386cbfcd33e62d88e8396484,3230a33e782c0587c9dd5b06a102c85f5ce8e3dfca5368d4debd7f19f87c73d2,3dff80449611d58f40ff37eae91227c22f570d03f624fcb5f42dc32a4a3ceab3,test
/content/section_01_workspace/data/raw/spamassassin/easy_ham/01700.03a577fc11e0a5121098e0dc83c97d6c,0,de2ca27035bd1f88b6b07759ebd34e6b32db3bbfd8102d04b0ba3874529bfa14,5984dbd5ce18e530696d0af3e462bda194fc7a8ef5c9f85136053ee45550480f,ae852dd0c7629fb58dd35b3d86dd379a412a53c6e828206da9e10da117cd9f9b,test
/content/section_01_workspace/data/raw/spamassassin/easy_ham/01712.c20d5899b4b27415389a10cd4f400019,0,849b3a42178af4b9ec3aec1ac70621e284753f4c9a8276912c39cedaca24a0b5,1ec368dd601de2b1d73799163a1b3dd9fa63504bddfcd2b126e590f8d34eb8ad,65d9487b30fb10eb26bb352a420a29dbc6fb1fb37bbe5178c214a9e8246d5111,test
/content/section_01_workspace/data/raw/spamassassin/easy_ham/01962.0d30a20c3c442d13266e8818fdbc2e40,0,358775454c90ab47ea139d6f519ef8e9ac0e2af10ccadda029900170b66e6e00,9593a42f8192279787067156940d91d036842976b9362686397f9f64e29185af,f2876869c38cd2838c2bf09a594d99db68b27ad23732f6ae24ecb34560bb4374,test
/content/section_01_workspace/data/raw/spamassassin/easy_ham/01167.6c1a9d12bb40059b2b3aba3d1c5c0f3c,0,bccb7c69dbc7d30534dcf9d1eac32ce4a79e3395acd368fcce3fed3f32b66d4b,08a185fc3acfc42f1f00afc40b7494a40a141e722248a10b1b1e4860a867cdaf,d202609b2b52976c10fd32410eb43ae1a92488fbb41b5c7c465186ad3ea7bc24,test
/content/section_01_workspace/data/raw/spamassassin/easy_ham/01420.4ee4b7db2ca10b3f5ec512d26bf8b3f9,0,cd12fa9ed3927bd3c42122a0092e722460b58e4f18e7a7895f16925314719a67,39b32dc7ea186df96b2ae20b97dfca476df3503c8fa5f01c9e30ca00aa1ec7ed,07c7c939edc48e53c7ebce86f843a6e3d2ffbfdec6ea34b2934523b21c8a96aa,test
/content/section_01_workspace/data/raw/spamassassin/easy_ham/00226.b629152d594cf90a252b1f45dce90a65,0,528db4eb8879294fd3921bf59e0ca6039225f637f53dbcd4b2e118a69b9833b0,6374afba8c2ed8c5146469bed4a91e8dfbd362f1a27f515a7752fcf507860a07,8bbe0c96596a26077052c68ceaff695ee1b18cebcf364811357fe3a37cffb4df,test
/content/section_01_workspace/data/raw/spamassassin/spam/00283.e8e42ee52f919afd2a453983f1256b1d,1,00492b768a186d17381d5f5b5f35a4f3a398d6cad4ac921270a14f481fe99833,8e742224069001aeeef018914d94d58747820e296af288701afb411900cc41b7,bd64934728e3fcc14bf699263963a7417b668c6d875e3d5a7836b4a39f43e28a,test
/content/section_01_workspace/data/raw/spamassassin/easy_ham/02330.5c2ab6791a51f161fd09d889ad5144f3,0,b7bf0f1cfc0fa37ff509c81380e8307c2a894aae15e8b2d5e42b5943102327c7,a33f48f3420927b68c800acdae89c9c36cf445eecd7ca9137223661bbabe0063,521093577444c5900b6859a0b11a14122925798f0522f357de1cf1b0499be5b9,test
/content/section_01_workspace/data/raw/spamassassin/easy_ham/02354.3be731874b373f98e66b3254f75a30b6,0,e3741f7d0dc64e7297b6e0c2f5598af09b7051a7a7afe198fcf2a5acfa825a50,37ba176b54c9b3f6015d57bc6bd38641be5cb0939a1d29b00daa30ae25baa7b8,4384bdef9609121d16376d36b7c245c72cda0a17f6b192b77f7477d76022c38b,test
/content/section_01_workspace/data/raw/spamassassin/spam/00144.4eeba2f228a8658e0d2e3a64764f4f31,1,5e5ac3c905f9452754d826d20bdb046f411fde66b28b291e1c1d2f0b9038b963,c5f4d63d2bcba34edf4b9af2d4a340edce317b1de541bedad452226d05276745,48379339809fe0c061f249b337d421d7c3c3d3c838ac31acc540d2ca7bbb9b38,test
/content/section_01_workspace/data/raw/spamassassin/easy_ham/00751.1e509bcc1e777532f90081474defea62,0,49e5fb84b695ba4ff7f773fff6da5d758577e22025338012522b587123c5fb39,270fb82ab41cd374bc060d00bb1659f398a51300b789601e4d67e2c72e522834,5fbcbf3c67105996cb4b103e10ac6e3741f205c74677f5c5dd22137bf58484e6,test
/content/section_01_workspace/data/raw/spamassassin/easy_ham/00652.dde353b33fdd09f8daa33ffcdb016188,0,ecf364e2aae878d569f5048df356c8097cf7fa52f1da974e83296fd7c6768b0f,b9eba07ca97b58d6a7e938155924dbcb891ceae54c04a7e9f50f35b8218ef9bc,796c01d5c381c847d900a4114fdca328f12c31bd181271835473784a782592fe,test
/content/section_01_workspace/data/raw/spamassassin/easy_ham/01439.6a7c45811ec7605d19d385f32cbee42d,0,306e1c9ead46512c7ac275a4030f16c57434433a50e69495825355181e7f5372,8f772bc86cde8474ca943cd3ebe0a3af81eec16323d6698cd07d6b1f67ca98b3,2fd2a57e644ffb5ecd69312a4c8a7426e21c9338928e4e93dda1bf50b15d9158,test
/content/section_01_workspace/data/raw/spamassassin/easy_ham/02314.608313fbd690f2d120b68c894333a134,0,b2e6cd4c0b88024b2f90ea3fb3a27a35f77276cda28fd275ac667a4764c3f167,5ea25ace7b9ee14f52c61b29508a5107c3e7dcada1e6eb0d79b87717b459f26b,d72bd12fd6b07fed6c470c691f74fc5717ea0871b2b28aadff6496996c7753bb,test
/content/section_01_workspace/data/raw/spamassassin/easy_ham/02366.27ba8f494336f24905ffd95e1b139438,0,de242a9e9f44b7bf50812b47386e62766aa4618fb5d056e409d628581953c4d3,e035614b9028e08367a8e9b6abad63e213aee0ae1668ab44dbd050fa23e7a1bd,4665819d7cbfbe9e3d4b5aae0a370e75e0ab85ee4967736a60f5007b05dd2092,test
/content/section_01_workspace/data/raw/spamassassin/easy_ham/00612.97d0559a45fd4630e954b8687dfff55a,0,89b44da5de02e487313672e57f5281556e36aab91ed02f237becb12e5c342a52,2964528bd42de7feafed5757c37fe08b25e35463a7652abeda910ffcf7771de8,955fd35d58954a95fc42a60e824ff56c58c66226d9a3725ab174ce41dce82263,test
/content/section_01_workspace/data/raw/spamassassin/easy_ham/00017.08ef2d89f14cf7e2a458b80697eb1837,0,3538efea8245ec0ce2bdaac90b9300303dd488002bc82e94c1df5ffa19ec5b6e,c45ebb41401cf190a2ccbaa0d116a9c8b349e99bc3ab4b37a7efa8ae0ca3c834,e2d3d1ff5fea6a2d7a16dd5c2e9a18613408aa729f772bd7b88f47d3bb536f49,test
/content/section_01_workspace/data/raw/spamassassin/easy_ham/01533.9043f31a8168ff0742a99269f4628d2a,0,17a6bf845cf8d919d821dbb30b6cfd20fa3257a580ad60a54ef1ae068cf21343,5d0417f24386bb03393c9bea78cd9537f240666ce5819ad2917881eb9b256bb5,b5c9a6cf4af141a949a49780c20ee67dc76ae08dcefa881d932e0f03ae4db543,test
/content/section_01_workspace/data/raw/spamassassin/easy_ham/00573.f36b8bb4af93f6b0736e7475eb6cbcba,0,7fb72a51d0ae0fbf672c96281c2eb4c44af1c745d35d4bc53fa90609975ecd1b,0c00a9447e2101269de6ab1c8c7f56534810e25ccba31a870812222f76be9d7d,af5c58c9a8223007ed8baa54276b75fa984badea03047c0d47a2296090a14c62,test
/content/section_01_workspace/data/raw/spamassassin/easy_ham/01305.2c525c3b4e9d21a1af3534d1a059cfaf,0,ff179c94a6f203f34d1ea797f7c1e216c58be237c05c515cc3dca4715d5d210a,fa5b7e5b460f1d917e6897b2b78550619e2f087274c72d8e2e4c61259f9c1cf1,e0e6ac31b59b14d50c5b590df3b7dacfa305fd4f6cc6b2c7a6050aee83248567,test
/content/section_01_workspace/data/raw/spamassassin/easy_ham/00002.9c4069e25e1ef370c078db7ee85ff9ac,0,9f8b61b0348d4312f1c3c130940d7695fa69a3e9ff9bcf21121f23403e3482cb,8c4321f2fa9f788de210f5efce9b76e631e0001d036dc2fa2bf0d835e647c920,a476fefece4ef207ec8ab39babde542137f025598350a9c10093cb09242df4d6,test
/content/section_01_workspace/data/raw/spamassassin/easy_ham/00783.14a724489223eda0063e308c6914ee38,0,44b818958250a3caccf07ce74778353bb76e3f501b03d06980ea643117bcba4d,51bbc3c65deb07ce2f13f8de962ae05a150b3fd9230ed34e1974e0e6e32607cb,0eb1eaecfe26da51e980d2d82234c84099c60278f75e7d4e49332c25c3a14b6e,test
/content/section_01_workspace/data/raw/spamassassin/easy_ham/00868.f6059340a945c22b175f306ee79e674e,0,dc210e2e7e57945a3fd2327672d219b719aa70623fd82c0936f778a890bb2d41,416ecbecf2e07b83dc39af6d7f336355a461f35c7193008e7aa1e1926dceac2e,8d1d5697b9c97eae99980771b91802f4d44340faeaafcb6f8d391d6110d76db3,test
/content/section_01_workspace/data/raw/spamassassin/easy_ham/01849.d52088ef45a2453969e563a04df1e1e4,0,2e824fcdebd0b775740aad9f5ef7f0d40560943ac2bc0f8453d3fd6b1de54bf2,cfd02ac483d791653cf79959ab1647b29d40a849fc3d1c6d38b5de453882ffaa,50446f125e7acd27ef6ae4521fec76caf5eae57dcb4c216bdfc7d4f1368b06a5,test
/content/section_01_workspace/data/raw/spamassassin/easy_ham/00269.b2b5cff76f0c1d2811d88cdfc81a2b4a,0,31dbeec05bd5991e76fdb1f81ff1ccd74d086aea389ab4605277b49309850185,07ad7f142210b36c450d634ad7347e4f3160d3a71f781b07a1e23a880c518d52,7ac7274c0773daacb29215ea87a114ce46546362fd0960b1db43116344c2f316,test
/content/section_01_workspace/data/raw/spamassassin/easy_ham/02430.785209e091fddfe4bce68a4bd348f088,0,bd5c1d6f9446cd8dde3686fbd2c582a3c588f102bff6de2ab71d450406bd2e47,cf359024f632e8e774ccd2ec30b03c015101d762b07732577e80df8e9a6d7d1b,9193b6812d4c986f33c20e34098e159767aa33266ee360cb5e78038281c043c0,test
/content/section_01_workspace/data/raw/spamassassin/easy_ham/00406.fe97503539c60ff6814fa2fadf1aa630,0,1a0825ae3c73fdd64302387feba36824af818dcfaf78e0f649a2f72adc710ad2,f8a38f1759c90dfb937ac94188e0d78bd8e272dfc6b8bc23c6f82445c4aa1c93,1c4aad43b1eb847dd245e72d226a4d0c648209360a54acbcb28d68e6de8d172b,test
/content/section_01_workspace/data/raw/spamassassin/easy_ham/01033.d64406df785dc24169d6026c61287e08,0,f45556ff0b1bb34f42e35933e06aba2aa37bf89ba890c65613ac459ebbc935a7,88a3505d4ffe3cee6fcb8bc02ec5b397b86fa35b5babf4a870a6e92905ab1376,4a5751077ee9286c42e712cfb19658a901a97472d58b275f792c59d4b7123b95,test
/content/section_01_workspace/data/raw/spamassassin/easy_ham/01913.2a83ce1d003b4e136cc6a4f35cb09b50,0,6b95efde5f2668c145f95eb9700228680522ace2b06d9e7a6b6b53f5b2ca1546,1d39cbdaa39abe9310a7d7f2337929a23937f3bfeb19b62bf8934439d6fa9a64,204f88c9071ae933f59463d7c66f56e4dd25642c724ce33298141ba074a7612a,test
/content/section_01_workspace/data/raw/spamassassin/easy_ham/02392.5cfa16e5b6c7712e109a845b8fed4949,0,d9321e78f40ec7fce47ba5f3aab96875274eb00a2d74cb4c73d86d6a92d1009f,5d283a3883d93723919a8d18e8ce6d54b705eac0700a50f5e84b29541173e578,98e144f1fa12366d1872f038e7fb58b65af8ff2bb6622b56e9fbdc284f421fec,test
/content/section_01_workspace/data/raw/spamassassin/spam/00426.36b36cbe96efe9001c4d80363ea7ed4e,1,391f94cbf8814171cf406dd2aa8edb8ecde454655e0c60c8f173d7582b803d7e,6dd6dabac9d361c5296a657b36924ce021b83b941d1bc036ece32a1248cc993f,844df7a0665532036bf80844c167350c77789ac4d57126153d284caef5c6876c,test
/content/section_01_workspace/data/raw/spamassassin/easy_ham/01450.b1d4f6eb3023d388319422cec20d1b0d,0,a184b2b64d64d9f7fa591441a2a38b6c7e1e75f48b3a9356595d9066b1579249,e29c7538bfd40d18c5977dcae0afa689fbc83364a6e82c070d9ba9988bfdf2d2,3a1b5d6e68bb8faf6cbd8efc06e084db1cde348c67f48e59a7c583d644cccafc,test
/content/section_01_workspace/data/raw/spamassassin/easy_ham/01636.07c82f37d072bce96820af0bbef80eff,0,235614e44993cc8712dc2c08cba9fa994da4a4f81028020838774e8d73b4e65a,77caf369f3e2a58d755433f38df903f2181b08859b358fb44e67853e76791f15,b659380f1f9c9f5cf255ea5fc8eb9963a6e56fb6b645f11cb4260e0525a31c30,test
/content/section_01_workspace/data/raw/spamassassin/easy_ham/02198.c08bebb7e1d24a5175846ab55fa47fd3,0,46f78f102c645d8b977354a47f66d0501cf21c1531eff4a068237794afffab9d,f312493ca80a866b75b085c515e52ae99d494a60e07376f0be335e5a347f22ce,8e9ee9aeec8e961f7a8b7251e8208776157b380deff4f1fd84d92e20796968e8,test
/content/section_01_workspace/data/raw/spamassassin/easy_ham/01824.6d42c63b158791596bce94b47b076b66,0,2a936a0a8edeb6e2c09065f4fbd649908790c30c77bcb29dd8b1c814f929ba8d,baca56094a604e48ad5dc39a046094c53718ac6964264de96b81db4a7a8a2d7a,c9c495ddf18ca0e91470f082c84f28a7b3019c235860d37df3e844547826f3a2,test
/content/section_01_workspace/data/raw/spamassassin/easy_ham/01683.59383d91430d9cb58e7d0aa4e25b1320,0,5a5d48920c39e4d5db6027d6149573e2420a34e191d4fa3533016cfb3bf8c57d,9fa6af55d5ac5edc5791342984893ca3652555cb944c215b75f58335279d9ec2,8415aa232531bb8b399a58043e07b7ada677181a84c83ee8df3079db691fe21b,test
/content/section_01_workspace/data/raw/spamassassin/easy_ham/02094.52be9f01821142f5765e27d7da4d98c2,0,9bb64fa8bd0e37bdc7a61b4466e546a6ad4bc75d309e3c363f490b7543db9356,6761ae229a256c8bc8e3eeb4ab9b94cf38f029a64483b9cb2e1b53062d402829,65e2f496d7896d78290098d40622c197b9eb96721ff1942649cffd3c45cedc01,test
/content/section_01_workspace/data/raw/spamassassin/easy_ham/01299.3d97e3706e7d000ee12fb9e2a5947ed5,0,27eb463d562b942a654b902f932ce740c72efad444622d65fcb40bbf011b1a44,b09bc6bd4fb742e5a85ca104fd8a48222b10c2219b1270a868da3ccee4260b8c,d2080943d0c9543b872258809e6b595e1646a7e48813cde03f2323cd81e0e37f,test
/content/section_01_workspace/data/raw/spamassassin/easy_ham/02228.af711080d4eb57589dbdae3ebb10cd83,0,d69d76637cb7aa5ad06a64d2254a98f327fd297069c6b8b07c31d3dd3f2c79b6,713c9597e110905b40740a2e9e5b65cd7a5e4ca43c5b63144eb4a53070a91416,a601d2d1709511ef72a9ffe12c3f710b6a1908c2a6cada9acc8e8ec7e080db2c,test
/content/section_01_workspace/data/raw/spamassassin/easy_ham/02307.d9d5e8536e4c12d3571e099f5fec2d07,0,cf6049755d0fd6af1c1d01f93e618992cee95d0958301ac1a2ad5fd1113d6c86,021a8bd9c9dabda1a572d8b5ea6e8df66560e167d5d843e008b49673a2c18450,6494463c32c6a612ab34fdd27af7d115d7cf7af64d2aa5ef37ff56a34c0b7240,test
/content/section_01_workspace/data/raw/spamassassin/easy_ham/00662.020708cee6e991e3c3a58aa83df7f8d0,0,be59c67f217455fdfba50765104c7893b3bf4b7d28ea0bc092ee67bd1c9745e5,7166ab6a7ac31f7689b0fff355a127f1a6f07bd405519512f8bf70f6deb8c496,c737bd02da785eeeff6a07f33585c9f7c8a12ccc95ab55bc12c32eede225dfaf,test
/content/section_01_workspace/data/raw/spamassassin/easy_ham/01532.9baef6f6223b67dc9a0354edabd518d7,0,11e6ea0fa04c8393ed8e33eae0c9a6439646c4095155924bb1518a76202a3ac4,b333555969cb074bfee285cf47e3881f51b1258fcad555be0d693dff1590de82,945935ec32def38f5bba209d0d2b53ba42627b9bdf0502c229fcae6a66d6092d,test
/content/section_01_workspace/data/raw/spamassassin/spam/00455.c48d026b0aae9a1a14e9ab1193a2a5f3,1,189c6c4d3a41ebf045b292baa06cc8891c31a2fae06f205eba0bfb717095d5c1,f41bef18728c5c87d429da47ae42c8cf2760a4e8822bb9cfb8ccd1097a995fd8,9741f441aa30e5ba9242575390165032d6989ec828f90ec830b440d627cb6373,test
/content/section_01_workspace/data/raw/spamassassin/easy_ham/01332.04432fe71e50fbd52f3d8811c1704df6,0,ff312ba410cc6e5c7a105d98e8c511dd2313915544520cea37c3333ab7c8b8ae,4d9ddc222f5ed084b16856fe4221f27e4074ec30b014998c6abe7899a4b40263,3a3ac323111cfdf12b631bbe4607828221fd42cc8530c9d229aee5863a03b182,test
/content/section_01_workspace/data/raw/spamassassin/spam/00281.db28f3aab77ff478279d8de20d572b42,1,86f6abc236aa147d57649475f7153fa84f98d0d3ed688baeb6a09a4003edbb94,40a54382269f8d29506755fc1c3172173525ea29653b15783eca506c185fec5c,1d51dfa99330335d10dda422f5834b0cbf1f792000aaf79aedb567aea5cbf16b,test
/content/section_01_workspace/data/raw/spamassassin/easy_ham/00965.5732172f491041028b563a9c919d9b4f,0,a5850ddc988ad20d6adca13aa80ab5fc7c74867fdc873940953e69d3e1088eae,8e04c0bbcca3c3e0f406f9afbee1040afd82f2c340a1c88fc4f49b04270b7f7e,afc9ed57f44febb6ba5893beeb31a0925876d9255589e025fa8c2de2c44ba5c9,test
/content/section_01_workspace/data/raw/spamassassin/easy_ham/00637.0f0bbdfd5cab1e45883719f70f691862,0,f7e0ef70499e1c50a5ed78e4eeff2632adf3077b76ce65a14fb7f0eb3840645d,63b0dbda289ee72b9fe84776a5726dd26a2ab8188d50f114e0b46ffb0aaab302,96e86162e19ea3b8e76a273c00bb24778e5037e053dc0242fa2f5a5d034ddff4,test
/content/section_01_workspace/data/raw/spamassassin/easy_ham/00120.4de6f88fbcb22a39a0498f84d9ce358b,0,697a328cdb9e4bb9678909c7a591f2097ee9f878a1199880bdc6d8a3124b4526,6b7edf8de7bb91083969889fbb563b39345bd7ffece38e67f44990d0493aa3cd,f8850db2aef4cfcf89c2bc5f6fa85a84426f056e8a28252da2178f008ca4994c,test
/content/section_01_workspace/data/raw/spamassassin/easy_ham/01134.ababef706c62d3b9efd341c1ee763c85,0,3ea2e8a054a50c532ffb9d692d3586f5c6afcfb79ea4db4a3926188303745d17,6e03fa48a5cc3aa9a79b8489963e74636fde2bece269c658f5be9faf1ae5475b,370357bf158f60b2a3c1a81a7c80eb0960376c416e8a1381e80dd2ae318d4d16,test
/content/section_01_workspace/data/raw/spamassassin/easy_ham/02398.799b8be8a8ee865c6dfd22989e77a7c0,0,9a8ebda1b8ba27275273318560d32ae8160b71667a919b028d4565135b187e48,95a936cca79ed991c359f3ca8bd447639c63fd4aafadcbc14c3df5e545c0fdde,24c802bed0ef0debb2b994e7c4708349df43b70b398675459cfab4b821964375,test
/content/section_01_workspace/data/raw/spamassassin/easy_ham/01171.bc028721505534967b4371da24b1e042,0,84971b2ed092140f6f9c5249116c4b21caa97d4c45dd4c7d1f609b59438b9a13,b9308a18d662d94ef11faf0202353978f9fd5648a1fe8984711613ff62cb73eb,d8e2ed6e25adde186907eeea3455f17f3852072bebc44723d9465cb4561b7a26,test
/content/section_01_workspace/data/raw/spamassassin/easy_ham/00865.ffa802dadbaca77b74f05cc1c23c30bd,0,50e0b25fc438521f52000bdbba4c2484639a2603664283120987c3d90885d3d4,dbcd8aa5ef3dbbf741560f7b36427e5d06dfbe96430d4035f1dd349d0d45f4ed,c892b14e7f68408113ab46896c5c473c7572cecc5728b097828b145a8efa2d31,test
/content/section_01_workspace/data/raw/spamassassin/easy_ham/01690.c20b0ff2930d9b36d7aa70e54939d12c,0,8e06eb4f88e6cf6420abdd7705c155e39c0a159a7a7fe8b05ac42bd11c2ea16a,08df7f39475a00465377dafe60d7312cc2c71a5692ba0be0bc76fc638e8c5482,ea942db4559c1a7c8495e817dad862b117112719fc59962ed3433abcece731af,test
/content/section_01_workspace/data/raw/spamassassin/easy_ham/00455.d88c833e795f29473c862b4e4a43ac20,0,353459c0081b107eabe48e69d1baf1acf4c7ecadeb611bfbd030cb70557fe591,1ab0dfb637921565315dfa11c82935b2d77db482f4d80fcaf7b8db914e37031a,21bc8e18321eb08063da4580ece7138fa207f8cb565eecb4300ff33a527d3b67,test
/content/section_01_workspace/data/raw/spamassassin/easy_ham/02211.06ce65e84569f2a40763e9c9ac2ee6cc,0,68c624ddb1bb86d432c59282d578724ee46daffb7c46d835f5b6a96826c4f54a,d9858e16dcd6457a8708ad584a181f775b457ceab99d09c7727423e1947f5ea0,c2565e9bd5eb33e45b21ad46afa1b12ab8fa57fb5c70a1e089aa303b4ff99fbe,test
/content/section_01_workspace/data/raw/spamassassin/easy_ham/01687.305d7c2b4c83864ca868937855ad1b27,0,6fa17f826b53620a1913759a4be1c25e758b16ff1a9dc9671f0e58f77ba3b975,2ffab843b712176234b04b8c65efc65161b2a42f4f0988665e8c8cc201941cce,c87bb34b898c7bfe762efd2938c3aac5cec22ef086cf878eed39956a52ddf190,test
/content/section_01_workspace/data/raw/spamassassin/easy_ham/01135.d8ebf01721cded4695ffc8ae22b79caa,0,ee27b1c2b623891c0989b1e09b0080fefd7538a433c9d70e45424ad7b3cf1b6d,8a2c7033735314f5d7119ead7fdaec9cfdc19f810b5f53b0498083ef78510e1e,f3550a842e46b754c1ff090633addbe817a0f35daf55c638dd2c815d2500f3c7,test
/content/section_01_workspace/data/raw/spamassassin/spam/00331.a61788d316e7393c8bbf8ee19b24c713,1,6f76ab7781c27a34bd0d615478de6904200e717262c38fd71c0150dd706bcd7f,f5a6273819dc5fe087831780b7c69fa0ac7520d52b6a6a087a9dccbf9c2aca03,7bf8a81cf2e98ba731983568379763887dd7b88f6dd4428d2f1206738962e630,test
/content/section_01_workspace/data/raw/spamassassin/easy_ham/00925.f32ef12bc4c8a7f4831cdfecd3b743e5,0,308c96594b0e10f0831a63630f9d27b2e48526d99225df849f52c4167dafcd4f,5576f37fb6768bc25ae9b7f88be04d579382fd0feae62e69da66da3ae9a2cb1f,f1528f86e6a2af61f8762cb4ebce21fe06161c46bb77692d6f80d8f7875f6be5,test
/content/section_01_workspace/data/raw/spamassassin/easy_ham/00402.8e937401f8a8a7a1c7661e076f96cd55,0,9b184b425c1092495bebc5536361f41ad0bfa1d0cb85492aa5d0f47610f13b7c,e310be686cca9771aa98057ac8a2811673d9bd92b46cc76ba8c3d970e0ba33b8,aaba2529e4e37f6c6ec77d27cb17b6b637ba9904007044fe7197d04f624cbe48,test
/content/section_01_workspace/data/raw/spamassassin/easy_ham/00881.c1a373126fc964123ffbc018433b21d5,0,50139048e6f460d206480c26a9759c30d6894505ee20168a78a1c4e33affd001,420b914dfc13e114ab18ce04d2f0b410df04425511f4323913850ed54736b186,4cc152d381857c8b96393e311ebd8c86d78a1015aea1a9b476e23ee7c461a290,test
/content/section_01_workspace/data/raw/spamassassin/easy_ham/01539.1c647c2f17378d671f0b94c25767f708,0,28a4b5e72e718cf019aff3286891c05cff86dd79e5ccf329c58f9f8c1a34c9c8,ec67b5aa2797c488b35008b65c0669785f961cf852ea2e4c63a24eed7c6ba07b,d061d48892c833187acc38c9374d3b2763135c7f5f8178b77b08e4996de0bd45,test
/content/section_01_workspace/data/raw/spamassassin/easy_ham/01287.c8de1608b71977e5dd6b71da6a2019d7,0,588575b61b27f193f489b448c03e2770b9d378b7db63cec9b90dfea11c9a6da3,b8e197cc3f38ad28987bc885f1b7b202b0f8fb01b4c52c9516b7024e3a0c6098,ead6949e8f2128de9170e154f6a4161e023c8da64d496a50d6065dc81bd37da8,test
/content/section_01_workspace/data/raw/spamassassin/easy_ham/00491.c0d9405bdda12781f96bc37c00a382d9,0,7727defac7b8454adb466fbd11cb2f2585f523a822fe71666068fb44a174f91e,e850f4e118f0c686029d868aac34301805b2a69d595388f072b7d8e5fc281e6b,ca107d4dc0cc79a6fca24f1c42dd46016b34d30ee5582995d4ca3465ab55893c,test
/content/section_01_workspace/data/raw/spamassassin/easy_ham/01764.67be9637b8f7f4dd85f8a96b016a92ed,0,b66e6ec921814f3da71cc9f09e66d45b2ba6e4dbe4968fc3fc06be7dda45e14b,ec0d933cfadda5c4a0b0d50880792d77c949c6b639a24034093fa3f3af459c65,fc3655c4c916efdefe3978333f24b40e7e8e569131aa1c70b220865c2aa74535,test
/content/section_01_workspace/data/raw/spamassassin/spam/00010.445affef4c70feec58f9198cfbc22997,1,e3b1d98f7326578ec97e5576bc59ac469e07aa8441e134cd87f7037391e472aa,27b64285577aa0b11f8316678b88b051cc84c372949fcf01170fdbacaa3ae93b,04a6fb4a01fbb0259b6edb7c6acf1927b7f4c6f18a92f22f42d4c768d044cbfe,test
/content/section_01_workspace/data/raw/spamassassin/easy_ham/00789.87278efee0d73a7e902af35c49084230,0,aabc6723434ae290bd8ba941dbaa601b15ad0b210062f089790a603a5407f88b,29cb6affb7dbbbb5210686ed3d36055dad1f88473ce0ebf1e81b21aa0e7514c4,7080c711035e11ea97d3c3c26c2276b2a4f88327fe166a3efc8ab1bf89e9334f,test
/content/section_01_workspace/data/raw/spamassassin/easy_ham/01372.67735089b50706e59ad0573492fc9af2,0,74ffeb0a6a6a3053e42995ebd060396c5fb65ac51351872b52fd270e93665ba8,a690840a5e1c2912521b39cde50039bf099bb66d443c86e3a1877363e651eb9c,f46c4995b1849ecb33b6be7c24c06c5fc0e37d3ea736588915b306305c27c261,test
/content/section_01_workspace/data/raw/spamassassin/easy_ham/01144.b3cbc4db9d2eac4cd0bea04fd75fc859,0,fce6227f0384181f0f800cc7940516650c9c9e2b8e9d341199b11bfe9fc1ae2f,c9ec4875196c2ed1d5b5e2da3dd6af174437a7122896ed7894e0fda4ba8fc549,253d098c3b9a28e25bbabbb76ef651f7eab305e5c2c4516c8949142a8827ec1a,test
/content/section_01_workspace/data/raw/spamassassin/easy_ham/00627.fcd38764f184dd61db99e15081590e7c,0,3f23f55ea933fd32f667ac893ce4d34b3964eeb2bbe202719ec7aede3fde5dae,60eb210ae4400340718034bd53100d9307ae3932cbf91dce6fd1e6a0aef19d3a,8f6ea1ec55147b12e7471cd93b7abe5ad28d057ec7677f41ed6c785e10a58169,test
/content/section_01_workspace/data/raw/spamassassin/easy_ham/01792.d692d61a2055379dbe501674ecca6b58,0,4d05cf8a866d934224986bf5b68344ae6ee02518b6fc0ae38e0e5fd61c404787,dffd758c8f473eae7e7243b6f11ce4b433838dff68916e915516e357e4ce3779,ae27917811a541124fe5388726be17cc14c7e458e76966650b108e23369a45d3,test
/content/section_01_workspace/data/raw/spamassassin/easy_ham/01224.62979c059bdc69eae460be6a91f0bf1a,0,5a679f979998c6c7514d0fdffce96e46752f745cacffb8a372e8bea1f4922c80,3592aa36544b450c31c85881388de94cd203e7b585b6869cbd862ea9870f920b,da1a6ee061edaed2910e73193f4ecc66a195c553119d5dc714aa1cd829e539b3,test
/content/section_01_workspace/data/raw/spamassassin/easy_ham/00800.0a94761ce8069732112ac9fe52b14e9d,0,effd83e534646faae94be89c615c39fd63c3539a4b4c683fce9a6adffb6b7890,8be8c2afce51e289170c7502951e443786a10de03514288c401e6dc65a59ee97,6ac67efd33e7a7a199c5b0b991f227b3b414fb94d05e21a77bba57402b2d6f01,test
/content/section_01_workspace/data/raw/spamassassin/easy_ham/02220.4280613b5d6f26a438b380b45b10c833,0,5833f0e56d318aff4107c4b1b0de717b84febb9452d88df9d21734771bfba63a,16fd5b318ad8f48f3db00a82062ae531e123e18a4c7c908c96b2d57a8ad0d4d3,1f6e1013738bc6cdd3c4d75acb86c106b6bacae64cab336006aead1482237dc1,test
/content/section_01_workspace/data/raw/spamassassin/easy_ham/02421.c01ed1383a70703fb52cda0db36734a4,0,21d290f08be8a7b187d84a4fe02172584ff93a322857f6582199016c504ac021,cbe4bab3277c3862bcb39d8ada4b7f1281d265da2b2aee29f083f67b06ddb118,dd736a464c7206f399fb93e137e76216d9426fdc3babbfc4061e097c3e87e54f,test
/content/section_01_workspace/data/raw/spamassassin/easy_ham/01359.6da1f33746a38bed81d2e7badd0e33a5,0,e5e57300cb7b6db39f40ac52b8f137cf45fc507369f0f9d667b4fbdd4ebc36af,86dd4a9d50e6b6c68dc5510f6cff8fa9716156952fa5f755411195bace1dad26,8608a8ef50362af0f6451a5b177c55adc73a696c589a74e2cd7b2a55831f8226,test
/content/section_01_workspace/data/raw/spamassassin/spam/00423.bee32224fd8c9c8c06e2099d9c2adccd,1,371f54de9864f6f31514041f35393e4594bc10c296006d5c6917d7f77ac2eba4,a76ec988245d083ee52a01d63afbdb8cad7ade3cf6920f8ae11cf811e2f9a0c4,9dd7820021d7949a844c608b7edc90b766c95be4e7e32b8e405283ea6e3108e4,test
/content/section_01_workspace/data/raw/spamassassin/spam/00475.71f75afb1960d619af86e1c64dcb11fc,1,2ce09c47230692d67e519724d44735a71e1fba80a3007afcfa1e3a118cfafa29,5096820961acbd7261cf3d4489d4116e0e9271fb094c5b53a91974c330b1a23e,969e3aa70de8b19686ba0306c50fc368259e8371acdf3a7966236b58e52cd655,test
/content/section_01_workspace/data/raw/spamassassin/easy_ham/01131.f0a4fc8a86ce5529ae7e96e86de6ad2f,0,ae0ada652c78d86f059ce2b10cc91cb1029ca22132b3d9e20bddf17f1bfa4cf4,e1c242d6dee66eff85f1eb5f87dd29635a7a6b7afc36c3e73fbf4a7ae7d15f19,6cf3f00fea5ae350ec85ebbf5fab36c42f78b7a861607ed8d236e5af5885ec73,test
/content/section_01_workspace/data/raw/spamassassin/easy_ham/00340.91d8c92aa5eccc84c40364fc4fc1ed63,0,d6753857a4b345f3f9c5504ed980f60486b812fe3f07a00ab9d854d3164ac3d8,69cadda01f4add3b18c4182dea42564561d675e782a3d2926ed84c416ddadb4f,4112ed30d45a6764ccac7b21fdca1426f6b8ec3cdb718cd9e332726ebb84fe5c,test
/content/section_01_workspace/data/raw/spamassassin/easy_ham/01490.859db59aa3abbf8c92e1766d1aa147b5,0,6e940c74e14c3bf46aa93870353ca02ac8a4d7e23cf02b48854e3e042bd0c08a,2ae26f637cd46bd84dff22058bfb9e44fe13af20f75265259a46e64d6adbbb51,5ec498ae673653ca2500c9a09ec7a36981a1c3618dbc7aa094b3cf990bb3c62b,test
/content/section_01_workspace/data/raw/spamassassin/easy_ham/02356.e517c740ad66697bba95a671d902563f,0,55cbc7adac8ed0f5b75df5ca17f26877f147c592dc5339cc6aff3a9a3778eaa1,a84fb3bb9138658676df86f9dfaba8edd691bfe48964e423d0fb42437cbbf2f5,38c56a0d38b8e31187285553ce6c5815862d1c2c589a0a4190b22662983df313,test
/content/section_01_workspace/data/raw/spamassassin/spam/00230.214f8d9a756aee75e292056c1f65a005,1,4774fb17daea774c3a67fa1bbc313fec58f8e54e5795cdfff809a11491ca6adb,9ff0480ea956835168733c3d77f78c0766ce6fa5affe9e242314e19e44d79d5e,03910115d1b2e4e7eedbe29706ac192af2cc45a5effc41607ce60f272890610a,test
/content/section_01_workspace/data/raw/spamassassin/easy_ham/02227.bc3b678dc7d0e59974fd2d2bfccfc21f,0,529377f743b9ccf7b1f8e36eab230b11e5e6e106cb05b50195e3d6cbd3979ebc,75b051003ade2e084b6767ddbaa442435b00e6638d5c3e607cbb74ce9bf4522f,c9887214b946a9868f2e5398ea3f230d09bf0b6ff610102cbf33ba3471aacef5,test
/content/section_01_workspace/data/raw/spamassassin/easy_ham/00128.0e92ec0c8bd8233f7e7873e93df43277,0,07b128ef8d55af5a715a4af70772250170423bb7c47ae7571eb95fe64a206a6e,7ebe2ae8e56bbcba9b04b8077b1329a9b74d072d7d0d9eeddb9015c5f85d6367,12ebbdb4d23963ef26ba6d3fba6649eaf4364f873c3abd31a9b3da8224eed9ec,test
/content/section_01_workspace/data/raw/spamassassin/spam/00356.ea7eb32330fa6bf65270023c0d99e2c5,1,384c067df328419550bdb278ba2d4dec18ec89e82bd9841a60a6127af7dbbd2e,644c20794b1a9cef212e4cd140d0de3a0901d53ec1ff1b140f4a765a1cb168a6,4876cd86bd559046d30ee3c69618471eb7ddaa3fb782ec5a7eedc364896c600d,test
/content/section_01_workspace/data/raw/spamassassin/easy_ham/02283.e7e38a2cdd5a04ea9543e8173653bd07,0,f14ad179b5c5a256739d522f7b44c072452db23a9a91e2299cba2c7969cca9ff,61670b816667e6c5c6496cdf9ead7b1337418f61e4e685d379799e1a7edcb71d,b77f680f22b5cb7806e24d47701b22141d93894b03dfe7899be4a3c3e6a5a603,test
/content/section_01_workspace/data/raw/spamassassin/easy_ham/01584.c2bc0fb5826431ed3df58a0fc968c068,0,c530b19035528ab8e36568572d87e9d9a4b579fd4142f5a6ea2420462b3b72fb,0de721be2d483b9d351427dce95af516d86306b4a22e949cdb3bfc84791b1845,21369fa4b12a8dcbfaaf30425dfb2f3fc43f4347f25c9ee4681c1ad25f8c3862,test
/content/section_01_workspace/data/raw/spamassassin/easy_ham/00187.f2e1e617b73fa1c5137d78383372886f,0,c11cf3b27bc32c96e98483b3afbecb1df60e1543c9eb261887c092bc7f840fb6,08c27274d283ae1e39839ab0cf402c2708024b48223ab4d704decb0e3623169c,0505c3596d0c3aae977753c86ea37a55c2cc0df42dd74968bba92ab3128521b7,test
/content/section_01_workspace/data/raw/spamassassin/spam/00343.37d895b3a54847548875136ad6b0192d,1,141294220263a85b7f5ef2d2d033118a2253a4931a36d90635287510c448b258,fc6b2efcc303f9e524219abbb69a053456548c2bcb3ef4da1a4aaddecc0c3b81,655e8e6bc3d73fa6d53ba0abe2a39a3b43d6cf70be8735ff4878ffb1efc2b4ff,test
/content/section_01_workspace/data/raw/spamassassin/spam/00300.834f370a21ca4f1774d5724b5443411c,1,929e390bf6509140ad20940fe499f83449d1b9f4ca93fb5dfaaca7f8f41fc658,d7cdebe4813b2286fb5d5d755d8f5c591fd7e0178ff478e6176c728f6ec56055,3a88f12df4da087b0979aa90825eb616946ec8999fc1596d49cb9ab407924312,test
/content/section_01_workspace/data/raw/spamassassin/spam/00403.46d0face754b6bb7dce8b3ea560f75fb,1,f13cb0f696b11e60eda1998e859361f549efda60de7505c297a6d3d8b8da2241,994dc42dda1abc6fb23de4ab7fe000685df96c1a6c7dbb38ec20cff789a4eb20,7d3293135f35f10f3f6782fb2c2cf0b0c435aaeadacd828910a5c575f4dde14b,test
/content/section_01_workspace/data/raw/spamassassin/spam/00288.8c8bc71976c3b67d900ebd8eeab8a0f5,1,57b1d76d23178599255ecedd24a7e2aa5517dec2085d7f0551a7fe21a8bfdb31,5485b1ac159b9e18388e42674846e96941a82b430bf8391a7dafbb4fbd4225b9,f521b254ee5f09855bf5aecb4ae10d30767a2aaf2ba682f593f174172dd3645d,test
/content/section_01_workspace/data/raw/spamassassin/easy_ham/01966.892057de32d635ad24f06844dea3ef71,0,0f4083ec3b1e5e38a801436986175874145307a2c41f23efe3171be9d2d09ef7,36ce5a1691828240ee4c9941f243fd7cfd95e7ff7de12ae5d5c52693407f9a6b,7b5b4d466286ddd7c0276f1fe362aef482bce9d95ef4382f814321e7148ae4e6,test
/content/section_01_workspace/data/raw/spamassassin/easy_ham/01938.da956f847b734888d96d8dd4ee736f40,0,3ab7432c315d9715883e6017459219376ee0c94469ad46df7bcf9d7d9632dedc,db426ba3acd6f887902e8fc9fba6bf648a27e9a635609474e2911fbf052e3ce9,3a6230cddf991027e7b1449a2b7dea0c09e94735abcbf658af5523ab9e0dd504,test
/content/section_01_workspace/data/raw/spamassassin/easy_ham/00802.c2f1957d9e67ae45f06a7c0845b02f3f,0,411e621ed578101f79e2f803dddd091d72c5f6155214dee0c7ad25f651232b3d,6d82f6331999cd51166d162c4571702382d75f87c6ba8cf7b501b240e6fbdf3a,2cda06d2c35744ccd14a2e478c5df859b3333041c476cdaf6c784cc97bb1d084,test
/content/section_01_workspace/data/raw/spamassassin/easy_ham/00207.13171e04f004b9e401b749be95abb2ea,0,176dc0979223cef88285c7f760bd3a74247b22f5bdc4f224a96192dbafaf2461,54949f94fff56f3b110176dfbb083b83ebd8d1233311d28c98ed85c60923f816,be2914789fff97492b68a2de756d7ebbb4d77fff5d6c8a7d12fe759648f4acf7,test
/content/section_01_workspace/data/raw/spamassassin/easy_ham/01801.1724b0100b279470dfe73c76f0f12b90,0,eb056d31f925081be5041f9e3c619bae4b79a7911fb356ebbfc27ccf33adbe4c,3935e63e0de754108e93b3e84f017da75d2cfd6615840c619d73fceeb1ec7002,991210c148a642a8fea3a5c504ff3d0be3d2fcb3f8216453d028fcdc2244e6e0,test
/content/section_01_workspace/data/raw/spamassassin/easy_ham/00650.2c20a3ae4da8ff5186f738ee5d833fda,0,b9fa20eebfd11d62166fadff098fa8681ad57affa4be9770e7bc291961bfc73e,c4c3ff449a88e7096870eb066b055b82b59caa9ce5368443274b3b72b6cc67b9,74e3a22eb6082d1273169956c3b83f5316660fcca4252539c5ae7cb1c8dd6f51,test
/content/section_01_workspace/data/raw/spamassassin/easy_ham/01158.43389f122c4f93b2570339801a2be1a0,0,4fb35a57ce3df76fc2143c0c1a87d14b346e72c0aad02bf3b28fa72623802562,c1c988647cfb6850e963782e54c976db0431bd6d8b29f4d2eaf2442c4669ceaa,f7ceda2afb8ccead25db2c8f2368a62820c289fce6edc297dca394c2d36887e1,test
/content/section_01_workspace/data/raw/spamassassin/spam/00369.845eeb9573484bd88a6a6224c7068d81,1,fc4ade1eb74f9906dbe728d689af3c4c4533be32e2c44924c9f97f1cbbdc153f,09fec37c7df9466e00d77230fbb70455d92d2293dc5297892caf9a39730c1255,f5e631912f45212e63c6f419134d5d4b163bf7bb2dcc6605f48ec17d42ecd521,test
/content/section_01_workspace/data/raw/spamassassin/easy_ham/00035.9069e05ad40dd0f98cdae72072ee7186,0,8b71b6c572f3626de1f630eb5455d71cee91baf0933904a376ab1763ace2f9fb,8056c321e8f547c5b25c3191c1d895831adeaa603b5ee717bf5f4b7755e42e36,a17770967527aff646103da60f6671b1cb508efb23fbd7d5dd0f1c616d5343b3,test
/content/section_01_workspace/data/raw/spamassassin/easy_ham/00685.0c2b26b54c5bb9e9072515d58ccc14ea,0,2712d0c2edf6d8299dcae9ae0e85983f021fa07b1ae8e702acebfc95bb79592e,db862b62b707a63f10d924a0d2730a8e30bc6163057b6d98306701a020c68b67,feb6c5141ddf0554be7447afffc553329b8341b08dd79c8ad7f6035d50e80d2c,test
/content/section_01_workspace/data/raw/spamassassin/easy_ham/00713.7b4a3ad6c8b6bbcf358ee5ee23dcdc12,0,febd542211e1d6e64aba9e578d0c3191f69a03132e8838459ab019a5e6516557,2a2673b47c396537d66452c96ab5b8544314a4b1cfc17da841b577f727e6d053,b616e83a5d472859fd7d7cdcd520d57e935f018adb28fe124304a48461328ec9,test
/content/section_01_workspace/data/raw/spamassassin/easy_ham/01641.af4f10c1dad2aea2637aa8cd093adc34,0,6fc305353975a31053c35a74f333d62ca4d62e02fc67ac99da3f8aa9643baa8f,2564667192bc410dc1196fbc66bb61993619e68fd7df0d2951fdaf5262adf409,24f6206b9a997640c9ff799863df33741abecfe72c0c9bc0684e1bece9ba8aa3,test
/content/section_01_workspace/data/raw/spamassassin/easy_ham/00779.d5e815dc2dda6819f41227fce324b31d,0,1c10b9a1f8dda06d3df1afa904bc0157805ba79a59dcad73ecc31ff61418398f,d7eca3107a06a5715d09f658540395cfadfc987d0cc1b8ba54a9d3b8d3dfcfa9,14444a3d7d4d7b71083428f513eec3ac1fc81c2c085ff39925375acc0ad3d063,test
/content/section_01_workspace/data/raw/spamassassin/easy_ham/01280.08e69f637d901fab10aec6c9492d068e,0,1aed4045287e0af4aae81d2a77b4efe729f853bcf983a45ea4fe257121cffb71,0ca102b66022fc86490d1ea7b664c86fe94050ae55947685903da4324848a36b,c5e4c5b69e8bd420f62eb8d13d35582a65b075aa701b906340eaff31268a6ae7,test
/content/section_01_workspace/data/raw/spamassassin/easy_ham/00154.cc63335f9a4e3b5f4a16be338b0d00a4,0,bffce51b5a28ec74190d2243c2721e546eed2b09771f1b0f5689c9260a173e89,590936be38ab6905ae9bea7936967b1688a0985522259742ab1d9b8ec8fe0c2e,bcd947e8d65652d7a4cc98f738f1c1bfd01f3ea190a97e8eecc20e4da22c210d,test
/content/section_01_workspace/data/raw/spamassassin/easy_ham/01608.17c1ea3c65f8c32d5762fb045daafcf2,0,c5ba3c8bee12e3c4d339c82882a244c481f9eb088d919449fe817ac2403ccd16,2770febdbc7a38bb7b20cf25363a37a298e469b3cabd0276beb4638b30f17bbb,08e623eb715c6adfc5bee10cb894f36b347a13e60b3b5ad17aac0272eab91460,test
/content/section_01_workspace/data/raw/spamassassin/easy_ham/00191.41a15d7d511bc977b0fcb93cd9492bd1,0,f8ae37ba5e10ccc6f0040daa7672df6b09b698a63d9dbabb90f3562b69f2d883,68bd0bcec3191eddfc350c6e4c02fde8873354de5d524c04636349db8c837ad0,f69df331b59b9d4f70f9b5d8c5a842f1d88bd227ca28db47956be3f1b91c27f0,test
/content/section_01_workspace/data/raw/spamassassin/easy_ham/00964.4c5e48c8c2668559fbc379616893f3a7,0,a96c0f7b0845283102c56ce629e1acbab01f9f8d62db63ab77fa6501b09be2bf,ff753e432ec4b53190fa61781a35df4ed2592ef1392f668dc86c25b12eff9349,98681bb38b0eea331d03b47b5bb82321d3e5bf738502cb0f63adac27686c6a4c,test
/content/section_01_workspace/data/raw/spamassassin/easy_ham/01727.d6713b65baf275582be556a87a824dd4,0,0bb3210f49d6ba0871b1546a708181193aa133d4839652d7b8621e891403f5d6,9a0350d854ea6561e6389e457ccafb19e02eb7e9db03d16dec8c19ad6d462a44,0c4b3190dd1193165eb0a4d7d5e0e515ba557483fe32ff57491b9f28d6762a90,test
/content/section_01_workspace/data/raw/spamassassin/easy_ham/00883.c44a035e7589e83076b7f1fed8fa97d5,0,3ab01e5bc4c656c1d91027bc3ed5061e336745bd28a50054c3776de1d3025df9,9372c1529cd398733ae9f911ef613e63951d94345a752b46e84fbead5aa6ade9,2ccd3cd9236fc9263a2d3fd27f73bcdd24973a55086902a576ee9449614d26ed,test
/content/section_01_workspace/data/raw/spamassassin/easy_ham/02149.1c0281a08a6b3ae2ba66d79e3beaf032,0,5c23db0978d7535c7c4c956313fe7b5acedd6552988ebf21366504060048d36b,3eab1b52c86046809f60b52573527111dcf3fa2ce2ca422a33c3488f06c6bd41,251d07942c23fe1c534b7704a112bcf354ca390b3f9c97086843cfa97db92c92,test
/content/section_01_workspace/data/raw/spamassassin/spam/00387.8562ea27520ea0fa6030679792f2fb72,1,2c4cf19273ba429aad792494fde1afdadf9355ed8c05c86bb5902f7d8e7bdcee,44eadadd313c3ca24bd1c91a3c4214bc09bdf0142130156efdffb0baee55676c,ceb23f9c3cfc9f46d91c63f5da42ba24fc4a5cbe9cbec18a78745fbd6a86efb3,test
/content/section_01_workspace/data/raw/spamassassin/easy_ham/00506.e8f8279bf8b010bab338e085be47dd9b,0,4eaae3566cbd4ac90f987216191d3141dd8c188383282d8750a1bb0187995831,a240b2c51a06318aee33a5b2cdcf0f37971d8031ccda13a20407cbcba1879b3b,0965259669ced7da874bf1d1f16a2324272cc47b924b4499a77e8f2bf6318ba1,test
/content/section_01_workspace/data/raw/spamassassin/easy_ham/01505.736da2d34e20948b7287da130be6e7da,0,9c6ad5b9b90d119227999c8edbf716ae081dc7dfc74725482dce674b987b5345,a9ddc16aeb0f36e06ad38a5ba8b4db49a4db84ebf46ee198f8def0f6b365f588,970183e41d2b0b5935983b77aa28155beecb663cbe10dd4bae265292610052da,test
/content/section_01_workspace/data/raw/spamassassin/easy_ham/01444.e1ba7ba95203d116703a10056396a037,0,63f56b766e4a31d6eec7e4d9689f195cbd14a67ef5f9a8b53300388f6ab700a0,e97578c5f8036bc537a2e2f808d9a08080170327b0132e156736e828d46e4ee7,114b67e8ee12a22b3496283d155a419101668edfdba8a152eefdc227767518aa,test
/content/section_01_workspace/data/raw/spamassassin/spam/00050.45de99e8c120fddafe7c89fb3de1c14f,1,189d7c0c64700736124147ee7eb363433fb2016c6921d9d6f350e801bc4eab4e,c6c45e9cadaff2ad22c3450aff6a6fbd97df28729f7e9cc1d9d3310ace322cf7,d9c94e62b207f7744ff82dce8a9fa6bc5f308e86d26415194012a6d214571924,test
/content/section_01_workspace/data/raw/spamassassin/easy_ham/00099.beef92f5eeeed3e40c1facf42809d510,0,d7cc0dc12c775b569f2fab54debdbcf37433d675fab5ba3c8de03debf0dd9693,f0dd16481774d103952fde3fbaca0427460fb4c598cfba5b5bd3b8c04577165b,c3c7b6198b6e9dff1440b598a1384603d9c8ef4dc1f9f565ac0a8a38d4703892,test
/content/section_01_workspace/data/raw/spamassassin/spam/00039.889d785885f092c269741b11f2124dce,1,679d696dc9a9ba32dd0573778dc9e5a7548744f491147db676604ad875edbf30,094dfa01922a4c6f78d6f3e16ab16d1de715ba46e2092b45d3a39e97c53fb3f9,d574dc6d5f0e9566b9d6b43154190f3b7ccd5bf8d67ff6d62bc89300d316f56c,test
/content/section_01_workspace/data/raw/spamassassin/easy_ham/01087.cbaefdc8d4dc306f627eac05955cb858,0,bd79cef5681e0c542666ea7db634e2af0a839e342fbfade22576baff5c13ee08,f7fa056fd13d27c2752df39f75331a5b65d39dc5723cf014b9d0b56c8d589277,dd6b42b370f20f9fef63868359cf4f5fa22aee277b8dc2abca79f95c48500926,test
/content/section_01_workspace/data/raw/spamassassin/easy_ham/01799.b520d5d5fcbafd03435d8d2b887581e4,0,55f77bcc325e06cbb8b5bba4154449959b93329ed8c87e086763c22bb903b104,af8a8aa486234a67ded33c1adae9c17355c45736c67962b834b6c8b42f39706f,3883ec9e20a07adabf1e2b1abf8228921bfe4136425ffe3cba6b1fd6ae2b36dd,test
/content/section_01_workspace/data/raw/spamassassin/easy_ham/02076.b889755182f3dbd673ff2164775d8c61,0,153574aecbb92f3812301f7b1db935ae6aea1629b265ca9eced6ce47550ae6c5,fcaf6162fe1d5423a22cc0690d73c1cc232efdabbfcdfe0fa1164cbad601ed16,37ac85df109424b6e331dbe4e74897c62124c3c17a926ab598626e92797bbd85,test
/content/section_01_workspace/data/raw/spamassassin/easy_ham/00770.b6b328aeb18316cabd60aa75025771d0,0,2783c37878dcdef059d9caba39b3553e88222f4006859ba15f19a8ef58fa23e9,a193e91400bda4424b205197a4ee80f92a0e838b4b466de8f8388b152248a433,4de28b4cda92e560cf2b03889a50696fb849489cd8c328146890c317aebed14a,test
/content/section_01_workspace/data/raw/spamassassin/easy_ham/00263.6be4d6f2afb3d1b5b8acee019e560ce4,0,c18da44dc550c1a71cf18dd635c608f0176be9db3066fd9e4f193aaec0ece7bb,14956ce15459de67ec7491818dfe5d9740fec41956ad2a31ded69d0489c62e0c,95c675cfcd7ed4ee4cbf89dd4b92cb5d0326c93c8a54896bec6b6eac19a75315,test
/content/section_01_workspace/data/raw/spamassassin/easy_ham/02434.37126367f2a918fead5ff8ea834cc334,0,6cac89aaea32a8014d0c6ca0122607b87ae5ed06484498294eff670db396cd32,838eb37f4439f2f81395e71e6b8d56a3451f2c47af52e5e77d1b94d236013601,b023509997c95935b20e7188c6d4c3839755479123c15e362a440cfc003051cf,test
/content/section_01_workspace/data/raw/spamassassin/easy_ham/01701.a28b76746a64d3d352375a462f4f8404,0,cf49c7c9b2f18b1171396895053c56d0da110a0ca8efc41199d3bbd8047c71bd,402806eb6b0fb580b00be8b4e71bea72a7682cbf90de4485f96238a9bd6b7ff9,ba0232ba0f2effeb7a45a78cf5ff9d37da6aa98f25e7bbe9574816cd98d74b2a,test
/content/section_01_workspace/data/raw/spamassassin/easy_ham/01897.c6a89cc02dd2e65063ef2f16ad080021,0,9f534a9019dd7ca4eddffe1162b94e0dbdc0c82941cb6973148ee912ee6e8a3a,96840a5965795ff91999b9f96bd637e703a22ab2087f6792d235ac03c44e284f,15e6228a35ac5a4c8f91794e95bb387cf0c1c75cfbdc90cd8f588ea3e5a737ce,test
/content/section_01_workspace/data/raw/spamassassin/easy_ham/01926.a39cdccce6bf270df65526eb028cd53f,0,25df5dd2ecd94b4960f5a9802f0ef99512868bb4e043a0fb6555d2a8174de1b3,18357e5294b7b9a668f883deeadec33dff39c569263ae8a405955e8d2d7369ca,b0086df7bca4a14750ed005a62525126feca0a1a8ebface2a57c1364289aeb99,test
/content/section_01_workspace/data/raw/spamassassin/easy_ham/01065.b1ad1862ff2ceeb1bfc9cbdf3f87ebee,0,282bca9f0ca2c6eaa37dfccd3aca10ce79691ec14b7c55a00614794a62ca4458,ac5aa7eb8269470447f016cf82d301c85e99c556e518d4b0048844f5de7f2a64,57eb0305f776ebde8d19ea614b774ca12d741a0d4049a68c4cb25f2891be8e98,test
/content/section_01_workspace/data/raw/spamassassin/spam/00265.d2acd28cf29d90c9b7a1297b219187b3,1,244a54d77f1eca8b065f866904358ce30e37e06abf489db78d9b68585b7fb140,126c89a02b951d81aef7db7a8ec6dbfcd4a9e75d79e756ce11951586ce6a416b,1183d1c270de61dd56db5b8e9086493d6e640ef30db1a8fec7a1ef81611bbd82,test
/content/section_01_workspace/data/raw/spamassassin/easy_ham/02229.22705c47166ea4c8a659bb0b0853c121,0,49cc550d428b64465c2f5df571ce22fff69517e7999073bad06ac77cc4c83005,efbf8009947b4ad4c64dccefc6219db2a3edd953beb651f4bf9a7aa4e0838a02,ee4e9284a5c5c6259ad201c4f387373c033ab81c1e2b78590c0e8d3b3b60d083,test
/content/section_01_workspace/data/raw/spamassassin/spam/00379.f04dedf09dce65a80fbe1fd831abefd0,1,42cfcf55774efb777e531a6fdbc69a58f14736ee36055bb3c4999e60f31146a6,4e515fcfbe46074dd2e9e1fde0022d7662e81d0f21fc32367dbd7a481612364f,33e2615012b8c5713d378c24bc97bd2cbab54008c8ee430717bfc493a356339e,test
/content/section_01_workspace/data/raw/spamassassin/easy_ham/00629.370fec99ddca8da57ef5cb0bf30375e5,0,9d8f68423d3f4fff1ddf859381dfd36ccbeac7c698ba07a3d288c5d3a4391d86,eda3a6870eb37fd9663b11efe69943f5af98104e6b052f74b9170ef7383b9466,2e775285093ce5b0c6236321c10fa87c7d458625ee700fc09f01e215e307053c,test
/content/section_01_workspace/data/raw/spamassassin/easy_ham/01157.4717355611939c9adc6f999948fcc975,0,2c56e8d942a88d557af38a7048849d2914385d765f8c5bfdc263cccc0e36a850,94540f585dcde22a0942b5769555a597f15b80b9024355cc0fec16d428176b08,980bca0941f4256d33619b0f716af8de779b2d96fbd789a4902ee82ffbee7321,test
/content/section_01_workspace/data/raw/spamassassin/easy_ham/00796.1c06b1656c17f8aa92a42a82ef0ad2e9,0,4dba749ba535b4f0e4aba822f93cd3d8b4ff7b7c9770f793cd557e5475fa1315,cb51e547c637cf691aed1a77fa62242857360e386595d309c5aed2bc3c8f71fe,eb2cd4b59b5d396cf13436dd01cf70c1bb4609c8c2389aee5438ca4c62925de1,test
/content/section_01_workspace/data/raw/spamassassin/easy_ham/01483.25278a257e2a09ef840351510809e000,0,cd96fa92d134d3e6f78005a0e5a6971f678512e5f3853696fb60d7aaf0138161,36967e4cc85461c6d0c223b0179d6564a832271f0c6bdc018d39474b275585a9,89dbe38ccc3e0e6a9df365ed9b1f29da44dfcacf6ea0184c877395ed8c2aeb84,test
/content/section_01_workspace/data/raw/spamassassin/easy_ham/02109.c30c0a19444ebb469f7985e56cd2c3e0,0,fe50cd8ead1e0961cca191b6b6c1d5e38cd70eadb287e8fc09ea061c6228e659,04eba646ee6b9f5dff0b808c863ef6dd4b6c8850eeabb3475072cf2c613d65bf,8d8c1558e2d6198265daff59b3c992d4f7f4bd7c5ba3cb25c2283b2729b61dab,test
/content/section_01_workspace/data/raw/spamassassin/spam/00116.29e39a0064e2714681726ac28ff3fdef,1,04d3be46b72c12e037046325b08e672ebed125fc7e63ba80d4a4eeb38f52ee1f,64bcb9cefcdd272aca1d034b2370e8b5bbcf6056924ab8b83384143d177a2fbf,e8c3fa7387b852001282262b7e845a8d1d6079ab0d3adf583b6afed12665dfb8,test
/content/section_01_workspace/data/raw/spamassassin/easy_ham/00155.22281cddbc29a93d630798e0aa97f725,0,0a44bc6482d87920e5df0fecaac0b538bc924209461daaecb8c956f28a6ca74b,c2f2a7dba61065d7b87972022b1af1b85b5e9d1a1d8fcb7d433609f0196dcd82,1c5dafa34491b22a66d58565435609759ca3dad8a356f96b8999d15924cc7e3a,test
/content/section_01_workspace/data/raw/spamassassin/easy_ham/02437.6b2d91957a295729c0c65d48eee31ec3,0,43663d8a94c61ef966c108305f8fb26a53c0f40ce84b60aaa8da8e6d01c75e1a,de8950d75bfbdf23c71be3de946b131db5329478a194ab731894d85cee5b0548,6f83ccb744f86eb96706cc56ab10bfe419542d55f370a31ada19f39013f7740b,test
/content/section_01_workspace/data/raw/spamassassin/easy_ham/00584.1994033689471c5000d715aeaaf7be24,0,80cce25c8be6d174423e07061a2b5662316d540dd8dc93b4483a6fbeb20a7d0e,34a153951100bdd9dc355398cf4bb5e0a9a62fc5aa65385d7c59b626e4af7041,ae1ed852d6dcc10c155fbec358e0c0524de762b4d7e8b4640161f4b4abd70e56,test
/content/section_01_workspace/data/raw/spamassassin/easy_ham/01272.8262ec8f7abfb5b42a2548ce966120dc,0,49fa0446619e13a4f8b155528d048da698313ee5d82947a040c5ac6b9b477cc9,fbdaaba9bde14456c368d442461d9e6ceb54c096421cbc6d9b3f8f0a8168627c,ef5791001a9218a88ba628680ff9e6e29d76224ea1d429e2883dbe6bf2e56fe1,test
/content/section_01_workspace/data/raw/spamassassin/easy_ham/00578.8c710aa944374d631b9969a806e32a30,0,4ff868103f18c92c9aa5ff181f58c90564087be0860ade426b06602d54a4b7e8,2417876c50a79cb0859815f095e6ec3560ae72eee22173868e6592aa5a4ecfa8,f6cd943688ef6132d19e8618347e46cd19ad2ba90055c08cbc9f21820d998a08,test
/content/section_01_workspace/data/raw/spamassassin/easy_ham/01500.e0ad2000e488cfcfb840cb50a9383c01,0,23e98c17dacdd23b945a00d80333845427a134a2911787029820c6b4b14d4e00,f18d6899581dfb0404be2a7f14fdc21ef2242cb61c24df48b81675573a3cdd0a,cdd150cfb9a8702a70bfaaac616da240d70d7d3928244f4362f57e3c8c681302,test
/content/section_01_workspace/data/raw/spamassassin/easy_ham/00901.dd49a05f9b0b28396c8a91b5b2fb0e2a,0,667c8505092491a560a6a37835527ddee676b4738d29331e7983dfd971d14377,ed2a1c1fde4ef3c484d66e7ff6a772fb394efc7ddb94054a4f6ba4430c98055f,bd2b4c0d612497fb5a14530c70e36119d098d9c85ac1501f22d3a762149207e1,test
/content/section_01_workspace/data/raw/spamassassin/spam/00033.9babb58d9298daa2963d4f514193d7d6,1,860c1f30f670e797df252b3db9846336ced30b22e0a4cea97a24ba43e68d3d9f,d56e878f3a8b7b49d9a285d1bc155339222fedaab95b127cb2f8674ad8556365,d0546043af41bb97afd2497977ee8279bb99bd66f9bdea408b30cf07c9ff42b9,test
/content/section_01_workspace/data/raw/spamassassin/easy_ham/02088.17edeee5193df341ff427a8b9b20aadf,0,d6a0119ce14cadc586fc9863c3d1c13d47fea05fe6b291ce1092289c3ac96c26,405b0fdd977c63912b677d73b379147cfd3b2748b39b4c22ca7944d2670cdf46,bf090cedd8af14256d67a07d36671483823430f9ecca1d5be2cebe33a0080db9,test
/content/section_01_workspace/data/raw/spamassassin/spam/00231.77a5d20da55f185c1bb7a3949332d364,1,cc095f605ac2f489fb1eef76914e022092b189f0f9b3cbdcc8142200a72f75a7,10cbb00744906d8e45224f9b7d68e084b0100fd24cdb9ed5b870be3e54b246e2,1d660f03d059d66d20b762e30270e1566e0b32f3e51233fde534e31eca2e9e11,test
/content/section_01_workspace/data/raw/spamassassin/easy_ham/00473.18c8849136c818c42e6429e94bb42f6a,0,5ad1faed8919187ff91e0df13ecb03a961510cf47a6bee88bbc95a07c2f8dfe8,1d5324ac4f12a8ac3ce28ccd4732baca620c2da1c48dfe2d68f3abfc8af6cea4,f59dfe09f7a6a4b934149640d986c00c94718724cd5b0736e6e145e0e37b37b8,test
/content/section_01_workspace/data/raw/spamassassin/easy_ham/01710.c86ae674674567c5779cfb7a30385e45,0,cd033c785ff59de028f1749e92d8d3d3b178e560fea4cbc9b051f82ce8109390,c8ece68ad481728180ecd0cad9a6fe7853375f1a6e9e035a819b7fc184d31321,fe1f42c371bc2ff34e7fdaeb15ef56c205ea05b7b4d80714ba53fb1424d2cc50,test
/content/section_01_workspace/data/raw/spamassassin/easy_ham/00996.01a4386651fb07928d2314d8690e61cf,0,debddca249ee0606ef0197ab7fc2c023c18888dbdcac866bbba3622a574705be,dcf2ade2cb10397e858968a8b7c39dbf877e77b121f67dc44fd2ba31232152f3,de99a298758f8f5c920d8c770514496c06040677fa875a5ab972f356345d025f,test
/content/section_01_workspace/data/raw/spamassassin/easy_ham/01413.d1561ddcf3ead3a670b4516b3337216c,0,a191441369921c4518ba9666cb51b23605523ed5ff5e854629bc1eebd7119408,30771e702731f3c60216d43197ab920c896d548186c681ce307be465aa97ff16,0b9306526e839310cbee01fabf2c832cd1cc6d80fc07dbb27d2adad59e9db2eb,test
/content/section_01_workspace/data/raw/spamassassin/easy_ham/00242.640f27e47a5754dbf4893781ce156a75,0,884ff9109d995525bc2024b836170a8c034664fc94563e46bcc8cb1369c94cea,a6f5fafcf168eae60aabd3b587648b317aee9198aedaf5542a51f66bdf57012c,54dfd8b277d833c7b7077c556d2874dfd3b7772947c5bfc99a3511ca869b5a1c,test
/content/section_01_workspace/data/raw/spamassassin/spam/00458.62211764fde0dd7128ea4146268b40dd,1,6fc07d137a1941b9b73049eacaf886270572ba18e5c43e800d1741d07cfd2059,f41c3358e3d1ae8b457e951925c73498a8e53322e080d6e172b02088dea33f44,8f28b69a48a97cee9ade4eb5190646d71b306d6c75177b6067ce70b7a952745c,test
/content/section_01_workspace/data/raw/spamassassin/easy_ham/00117.a9afb0bc89818ffe2f2a590c8a40434b,0,c38a0929b2f4a97bb5f98429ece43a4664fa7ca84aeadb1041df87af6d395226,113f3c9b9ff8cbe4a1164bfbced5141da88d1035e05ff4daf6d21114f3838a81,c605e7560ba7acf6783570a29866480dafb76149ce05fdee40d1869d10811259,test
/content/section_01_workspace/data/raw/spamassassin/easy_ham/00470.efaf4cc30f0107b82eaee72c68af5bec,0,466ce0f9576024c504a514a2526f394eb3777e2120dce98528ce91f6a2b94a2a,0d61243a7d701a8f76652951f82c0289e54c1ca6ea2a3691937d7ea5045293c3,e2647885853976f1f91ceb6b9346f52b620d4fc88e08ea5c02aa5f10d542eb56,test
/content/section_01_workspace/data/raw/spamassassin/easy_ham/00320.9933c126186ef60960c78df427a2d8d6,0,73ae37bd9460dcf28f80f8a67199109f174dd177bb0cfdd7f9fcb241a23009f6,448d2c40896ea448689137996265b2d0571281e05435a42194da2e92e4cefb13,e0403d926dd927960d04ff6d99a6ae303c0c193e7512b882dc8209c6cf1aea05,test
/content/section_01_workspace/data/raw/spamassassin/easy_ham/01026.96f87ecca532224622e3910ba33d8a13,0,557de04c1004df80270967b1266d704356a87cd28b1ba54c1f387ac57061627b,43e135479e8557f38704f44de802a026e07a3a8a79d44c497031b022962fe5d8,92b220c397952ac2988c9716e867f6abc4d846d93e479eb2e2534853c22682b6,test
/content/section_01_workspace/data/raw/spamassassin/spam/00276.a6e447390e371ddba7cee092bb0ec98f,1,d078aa5aae026cb87195470ce2a095990a679d3778d8fbdf31dde9a4f502b3b1,9a9cc29a9d6d7a65c2487871403471b8fea5ecf12f983e3cf4feaa7ddfc22560,c8d35fb44d43eac66019bd8c795f9ba4ff8ce6d7cec508296b99946ba9281ff0,test
/content/section_01_workspace/data/raw/spamassassin/easy_ham/00639.bf2aca6432694667dc120fff4224e5be,0,2d5d89669551e7d04d0e9a03d807cf5a508d4cbffd35f57cd006a5616397b7f1,6b5c39373cfbce9b2c8bff561b7239fb8e399b714abba0830ec6f493fe059970,cd9798933abfcd0a58943bcd84b17005a3059424b9402e8708ded3ef5231b4b8,test
/content/section_01_workspace/data/raw/spamassassin/spam/00353.464ef65be6651440e15675faeb15a7ca,1,80108e31c41b230e69a2189a057324a64f3a86332db86cf7567d5b0d78d5f53b,83674f0493bedb072c44672810b14022e7afb6a918070044a4995eebb1ab4a4b,cbbb0789097d0c542d2c858b5b56c9c903f37e16263d752eeeae85c4fced77fe,test
/content/section_01_workspace/data/raw/spamassassin/easy_ham/01082.39917c590e0204c5de0142acd3fb3d08,0,9b8ec013bc9f5e446460cfa07c3aea1e3c75810aa1d6398643218ee2cc6933d8,f0f82d9ef5aa60605953d46d7be574dd1612127d9b1f3079eae047e0a109b682,de63a0693c22b2451bb599cec21b9350cea347a88c6cdd53c2d2e65d01955b38,test
/content/section_01_workspace/data/raw/spamassassin/easy_ham/00660.91d1af396b1bc7b8703f5fae9de020d8,0,559adbd0ca375e343cb4cbae59f342aae9eef701f12b5ba801a88037f887e855,e0f820a32882fab0698559380f2e33ebb042e12ca6f4f372b34ddf7d1f32b93f,998425af4d4834ab8ac1f363e9618f1504b05de1c10c3a4be0b01115c57e9590,test
/content/section_01_workspace/data/raw/spamassassin/easy_ham/01520.2a29e50286ea0bc939e9fb4c9cc13a50,0,a01e2b5f813f66c43453ccbe761b3e16829ede0b4c45f2c028458e12a40428a5,a415f3ebf5e7bf77a9adf7469e5ff78f56c956d2756331df9975348095415c2f,0ff92a70005a9c668a292446873447cd8db2bc34b5f8555532f68a59c103cd91,test
/content/section_01_workspace/data/raw/spamassassin/easy_ham/00631.585978ee5a109ebd04ea2289ddaa3f20,0,50d5b0bdd9e6365ad5569f17631d4e55e08c67a32cb45851bd339e1c51192b08,7543047089eb5dbfadc343c59fd6c26764a4f21465459532c4476d1e9959d055,f7a8316b5d657290ce21b1131163cf8e70f979affe1304e12674316d914f4763,test
/content/section_01_workspace/data/raw/spamassassin/spam/00371.3bc80f63aa7c64a56eb77fc82ce22e7f,1,2a4d3c0de84861475a7f4df47abf5b091a54585b6d4d0a970addf13ff5a5a15f,3c2b9ad30317e1c5c7c0f56d115a9b23ec62a66a2309c9e74b3a838b85606279,16f05b8969b22ce3d6dc061573e0503fa05f44e1af12a640eb1e26eafec79b9e,test
/content/section_01_workspace/data/raw/spamassassin/easy_ham/01484.135f04f6f10d59dbc5c67c4841f4d33f,0,991510993dda50afe2a9f321985c0d0badb763261ccc83a26c2b3ddf3c8b8e33,69f541cf8ae39ff452430f1f5e9c27800624ce20560b44166613eb967cf88a6a,621d804fc2f66842209ef0fc3dd0d468c8f09892a64f9f77352a70441b799839,test
/content/section_01_workspace/data/raw/spamassassin/easy_ham/01639.9ebb5f33ccd9bcfb089d758b7523f0c5,0,8e239af15d127782ea45a0ebae594e38f2fdd9eed5d72c65d1a64168efdf0c01,7c7021deb6a9c0e35021f09d197a7b00fc275fd8930eb3ad81dc95b05c3f3038,63771c5c2a3e0bf5b3b62f8c460234e10a0c7ee62fde87a0312befd26b1979c1,test
/content/section_01_workspace/data/raw/spamassassin/easy_ham/01590.8403446e474e3cc1f6acfa87058463a1,0,ac657e19dd5b1b1a82a8e586ed8fe0727f4df97105cece8f92f4b0f25f8494c3,32cd1356a361b23a222c43f07aadb6f057e966ca3ffc0f8a70591105ee7e6a01,e503bf74f5e032687d4aface2846f3f3a34e95ab18cb6b414281688241eeb17e,test
/content/section_01_workspace/data/raw/spamassassin/easy_ham/02168.7553183780de52538cc77ddc247af5b6,0,2a846ead328ef1356fb12f10033777d8068e1126c88069a982bef0980456cee1,edede68faff84aa552f2e9b9a73788d23125168c56ec1ef27ab77bbe0cb2697c,090b40572f50a2b88d5f4b940f136f315c8f45efb23463a43f6ef3ccbfbb4052,test
/content/section_01_workspace/data/raw/spamassassin/easy_ham/00381.235df96b897714cb8dd4fdb74113428d,0,0672b6e4e3de799678fdced3e2a646bf8171fd93de56ce8f6dc1833a2e7a1514,d38ec10b91a9a424c5597f394a12c357d191e04a7b7ffd9d7915f16c1b71b0f2,82f1221151de33f37b7eb4bd805f8f5bdd3d25fa63698e2a954635db49f4dae1,test
/content/section_01_workspace/data/raw/spamassassin/easy_ham/02122.22ce726bf257299808d6ee1092e1021c,0,93e6b81e48239b1e1f217080ee07ca1c3811412c11c3aad8b4ed6f78de95a145,abd5b1e0430ccd7c9a800d7657e1287ef0f86b477356d039a13f983f3f5ac7c0,b50117140397a9c0c6a2326397b6b61f223b2b347dd50fcdb1b5407466dfab99,test
/content/section_01_workspace/data/raw/spamassassin/spam/00117.b3ceb6525a1dc935463f3e3080110039,1,da32333482ad02f037947065471df70d50a7b6bf3ac7774aa0577b0bfbee96e7,a1c235e4fb5cfbaa6f2f4b6eeade99e2e3dc0d348c9d153fb50e64ccfb082fec,581b7cd9f47758f80407d9897acdbe1cb0950a4b755a3c71d513b401989716e6,test
/content/section_01_workspace/data/raw/spamassassin/easy_ham/01988.28cb6159d514e801aa832a9b9e074664,0,3534146acebe2451f0868a5f3a1ce356c07d84c601488623cc4217a99b3bd0dd,7b7fdcce1a0cfc138b84d0764f32b1fc9420d9aed58308afa572abc9db1f5322,8a61ea57469f5d12ab156710860e1818929a7a8b5ca4b8b2a6851a9879a78217,test
/content/section_01_workspace/data/raw/spamassassin/easy_ham/01815.8d7b043ae6c9306a2926deb530eeb7a7,0,f808c18fe7dfd745437f629ebea9fcd0e675d0d05f4618581a1216504d9f86de,8819192479d0c2f245f80fa8b7b5821328c4235810adeacca66562cbaef98c69,2d2a45911ab58e3c6b14f02d82965664d487ac1f5f5ef0b92a8c69acbf744702,test
/content/section_01_workspace/data/raw/spamassassin/easy_ham/01443.fbf45616f74c213bc92c655133eeee73,0,175e70aae89bda91241d24b85ab39d96fe89a78683747960065fea578f5775ea,fbd376228469472127a36bacf555fb107900d8783bc31fe9b002e84151623871,931a112dc92e870665a434963395c639bd4a340d8705a4d09b34acc5eaac4390,test
/content/section_01_workspace/data/raw/spamassassin/easy_ham/02364.30b936d4dfbe3edf7fdadf0a0c1ffd10,0,f9b2862b28c336e7afbf6b712b2b4a979b3c368356ca0b1adbbdb9845d04b142,7d3e4b292d8e712dc3f6e7b91f61d35821c12333d28abadd814ffe1a3bbe3d51,17b25572dfe99b831595cbd98adb1c3f380eceb82f0805a3bc83f675a1ad3835,test
/content/section_01_workspace/data/raw/spamassassin/easy_ham/02342.fb90b37c6a682e01e61c9da213e727b7,0,4a81a239a2d820a423bc86877aa02c9b6b19e1e7c732af5fa50b41f7ec5fa9bc,4bcb39943b6db0174220fb69281eb1f510a7b94f7fe9091ef447c5a4c1fe1ce6,b7b3f428a182bfdc41fdca811bccdfc698509b40bd2226e1bcee87e8b5e3072a,test
/content/section_01_workspace/data/raw/spamassassin/easy_ham/01509.e13d579ab7ecc89514b343c16ea37ecc,0,fe3a623e532fa526f7fe4aad3eb59b3296aa3e1948393c787de9edbc39c61d6a,f55635907f932953c3b47268da6909308d76891cc2e2b8fe3b5636c491a84819,6b84a12e47be20590476e5e028d3a674d792dfb3b507c6dc63235c44f94846c0,test
/content/section_01_workspace/data/raw/spamassassin/easy_ham/01870.2c9f4adcd1eec7ae3607d76bbf9063bc,0,4d88135df11ddda35f8a2f4eb6c69b3242f54115d38d075488e1c235176691af,de62d7c1dea0630a2daa35b1ae95cd7d30aeadf3fcdd25c75ec034692e93f804,30659d67326d4c9edc5aa1e77f7eda8d100f35fbb10a2e7de7ff68750aa006f3,test
/content/section_01_workspace/data/raw/spamassassin/easy_ham/00977.8046655ae38293b58a69a94389f20020,0,f2892ca2fe550555351115e344fa546a948081f36bd4b8c2f9aa4b731ca62e4d,e99d370506a7b9a64ee43afa6036fc069d687cf14dc5cc294ab0c837958cca9b,e41268717fd214d70e34f67c2b41400d226ee653963205fd876abdf4bd6e1898,test
/content/section_01_workspace/data/raw/spamassassin/easy_ham/01738.780eecf7f0db1db00bd0a6248de51260,0,574c15c389c0c255961555ff50e85dfb1680d0b80af4d6273e86eccdbb0a297f,1919359a64a6ac515f549af75c196af19e631b933976ee52365c79fc9179b029,42469dd52b323edb1b6bf64ce9b8cca814c390cf6d649fa1445164726f145aca,test
/content/section_01_workspace/data/raw/spamassassin/easy_ham/00394.608684acea4bef2ae7f5b89309a6046e,0,575d9c6d2f74beaa0185b20b23b760a9e494637cb2191bc0b10f3ac9295b444e,44d1769aa6adf31f56b8c818112e406fd3b424e843bdc2173934f45c9c6d1177,6ab45bcc576959026dc35233c61ae35a9c88b4d70001df79ebde89b6c75bdc3e,test
/content/section_01_workspace/data/raw/spamassassin/easy_ham/02079.a265ac9e0309b96f745562b578a95208,0,a4fdf8dde8657db4e8ca0243a931a4846e5c1e25e1e8e8b17ea6a4f5b916df04,ac71326ceaa52b69de46525c5fef7133579dcd3c6bf54aea15f09e497b683ae9,337ef2217765b1a6e8499ba47ac6d39a00b6ce0f1ac99c225c3a6f5c7373c4fe,test
/content/section_01_workspace/data/raw/spamassassin/spam/00221.c4dfeecf0cacc9469540337f5baf69db,1,4199b73d6eb196234c2fbfc961699dc81ce3b69bdc4ca2a842eadcbe157ca657,2f0ed661439b2fa15783bd98c923b25c4e373a7bb32ceecdbf607f5c7645f4e9,a2fc7a5588f7664f5c4bdf60431e990737d7a444618cde35207e9a254784b543,test
/content/section_01_workspace/data/raw/spamassassin/easy_ham/02264.2d1e4f4cd87e96f5ac2f24c992b59e2a,0,8d0b5ae06ef842c89ca04ef900a77b46617c3f9fb6cd71307c16b9c31a0394c8,5549890c8bfff497fd2954c26431527eb1a3a44c1d21260e9af37bec851df710,e7fae54d5ea7002878bc475c77f06edc6bfff1ca482d95604367ac6131433dc8,test
/content/section_01_workspace/data/raw/spamassassin/easy_ham/00663.cbfae39e27122415329840060e7619e8,0,237ed0cf49630c72c944dc3c20eb73188d5f236fb1a49655d63377ea88f1edd5,f2a045c5a438ac7b527dc12651b83bde549248d478603002c5b210f542103989,93870c5a47ad94835ff9f60740902f03c17fdfdf5d3426dde4faa42a09d81028,test
/content/section_01_workspace/data/raw/spamassassin/easy_ham/02445.c8fd8c92ab5a91bbf5e94e5277a47863,0,33460b6af96fa3bbb4b26c9e3292cbd43a244e1d7e584e39e89e50e19f432bb6,31ee85b1c2bc2e6e2ec4319bd2a487acb216a9c61371d8e2e5e210fe31a4b307,bddfedbfc12206aebbbf364b4dbfb993af2f1d7705bf6fb4d4b1e4ad03f43d2c,test
/content/section_01_workspace/data/raw/spamassassin/easy_ham/02175.05074ef986eed2c7c332b0cba9c6dabb,0,57ae027757edcfdf11759162284fe0fc499049ff573d874b9d0463d14d24780b,232959af412bd7e27b083a37a5fa8dcaa5c8a24ab8bc2476f59c9f32d2a16d92,9fe6c87c031a86033fab23cf4e4602aaad86e776f9d85eb03b5e011418e8ebb6,test
/content/section_01_workspace/data/raw/spamassassin/easy_ham/01159.722f7cc3779f8b3d075043e2174378e1,0,f84bd80b96c3efb777669fa1c07f4af3db473f5b973d243f35962e3fcce5d24a,9ed8b0bfcb23704e2b27feeaba3ac05a3db26d2f2aa2518bb725a00ce6146da0,c7fc999ae63032c24d759791b6b51af00b663e898c03138a4e972b624deadab3,test
/content/section_01_workspace/data/raw/spamassassin/easy_ham/02483.ab1bee02c10ddecc0e86c39eaebc2996,0,9652d20567d8ec60f8117880f3164e78824ba7d5244ba7c57034fab0975185a9,0a792967f5c067d5e3e1c87e714b3ee6eeab93ab38343e49cba0e9b75da91b85,c40fab9594860296267df81a3778278be2333012d705de90fc9286f051103112,test
/content/section_01_workspace/data/raw/spamassassin/spam/00433.8ac2ba68fca4bccc0856abe31002a8e9,1,aa506fd1c1c38bf0b89d3b854c0a72abe04ddccafa5c6eaa04a5596360d2e789,94ef6b33438a97c5fb7fa057b48e15e4114a49dd5955f01af6073298dc81aeb8,b84624713b932150d876ff2a56f600b3bcda829f4a54b2903625432bbd94b4c1,test
/content/section_01_workspace/data/raw/spamassassin/easy_ham/00147.fcb1b60290a155a5b837cd290b77a6dd,0,f1bae7e335d611a1331e6927949b618591c646289f25fd244480858d40934847,f085453a90d2740408043fa1e14b692f7ddce2e4fc44b0d699ec66d667ae2b09,c8210c70da93308dfa9ad10efeabac01084715f20bcc1bbdb624863658978994,test
/content/section_01_workspace/data/raw/spamassassin/easy_ham/00022.48098f942c31097d2ef605df44dd8593,0,e5b763be780b7fabbbb1d7005de5a6e7e830cc16a134fd5f6a7cc23293e82273,4aab44acc129512d070aaa5b4376d95738fa31fb37c5cdea0df21a7014d73033,789033c5b59a0ee1e15365b44e4e314081f5d64f19c381efa7f3a04bcca46bac,test
/content/section_01_workspace/data/raw/spamassassin/easy_ham/02479.14365bcad3a60fcf24c5c1813f6291fb,0,436122a0d3173be04b1740e3446e20e3f40b69fbaad07c413cfbf7d7c4dcd5db,62d535e0c076699229f97afc437cccbb5fc086ce8c4ab1a790ef00b38c7f7da0,3d27dab8baaca87ac7dca0eeee245df40437f6459376006d503f2ec1e0101cc6,test
/content/section_01_workspace/data/raw/spamassassin/easy_ham/01703.db99848ddb40f4d5a0694557363c7250,0,db214243d588c310ff72e9b494c459956332a098f2996806f96c9ac1c35bc0d1,13f9beceecdb08429433d25d5d69f02934eaf7dcffb52a682550ce11374cb75e,98bfd304c31fbb2b51151c80c72f2c69f4c1cbc09e2434a36af6cdf8a584518f,test
/content/section_01_workspace/data/raw/spamassassin/spam/00279.1d58a13e343c1e53aca2ed2121a3f815,1,e9efcb9d4200fab707c3b885d764cc7a4bd8d0ece68e96055fb0d872574ee0e1,545538ec929a700ba99105dc7e1dfe49985d80ce1559d1c286bb6d2d9b2d8fd5,9e70edfb478f2d2ea16bb8caaad5d137eaf866a76cee709425b489a5353d8168,test
/content/section_01_workspace/data/raw/spamassassin/easy_ham/00702.bf064c61d1ba308535d0d8af3bcb1789,0,f9c8c412dbaabc1c9bba9a8d5232fc9eed61e55d8c88222d91e9815a5be6625d,dd36001f7467751cc379924b4272fbbfa60c42f421aa930f102d1defbc89c12e,ba2d42b2134c7b9c33d8bc55cd485b3729977aaa3caaaad8b3dfae306f4afb41,test
/content/section_01_workspace/data/raw/spamassassin/easy_ham/00997.3e7c9ac060fb43183adc891520f41ce0,0,e5637599e93824d20fe512a3d0583c5c74a74e9c5c5c01347c623a352428d4a5,ed9122c6cb2e8fcb64018fe231013668f482702598c7c4adee4d4fb77e39b4dc,13da44bafc9c69861f62e4705d029a3ab234fd3ae0b218b71b993d2621b242fe,test
/content/section_01_workspace/data/raw/spamassassin/easy_ham/01395.2b05351de956c6df76680ac3d2c8afc6,0,2de1ab79a44b8552576c6c6fe7a0ba4692f737d0cd998b91b460c7b3d25a4cdf,3fae4831d11bbf54b7bbffea27d1fc2b16eaa8d6b6e3850b39b0aa48c926f2f1,d92ac7b7e4f5509891eca9cdb81cd8940320e6c1efd7f60738600d2f51e32b37,test
/content/section_01_workspace/data/raw/spamassassin/easy_ham/01217.ca4f6cab0653e40829f209aefb242ae0,0,99b11c4852bbe833a2a650b5acc3b235cc1f8b8b0b0cff6f4e70eab7a38af80d,1cf712a435dfc1b17ec8b0f608f129d4877272ae43d026175f0bd468737012b5,f5207ffbbbec7c9f850af4d26b778ea260b6a1ddbabca3281080bae1dfb70ce4,test
/content/section_01_workspace/data/raw/spamassassin/easy_ham/00065.fa593405941ce1f32a29e813493eacf2,0,c199b6ace08cb70e0c28ac8464973c188852369ec9adc06bd22ad3c5d7d65aa4,8666cf2ed03ab2aede0457b8e5a058c441cca6a594d0536bef2333282d79e33d,4c8b36797931e7f5fd5660730bf98c19ec7636e370cd9bc8d71e5089189cc8a8,test
/content/section_01_workspace/data/raw/spamassassin/spam/00396.6fc0d31374c02ec5614f503a09a37211,1,5018ffe3eee45599aafbe64d2650ef99ea89f216165d56f0b59a326a14fa2258,c5e82f1ee9075cbcfb7816084027acd30d113be48ef1fc6a61a2765704106a7f,5529a1f2ad2f20c51365d59dafebe4ebf8b800d66799c6afbce702023e7033e2,test
/content/section_01_workspace/data/raw/spamassassin/easy_ham/00096.3517ca839b03cdf37c14ff9b3667dd98,0,870a9de92b46fa5933d2844ff633e3bdbaf9fabc6d1af7c843f05962ba3460b0,40d84f1e2b46351332c67dab626343b398bab25f5f45e7d7716fdcb1edd819bc,9b5b51aed25a4335da68bdb26942b1096ec731374c6180b33a505e8b6a1104b9,test
/content/section_01_workspace/data/raw/spamassassin/spam/00197.5a921df53d215a60d557c68754559e93,1,7d0f07f6ae9ca012009b441fb6d8ce3b4f8b1eb6ecaef03378fcd47b6d18384a,f815541e0322c9e8da8c223acce6f4a13daeacba5701999f6b72897388138421,3fce9d158a39e8d6fad11868bc01ba11fc217ada06fb71ec0f0e005ab02f656d,test
/content/section_01_workspace/data/raw/spamassassin/easy_ham/01669.d4ebf95243e3b22d80ea63a1f2be06cc,0,b8a783f70b6a0a509e65a11936deb1caa2cd4309c2af8d54b62ad7b7cde101f2,a34dd02103342493e5adb42a15e49cf99d5708c45242aa93caaa7cf586ab8178,2d5d7c4fa5478358435d4785ab93310491546528cd2caf23f503900d12127b2b,test
/content/section_01_workspace/data/raw/spamassassin/easy_ham/00005.bf27cdeaf0b8c4647ecd61b1d09da613,0,3d423e38e9507624f71ce3f4eb10858352b5318f003f1928a261148d6a65c9db,461aa58b3443cfc7d06226a814981d9cd946bf488f3d11d5f088396329e41e2f,ab3f3382316e0dd9b3693bd8f5d95a8e1bc947cc2f4623a10d1369d012386709,test
/content/section_01_workspace/data/raw/spamassassin/easy_ham/01025.11e89c01b958ab83027b5ea3d508998a,0,de88c57acfd232849cc438da42225e53b64ae0196b671e6e73460e2930ed8a74,ce885cc63b0be81fe0f254f64f55977f651bce31d1884af2d46c14602ec340a3,b800117877c0b427a2730530385831a1f408351b174559aff570375c402dedec,test
/content/section_01_workspace/data/raw/spamassassin/easy_ham/00104.1a66c829aa9b0883591a2e8266c18bb2,0,e2a20ccbace8a34f68a838dce913963e332fbe1efe3c87da4b40fe73b96debed,c68f593d1a9a3834b91cda9b4d9a41616531a0f27b8858e645363f3376a740c8,d2ef0062853b45bf2bd73610c8d160e458593f77b3121805ddb96e0e64a51241,test
/content/section_01_workspace/data/raw/spamassassin/easy_ham/01146.fe05a7a131928bf0997793278e203448,0,628025470f39fa7dda1fe3d6b4c4b18a1eab74395c78ba4cf3117f45300c69fd,6f2909cad124eb0e8b7b21fa73caf0fa6f5f000644784843bf7627d9b669187f,e6f11aca5381901f6ecb8f766ad236beec7aa9a262a9a782c069311cf34d696b,test
/content/section_01_workspace/data/raw/spamassassin/spam/00179.2174c80cb3eff623dfc991e51a53eb99,1,f30c802df89257d4346ec516f99cd2a64a181b8af5cc436e2864c9c64548db18,4a9798c969216f989cdf6dd0d21235628336583e6523b0f7a4b9c1cf825408a7,8f8e62cfadbb8d18dac99157fb323b7992942460ad5e26750aa2425a4a5537fe,test
/content/section_01_workspace/data/raw/spamassassin/easy_ham/00036.719795e8d4670c6d8095274b18b59749,0,88177d3852ff0f4f076ea4c7f19b6c98a02b49313744d7147f1a7f6199743fff,4831d5d507f3415a9fad66360dac02895c669e317e2180efb50b79a61a99477b,02d46b910a2cfb40d25bfbbf20a05477f042e6d0e59a894418ac54310b3a605b,test
/content/section_01_workspace/data/raw/spamassassin/spam/00429.0061e48e64f9ce93ffae69bba9151357,1,102c6778e128a221603aa970021b90f3888be434cedee6d45b18f207611fe2cc,b3705f3801ff6d5f2677523463b62a7be2da8e8a2c6c824b4f2bcee285672ee3,4f190287837d0fd3b4895b534507c514305494bb71f919869f4f33219b9b6e5c,test
/content/section_01_workspace/data/raw/spamassassin/easy_ham/01643.e3c2e047714a395c583f80730acd3762,0,7747ca3b828056071e1a9afda244cc37c4d5f3ec5d60bc0f448a966b6eea96b1,79cc8a8937672c52c793f88ee94446c8ad9eee7598c6bec7561e02690668fc11,37bc230fe0ce0dd664b820c4b886b448db91fd820ea47209591d3b864b21df4b,test
/content/section_01_workspace/data/raw/spamassassin/easy_ham/00123.91b85aaea560d92f9199f9ba74e77918,0,656698231229962615ae44d491a30d803e8a668780d85816998db1a7fb26ea52,3c556c924a1ed65de327e94ecbe5f61225c95b32fa828105d6068b0c6d0787f0,738d47969848fbf174be979db59310c7f532dbb2efab76bdc7209d3bf1f08e63,test
/content/section_01_workspace/data/raw/spamassassin/easy_ham/00400.ff81f656b45e5f910a2a64116ea00fc8,0,296f3fe65b87736f5232788d0f45042fb0a9efa4e0f3c385c2283029ba90104d,a1417969dc6712cc1c2153f80cbb825b03bdce9ec9feff14551985f1615ffa24,aa6a0bf213dc93d73ad0004cf187f2834f4b6f0204309954f4bfa0d10661bcb9,test
/content/section_01_workspace/data/raw/spamassassin/easy_ham/00246.b7cc35e095c9fae344813bf6e1bc681a,0,1e36bbae976a73b50d133d684716c60f3a5c70fab4ce497577d9f974e3533a39,26f0ad770d4d81e2e3bd35fee6377e74df2c88f730d6b73227b837dd2445056b,c8e8669802d5d0b1b4b8b6a63c441eafec16c17f024aacdb59efb1e4b0f92d53,test
/content/section_01_workspace/data/raw/spamassassin/easy_ham/01351.17df08b43e42781f7e92b91a3ee174b1,0,35f96d15cf5f29ea2e1f6cc3ef2e184b6792b223f214aa94f3078a4907c38f15,641ab8cefb7a6ca50b1281fd932407fc8fcc7c9ef1e06f73c8969d31974c7a60,c71f15f729f057e8349dff7458cf1b5ed9118dfd092e2a966921d09e62622b72,test
/content/section_01_workspace/data/raw/spamassassin/easy_ham/00421.805fdd426ce515374b9e0b42a83a4042,0,59a6ad970a961a1db458f0d2cd590e29705c0b687ba5a9640068e01e152aaa5f,bb27464c84c9729bd548d789c873ad59feb64b183732d35d92c7eafce6fcc904,dc0f9a4baf4fe3462e0034a3623e52384e07a64160f35616d5aff18208063b4f,test
/content/section_01_workspace/data/raw/spamassassin/spam/00389.6222f886a2658f890c49f1853beea193,1,24e13247c0ff96616a5b6c6cf2caf2fffd962246fbb0c3dd14474d311b1d350c,685c96ac46a5d466025a151667560d335e3e253bb562f6ee1f09e4fa1576c5b8,7fa08aaaa67c306120fdae3ee1952fe43e6c28575e4c3a299b48c70cf1988313,test
/content/section_01_workspace/data/raw/spamassassin/easy_ham/00706.a5e10c660dcdf09e6e760d87c0589b9b,0,d5364cc5b2c01db3cc6c5418017767985a686efa8ab2fac7a2f0af70d8d91370,196acbfcf5d1eede87523cae4227093ed263fb168f614cad34eabf0df4b7d0ff,1f5d6166d376d9e726af5ae1a0f62889fb39394282461429315ed131bcbb9f94,test
/content/section_01_workspace/data/raw/spamassassin/easy_ham/00161.e75ee4467e41dd1d5f5156f2b9ca5bd8,0,94500734a35d4839a5af55b18f1d1672c4d792ad11916a7697ab1c48fa2e7913,8940789d07305d1a02e6705f620054d10529ebfee2f8f516f89dc3c9cf43574b,5e15f710f8ee644f7a0edb071d064183aea3840d0a816051dda64b84b8020a7d,test
/content/section_01_workspace/data/raw/spamassassin/easy_ham/01188.fc8b5d073a903f3de50d4b8e49457b9b,0,5bc105f9e75e647b62a7e40af79d1bb84ec336beffe5d7862765bfdf4e4ead6c,b6f9963ba9253baa9fd377488e6993964da0611103a95fc3211a8f28c3cf6869,4be7ae6f9c75bc2e3488694004446487f79df3699378f6b089ba37eed3a7adfd,test
/content/section_01_workspace/data/raw/spamassassin/spam/00160.cec5f611ae665ff0add6c4928d47f2be,1,e55cd58102e4aa11f24b135168815b3f2e06a61519e4368d8112bea88196f885,974de9e7a64358975772e9d22ef5827c6e74918f1eb2983ffe0c24a21f8c1847,2166f77c8016aeb7472ec04afd28707fb6c0460c9efa44b78ee825c6914b8c54,test
/content/section_01_workspace/data/raw/spamassassin/easy_ham/01302.06ac4ee24e3c434afa330b8c0408649b,0,3d1b9c12fda2768f7c084171b71da45df8ecfe61abd48dc58ccd340caade6865,f277dad51b91400f964c01d45635a2b44e82290ddb67d5dcf2b6b0a9402c8950,0111bb6be0d782d71487007d61598ba311562a450b3610ea52e99fb72dfaa306,test
/content/section_01_workspace/data/raw/spamassassin/easy_ham/00294.73bcb5b3dfaccc628419d7ecfe69ff1b,0,cde2da32b30ea8a9719cb2fdb5c0e664d0a135f25404809650bc42f18bdf4b27,8b7c70a02ced8742991eb86cf76f36bb384202fd04bcb726494bf862f688c5c1,e951ed1d3d7e468bfcfd1c9eaf8b461525ec0cbc0017dd99164aef283d559fdb,test
/content/section_01_workspace/data/raw/spamassassin/easy_ham/01691.6057cf5e982869286b4742cee5639a4b,0,400186a14877c965c0ebdadd5d24120088808553eabac0ae34c3034b66bed12a,d2a47ec82c05594992a3ba9ceb344048ba5effcef4c1ae2dc8d3e3f64876d897,ed60c1d39acf1d01def842b6e9cef86bd4a7be6638fdd240007648f5f0ea69a1,test
/content/section_01_workspace/data/raw/spamassassin/easy_ham/00767.d5b223070f2a19834daa88bc4338354d,0,639be331dad56c2872f14f5f8f91d666dbf1b2fefd47968f8da90a0dae18d2a4,bd25d48a7fb8fd6cac8fce4f568d22f70cc6dcc1bb1c075a80dbd0bdc0e9041b,84d4270dabefe9519a21365c132034448dde9843215705e6981e2613ade79179,test
/content/section_01_workspace/data/raw/spamassassin/easy_ham/02373.45f4057eab005d140507e72867f7a3c0,0,635350a9a375211df844c856702ee90ea1a9be922858f1acdd179698e86aca5b,adf19b62b12d11473c5e4d16c1ff3f59d8cbe9daf7be183ffd6f2a5cde1ddd8d,a91f592857ad346a477c8b07892750f8451a39a4e0e0b5e73067395bbbf748f9,test
/content/section_01_workspace/data/raw/spamassassin/easy_ham/02456.2d80a710374d58fdaec212af6d791179,0,f137b1d8ceff14b46e520cc76704cc11cc8e1d89b4597a7df6b1844353bf0712,484b022a1c787483bccbcec486f657e3ac736cec0a55ca9a5a44fcff6be863d0,06d0c4a08c6a07d9fc0a83c7653b5690a955c0dc6db776fc5eb9e6190f2e80d9,test
/content/section_01_workspace/data/raw/spamassassin/spam/00142.eddc7114a8566cbf83fa8210bf0d3603,1,3b72fc89f045b050b22c3acf7dbb800cd71012467270014cf007a3bc1afb2760,4bd8c0337912c4c8c03a3103cfa6bfe1ba79f123ba1f679c5fd6a1d33da99072,f16a726a402c416354d352e71f2aba0dc2aa8fa97aaeea0cd8771c3b9c8f46dc,test
/content/section_01_workspace/data/raw/spamassassin/easy_ham/01243.4288f9b90d18390df79cd4d6f95feee5,0,518d834283106799bfe065a5ababd16baf1e28326d393dbd066fccea905c3eb9,ee67754de0c4e136bf629fde865c4963fcc77f5ddfec4c19b8e5ad28d79b4b39,4863bf5a0723845be4fcdb169d939a52b90986fdd1e2ebae8514f3df0d0dfbc8,test
/content/section_01_workspace/data/raw/spamassassin/easy_ham/00875.b8e33b6137c804fbf4e77135aeae2283,0,191326b4512788b939a5c4b0a8e4325fec529e6e2c5337b1987e9f72701c4367,7bdf7c35098ae2c50a47e6cedef6829f0d8c2fe03825b736631f873016eae2b1,be188e7e753b2f2c698e44e9ede6eff460dee63216cb26311e71e8ad727ff7f6,test
/content/section_01_workspace/data/raw/spamassassin/easy_ham/01653.b13797de35037c4f26356e89ba3f9fb1,0,fb6830520893c3271d4e3073ca93ca5590904a27464f38de9f1e0d6885824408,21e6153866641b139253b59a1a01b80685b7f3802deb5804b1ade42d83b07d46,7d311159d60f18363442b7d79427b137f339b6614c44855b2e599e7695b0d743,test
/content/section_01_workspace/data/raw/spamassassin/easy_ham/00478.416296a9700921997bbda37e62c65035,0,3508047ff465424d83bed17db0b360c9a0ae3ba5c1c6f736df391071f9af0707,614dbaf2ee9e932aa8c3ca0ce51faa1bf3fefb05174f1fd7272f6a3b6da65e38,3da6c4f5f942a782766acd88158864d2eefab0e53b0888b313fc6d833dab9614,test
/content/section_01_workspace/data/raw/spamassassin/easy_ham/00198.abf0f5bd6209bb8e268d51902158e0aa,0,34cde469d0c4292e3667614b6b7442c305ee81cf427a5613696ee1150157a207,7c4fd7634d349d61466fee69c1a08d672244dcd32af7a19c9527628786807558,1c18c66f28e2c836b33875a26cb4ce976b34ca7165e69ab3ea36f936f2d9d86d,test
/content/section_01_workspace/data/raw/spamassassin/easy_ham/01017.6b308cae901605ef24e3cb038d89c3f7,0,d03c8c86981878e7ca9e38a5ede92893f10d685a7c502756c1f557e964583f6f,d6ab3212176a1f7cd614444671f9983b56822980ba21e6dea5f57dd7bab5c684,3736e1e80e459afae8e8a716fd2b7f7bfe9177062a3972ae48650aa9e01f385a,test
/content/section_01_workspace/data/raw/spamassassin/easy_ham/01602.2fd825dddd8dd74f7f82b2d93aeafc8e,0,7e11657104825cb47eaf8342a4a35158d589698b3d53bf8fd5bc1182097afaa9,ee8abcb9376d7420d2de02a4462ccc0adf60ee6d7369f744f2921c7c80eaeb95,f8d8759367889c95c9647d8111c5acf219ff2e9ce20a92a298681375974c5151,test
/content/section_01_workspace/data/raw/spamassassin/easy_ham/01056.3b111e8f39863835cc7133841b4649b5,0,4a01ebe31f5063fb0f3c3c3ab056e8e6d8b90b298da4744a433a866d111243ee,2ba4e2092f4caeefb0346b6fd4f75e7765552530c56fbdbd5001170f28a1e976,f542e254d9f7a55f3d78dbd17e5d020bf38d7bc53ae29a16abbf07d2f5ceb30c,test
/content/section_01_workspace/data/raw/spamassassin/easy_ham/01756.0e8cedd7ff0e281e2da6e6c40fd177a8,0,db1c6030f12d55c704a9c015460bcaa509c66e69c798c0c37bd1c1f32c93e75e,f6117b50e2413bdd44e13fe2e9125cbaf7d43e1cef58020fdc076a5111762635,81c1d0c523e0c238c6a861a552a5b9d28f0d996f09332e807784bcb75b8b5944,test
/content/section_01_workspace/data/raw/spamassassin/easy_ham/02393.fd8a3a8ebc19951bcfb868ead80f0a49,0,35238dc3252bb86e9a479cef79bf6547076acb57ece8280343d22ffe3e6f8225,6a10a6603df48dc0d6efca2c5f923c3b7cb3176f1c502e4722017fced3117b1f,7cfec477765fbfd4b20cd51ccb2c958dcaa80a351e0774b360ca4b3e6f12a558,test
/content/section_01_workspace/data/raw/spamassassin/easy_ham/01828.11c5a509322a65af2e98181f5a47b8b1,0,9f17203c96585f80afc726f5df301f28b0f7e2cdeeaa0afa4149536f94c61d21,a933e77c8b4f3fe28a0a846a6e4e93565b6a211cb2e68ed16aa38e0f52e2471b,b63d2d6e6e41f594b897a1dc8cc703eea3af8e1f8b54cfa2220b08e482396416,test
